timestamp,label,cpu_percent,ram_used_mb,ram_percent,proc_ram_used_mb,gpu_util_percent,gpu_mem_used_mb,gpu_mem_free_mb,gpu_mem_total_mb,gpu_temp_c,gpu_power_w
2026-04-15 10:31:12.596,yolo_start,0.0,5328.6,45.3,41.4,0,58.3,1989.7,2048.0,42,N/A
2026-04-15 10:31:13.110,EngineOCRFactory._setup_engine,33.1,5465.6,46.4,313.7,0,58.3,1989.7,2048.0,43,N/A
2026-04-15 10:31:13.611,EngineOCRFactory._setup_engine,13.0,5532.6,47.0,377.5,0,58.3,1989.7,2048.0,43,N/A
2026-04-15 10:31:14.135,EngineOCRFactory._setup_engine,12.6,5565.1,47.3,419.1,0,58.3,1989.7,2048.0,43,N/A
2026-04-15 10:31:14.654,EngineOCRFactory._run,22.5,5779.3,49.1,618.4,0,60.4,1987.6,2048.0,43,N/A
2026-04-15 10:31:15.156,EngineOCRFactory._run,49.3,5850.2,49.7,677.4,0,60.4,1987.6,2048.0,43,N/A
2026-04-15 10:31:15.657,EngineOCRFactory._run,39.7,5847.5,49.7,673.0,0,60.4,1987.6,2048.0,44,N/A
2026-04-15 10:31:16.158,EngineOCRFactory._run,2.3,5849.2,49.7,673.1,0,60.4,1987.6,2048.0,44,N/A
2026-04-15 10:31:16.665,EngineOCRFactory._run,2.4,5850.4,49.7,676.1,0,60.4,1987.6,2048.0,43,N/A
2026-04-15 10:31:17.181,EngineOCRFactory._run,13.1,6104.0,51.8,926.8,0,60.4,1987.6,2048.0,43,N/A
2026-04-15 10:31:17.682,EngineOCRFactory._run,49.9,6104.0,51.8,926.8,0,60.4,1987.6,2048.0,44,N/A
2026-04-15 10:31:18.184,EngineOCRFactory._run,22.2,6221.5,52.8,1461.4,0,60.4,1987.6,2048.0,44,N/A
2026-04-15 10:31:18.685,EngineOCRFactory._run,40.8,6259.0,53.2,1074.7,0,60.4,1987.6,2048.0,44,N/A
2026-04-15 10:31:19.194,MangaOCRExtractor.extract from ./tmp/yolo-1024-95pbt-5pbv-cpu/crops_AisazuNihaIrarenai_001_L/AisazuNihaIrarenai_001_L_bubble_001.png,37.8,6259.7,53.2,1079.9,0,60.4,1987.6,2048.0,44,N/A
2026-04-15 10:31:19.958,yolo_start,100.0,5374.5,45.6,41.4,0,58.3,1989.7,2048.0,44,N/A
2026-04-15 10:31:20.462,EngineOCRFactory._setup_engine,33.6,5510.9,46.8,315.9,0,58.3,1989.7,2048.0,44,N/A
2026-04-15 10:31:20.979,EngineOCRFactory._setup_engine,12.9,5573.5,47.3,379.8,0,58.3,1989.7,2048.0,44,N/A
2026-04-15 10:31:21.485,EngineOCRFactory._setup_engine,12.4,5598.3,47.5,420.9,0,58.3,1989.7,2048.0,44,N/A
2026-04-15 10:31:21.987,EngineOCRFactory._run,23.3,5785.1,49.1,601.4,0,60.4,1987.6,2048.0,45,N/A
2026-04-15 10:31:22.489,EngineOCRFactory._run,48.9,5867.8,49.8,704.2,0,60.4,1987.6,2048.0,45,N/A
2026-04-15 10:31:22.990,EngineOCRFactory._run,40.5,5835.7,49.6,677.6,0,60.4,1987.6,2048.0,45,N/A
2026-04-15 10:31:23.500,EngineOCRFactory._run,3.4,5841.8,49.6,680.2,0,60.4,1987.6,2048.0,45,N/A
2026-04-15 10:31:24.017,EngineOCRFactory._run,3.4,5842.0,49.6,683.4,0,60.4,1987.6,2048.0,45,N/A
2026-04-15 10:31:24.519,EngineOCRFactory._run,18.2,6088.3,51.7,924.7,0,60.4,1987.6,2048.0,45,N/A
2026-04-15 10:31:25.020,EngineOCRFactory._run,47.6,6116.0,51.9,951.0,0,60.4,1987.6,2048.0,45,N/A
2026-04-15 10:31:25.521,EngineOCRFactory._run,17.0,6195.7,52.6,1289.1,0,60.4,1987.6,2048.0,45,N/A
2026-04-15 10:31:26.023,EngineOCRFactory._run,49.0,6231.3,52.9,1068.1,0,60.4,1987.6,2048.0,45,N/A
2026-04-15 10:31:26.524,MangaOCRExtractor.extract from ./tmp/yolo-1024-95pbt-5pbv-cpu/crops_AisazuNihaIrarenai_002_L/AisazuNihaIrarenai_002_L_bubble_002.png,52.1,6233.3,52.9,1072.7,0,60.4,1987.6,2048.0,46,N/A
2026-04-15 10:31:27.025,MangaOCRExtractor.extract from ./tmp/yolo-1024-95pbt-5pbv-cpu/crops_AisazuNihaIrarenai_002_L/AisazuNihaIrarenai_002_L_bubble_004.png,51.6,6234.5,52.9,1072.8,0,60.4,1987.6,2048.0,46,N/A
2026-04-15 10:31:27.527,MangaOCRExtractor.extract from ./tmp/yolo-1024-95pbt-5pbv-cpu/crops_AisazuNihaIrarenai_002_L/AisazuNihaIrarenai_002_L_bubble_006.png,51.9,6233.9,52.9,1075.1,0,60.4,1987.6,2048.0,46,N/A
2026-04-15 10:31:28.028,MangaOCRExtractor.extract from ./tmp/yolo-1024-95pbt-5pbv-cpu/crops_AisazuNihaIrarenai_002_R/AisazuNihaIrarenai_002_R_bubble_008.png,51.7,6233.9,52.9,1075.1,0,60.4,1987.6,2048.0,47,N/A
2026-04-15 10:31:28.529,MangaOCRExtractor.extract from ./tmp/yolo-1024-95pbt-5pbv-cpu/crops_AisazuNihaIrarenai_002_R/AisazuNihaIrarenai_002_R_bubble_010.png,51.6,6233.9,52.9,1075.1,0,60.4,1987.6,2048.0,47,N/A
2026-04-15 10:31:29.030,MangaOCRExtractor.extract from ./tmp/yolo-1024-95pbt-5pbv-cpu/crops_AisazuNihaIrarenai_002_R/AisazuNihaIrarenai_002_R_bubble_011.png,51.5,6234.3,52.9,1075.1,0,60.4,1987.6,2048.0,47,N/A
2026-04-15 10:31:29.532,MangaOCRExtractor.extract from ./tmp/yolo-1024-95pbt-5pbv-cpu/crops_AisazuNihaIrarenai_002_R/AisazuNihaIrarenai_002_R_bubble_013.png,52.1,6233.8,52.9,1075.2,0,60.4,1987.6,2048.0,48,N/A
2026-04-15 10:31:30.033,MangaOCRExtractor.extract from ./tmp/yolo-1024-95pbt-5pbv-cpu/crops_AisazuNihaIrarenai_002_R/AisazuNihaIrarenai_002_R_bubble_014.png,50.9,6233.8,52.9,1075.2,0,60.4,1987.6,2048.0,48,N/A
2026-04-15 10:31:30.539,MangaOCRExtractor.extract from ./tmp/yolo-1024-95pbt-5pbv-cpu/crops_AisazuNihaIrarenai_002_R/AisazuNihaIrarenai_002_R_bubble_014.png,38.5,6239.6,53.0,1080.2,0,60.4,1987.6,2048.0,48,N/A
2026-04-15 10:31:31.067,Translating 考えてみればー,29.8,6240.0,53.0,1082.1,0,60.4,1987.6,2048.0,48,N/A
2026-04-15 10:31:31.568,Translating 考えてみればー,50.0,6240.3,53.0,1082.1,0,60.4,1987.6,2048.0,49,N/A
2026-04-15 10:31:32.069,Translating 電源ＩＮ,48.6,6234.7,52.9,1082.1,0,60.4,1987.6,2048.0,49,N/A
2026-04-15 10:31:32.570,Translating 電源ＩＮ,50.1,6235.0,53.0,1082.1,0,60.4,1987.6,2048.0,49,N/A
2026-04-15 10:31:33.071,Translating スイッチＯＮ,47.3,6225.6,52.9,1082.2,0,60.4,1987.6,2048.0,49,N/A
2026-04-15 10:31:33.572,Translating スイッチＯＮ,49.7,6225.6,52.9,1082.2,0,60.4,1987.6,2048.0,50,N/A
2026-04-15 10:31:34.073,Translating あいつよくひとりであそこまでやれるな,48.0,6211.2,52.7,1082.2,0,60.4,1987.6,2048.0,50,N/A
2026-04-15 10:31:34.574,Translating あいつよくひとりであそこまでやれるな,49.6,6213.3,52.8,1082.2,0,60.4,1987.6,2048.0,50,N/A
2026-04-15 10:31:35.075,Translating あいつよくひとりであそこまでやれるな,50.5,6213.2,52.8,1082.2,0,60.4,1987.6,2048.0,50,N/A
2026-04-15 10:31:35.576,Translating あいつよくひとりであそこまでやれるな,50.0,6221.4,52.8,1082.2,0,60.4,1987.6,2048.0,51,N/A
2026-04-15 10:31:36.077,Translating あいつよくひとりであそこまでやれるな,50.1,6217.8,52.8,1082.2,0,60.4,1987.6,2048.0,51,N/A
2026-04-15 10:31:36.578,Translating あいつよくひとりであそこまでやれるな,50.1,6211.0,52.7,1082.2,0,60.4,1987.6,2048.0,51,N/A
2026-04-15 10:31:37.079,Translating 準備ＯＫ！！,48.6,6202.6,52.7,1082.2,0,60.4,1987.6,2048.0,51,N/A
2026-04-15 10:31:37.580,Translating 準備ＯＫ！！,50.1,6202.4,52.7,1082.2,0,60.4,1987.6,2048.0,51,N/A
2026-04-15 10:31:38.084,Translating たけてるだけです！,53.6,6207.5,52.7,1082.2,0,60.4,1987.6,2048.0,51,N/A
2026-04-15 10:31:38.585,Translating たけてるだけです！,42.1,6215.2,52.8,1082.2,0,60.4,1987.6,2048.0,52,N/A
2026-04-15 10:31:39.086,Translating たけてるだけです！,50.0,6213.8,52.8,1082.2,0,60.4,1987.6,2048.0,52,N/A
2026-04-15 10:31:39.587,Translating たけてるだけです！,50.5,6215.0,52.8,1082.2,0,60.4,1987.6,2048.0,52,N/A
2026-04-15 10:31:40.088,Translating たけてるだけです！,50.0,6213.6,52.8,1082.2,0,60.4,1987.6,2048.0,52,N/A
2026-04-15 10:31:40.589,Translating ではさっそく,50.8,6197.6,52.6,1082.2,0,60.4,1987.6,2048.0,52,N/A
2026-04-15 10:31:41.090,Translating ではさっそく,47.0,6193.3,52.6,1082.2,0,60.4,1987.6,2048.0,52,N/A
2026-04-15 10:31:41.591,Translating ではさっそく,50.1,6194.6,52.6,1082.2,0,60.4,1987.6,2048.0,53,N/A
2026-04-15 10:31:42.092,Translating 若葉が最高に美しい季節,51.7,6192.5,52.6,1082.2,0,60.4,1987.6,2048.0,53,N/A
2026-04-15 10:31:42.593,Translating 若葉が最高に美しい季節,42.6,6207.2,52.7,1082.2,0,60.4,1987.6,2048.0,53,N/A
2026-04-15 10:31:43.094,Translating 若葉が最高に美しい季節,50.0,6211.1,52.7,1082.2,0,60.4,1987.6,2048.0,53,N/A
2026-04-15 10:31:43.595,Translating 若葉が最高に美しい季節,49.9,6215.2,52.8,1082.2,0,60.4,1987.6,2048.0,53,N/A
2026-04-15 10:31:44.096,Translating 若葉が最高に美しい季節,50.3,6206.8,52.7,1082.2,0,60.4,1987.6,2048.0,53,N/A
2026-04-15 10:31:44.597,Translating 試運転といってみるかな,48.2,6206.6,52.7,1082.2,0,60.4,1987.6,2048.0,53,N/A
2026-04-15 10:31:45.098,Translating 試運転といってみるかな,45.7,6202.1,52.7,1082.2,0,60.4,1987.6,2048.0,53,N/A
2026-04-15 10:31:45.599,Translating 試運転といってみるかな,50.0,6206.1,52.7,1082.2,0,60.4,1987.6,2048.0,53,N/A
2026-04-15 10:31:46.100,Translating 試運転といってみるかな,49.7,6207.0,52.7,1082.2,0,60.4,1987.6,2048.0,53,N/A
2026-04-15 10:31:46.602,Translating いつのまにか時はもう５月,57.0,6207.8,52.7,1082.2,0,60.4,1987.6,2048.0,53,N/A
2026-04-15 10:31:47.103,Translating いつのまにか時はもう５月,33.8,6225.3,52.9,1082.2,0,60.4,1987.6,2048.0,53,N/A
2026-04-15 10:31:47.604,Translating いつのまにか時はもう５月,50.5,6225.1,52.9,1082.2,0,60.4,1987.6,2048.0,53,N/A
2026-04-15 10:31:48.105,Translating いつのまにか時はもう５月,50.0,6225.0,52.9,1082.2,0,60.4,1987.6,2048.0,53,N/A
2026-04-15 10:31:48.606,Translating いつのまにか時はもう５月,49.9,6224.3,52.9,1082.2,0,60.4,1987.6,2048.0,53,N/A
2026-04-15 10:31:49.107,Translating いつのまにか時はもう５月,49.5,6224.0,52.9,1082.2,0,60.4,1987.6,2048.0,53,N/A
2026-04-15 10:31:49.608,Translating パチンコでとった金は大きかった！！,57.8,6223.4,52.9,1082.2,0,60.4,1987.6,2048.0,52,N/A
2026-04-15 10:31:50.110,Translating パチンコでとった金は大きかった！！,35.8,6230.0,52.9,1082.2,0,60.4,1987.6,2048.0,52,N/A
2026-04-15 10:31:50.611,Translating パチンコでとった金は大きかった！！,50.4,6230.4,52.9,1082.2,0,60.4,1987.6,2048.0,52,N/A
2026-04-15 10:31:51.112,Translating パチンコでとった金は大きかった！！,49.8,6232.8,52.9,1082.2,0,60.4,1987.6,2048.0,52,N/A
2026-04-15 10:31:51.613,Translating パチンコでとった金は大きかった！！,50.1,6232.7,52.9,1082.2,0,60.4,1987.6,2048.0,52,N/A
2026-04-15 10:31:52.115,Translating こういう季節ってするで感激しちゃうね！！,52.6,6225.8,52.9,1082.2,0,60.4,1987.6,2048.0,52,N/A
2026-04-15 10:31:52.616,Translating こういう季節ってするで感激しちゃうね！！,41.2,6209.2,52.7,1082.2,0,60.4,1987.6,2048.0,52,N/A
2026-04-15 10:31:53.117,Translating こういう季節ってするで感激しちゃうね！！,50.1,6209.2,52.7,1082.2,0,60.4,1987.6,2048.0,52,N/A
2026-04-15 10:31:53.618,Translating こういう季節ってするで感激しちゃうね！！,49.7,6207.2,52.7,1082.2,0,60.4,1987.6,2048.0,52,N/A
2026-04-15 10:31:54.120,Translating こういう季節ってするで感激しちゃうね！！,49.8,6207.4,52.7,1082.2,0,60.4,1987.6,2048.0,52,N/A
2026-04-15 10:31:54.621,Translating こういう季節ってするで感激しちゃうね！！,50.1,6207.4,52.7,1082.2,0,60.4,1987.6,2048.0,52,N/A
2026-04-15 10:31:55.122,Translating つ．．．ついに買ったのね！！ピカピカのひとり用炊飯器を！！,57.1,6205.3,52.7,1082.2,0,60.4,1987.6,2048.0,52,N/A
2026-04-15 10:31:55.623,Translating つ．．．ついに買ったのね！！ピカピカのひとり用炊飯器を！！,37.0,6227.1,52.9,1082.2,0,60.4,1987.6,2048.0,52,N/A
2026-04-15 10:31:56.124,Translating つ．．．ついに買ったのね！！ピカピカのひとり用炊飯器を！！,50.1,6226.9,52.9,1082.2,0,60.4,1987.6,2048.0,52,N/A
2026-04-15 10:31:56.625,Translating つ．．．ついに買ったのね！！ピカピカのひとり用炊飯器を！！,50.3,6227.7,52.9,1082.2,0,60.4,1987.6,2048.0,52,N/A
2026-04-15 10:31:57.126,Translating つ．．．ついに買ったのね！！ピカピカのひとり用炊飯器を！！,49.9,6226.8,52.9,1082.2,0,60.4,1987.6,2048.0,52,N/A
2026-04-15 10:31:57.628,Translating つ．．．ついに買ったのね！！ピカピカのひとり用炊飯器を！！,49.9,6227.6,52.9,1082.2,0,60.4,1987.6,2048.0,52,N/A
2026-04-15 10:31:58.129,Translating つ．．．ついに買ったのね！！ピカピカのひとり用炊飯器を！！,49.8,6225.3,52.9,1082.2,0,60.4,1987.6,2048.0,52,N/A
2026-04-15 10:31:58.630,Translating つ．．．ついに買ったのね！！ピカピカのひとり用炊飯器を！！,51.4,6226.6,52.9,1082.2,0,60.4,1987.6,2048.0,52,N/A
2026-04-15 10:31:59.131,BubbleTypesetter._apply_cleaning,53.0,6222.9,52.8,1082.3,0,60.4,1987.6,2048.0,52,N/A
2026-04-15 10:31:59.637,BubbleTypesetter._process_bubble,26.5,6223.1,52.8,1089.1,0,60.4,1987.6,2048.0,52,N/A
2026-04-15 10:32:00.142,BubbleTypesetter._apply_cleaning,12.6,6223.1,52.8,1089.1,0,60.4,1987.6,2048.0,52,N/A
2026-04-15 10:32:00.648,BubbleTypesetter._wrap_text_pixel_width,12.7,6223.2,52.8,1089.3,0,60.4,1987.6,2048.0,52,N/A
2026-04-15 10:32:01.208,BubbleTypesetter._apply_cleaning,12.7,6223.4,52.9,1089.3,0,60.4,1987.6,2048.0,52,N/A
2026-04-15 10:32:02.085,yolo_start,0.0,5330.5,45.3,41.4,0,58.3,1989.7,2048.0,52,N/A
2026-04-15 10:32:02.590,EngineOCRFactory._setup_engine,35.2,5483.3,46.6,316.0,0,58.3,1989.7,2048.0,52,N/A
2026-04-15 10:32:03.113,EngineOCRFactory._setup_engine,12.7,5546.7,47.1,379.8,0,58.3,1989.7,2048.0,52,N/A
2026-04-15 10:32:03.625,EngineOCRFactory._setup_engine,12.6,5573.9,47.3,421.0,0,58.3,1989.7,2048.0,51,N/A
2026-04-15 10:32:04.130,EngineOCRFactory._run,24.3,5805.5,49.3,623.9,0,60.4,1987.6,2048.0,51,N/A
2026-04-15 10:32:04.632,EngineOCRFactory._run,48.5,5850.8,49.7,665.6,0,60.4,1987.6,2048.0,52,N/A
2026-04-15 10:32:05.134,EngineOCRFactory._run,40.1,5868.7,49.8,694.1,0,60.4,1987.6,2048.0,52,N/A
2026-04-15 10:32:05.644,EngineOCRFactory._run,3.4,5871.7,49.9,695.9,0,60.4,1987.6,2048.0,52,N/A
2026-04-15 10:32:06.152,EngineOCRFactory._run,3.4,5871.7,49.9,698.5,0,60.4,1987.6,2048.0,51,N/A
2026-04-15 10:32:06.653,EngineOCRFactory._run,17.0,6109.7,51.9,929.8,0,60.4,1987.6,2048.0,51,N/A
2026-04-15 10:32:07.154,EngineOCRFactory._run,49.2,6126.5,52.0,948.0,0,60.4,1987.6,2048.0,51,N/A
2026-04-15 10:32:07.655,EngineOCRFactory._run,17.7,6226.7,52.9,1464.4,0,60.4,1987.6,2048.0,51,N/A
2026-04-15 10:32:08.157,EngineOCRFactory._run,33.4,6261.9,53.2,1080.1,0,60.4,1987.6,2048.0,51,N/A
2026-04-15 10:32:08.658,MangaOCRExtractor.extract from ./tmp/yolo-1024-95pbt-5pbv-cpu/crops_AisazuNihaIrarenai_003_L/AisazuNihaIrarenai_003_L_bubble_002.png,51.9,6274.5,53.3,1094.0,0,60.4,1987.6,2048.0,51,N/A
2026-04-15 10:32:09.159,MangaOCRExtractor.extract from ./tmp/yolo-1024-95pbt-5pbv-cpu/crops_AisazuNihaIrarenai_003_L/AisazuNihaIrarenai_003_L_bubble_004.png,51.0,6277.2,53.3,1098.6,0,60.4,1987.6,2048.0,52,N/A
2026-04-15 10:32:09.661,MangaOCRExtractor.extract from ./tmp/yolo-1024-95pbt-5pbv-cpu/crops_AisazuNihaIrarenai_003_L/AisazuNihaIrarenai_003_L_bubble_005.png,51.9,6278.6,53.3,1101.0,0,60.4,1987.6,2048.0,52,N/A
2026-04-15 10:32:10.162,MangaOCRExtractor.extract from ./tmp/yolo-1024-95pbt-5pbv-cpu/crops_AisazuNihaIrarenai_003_L/AisazuNihaIrarenai_003_L_bubble_006.png,50.9,6278.7,53.3,1101.0,0,60.4,1987.6,2048.0,52,N/A
2026-04-15 10:32:10.664,MangaOCRExtractor.extract from ./tmp/yolo-1024-95pbt-5pbv-cpu/crops_AisazuNihaIrarenai_003_R/AisazuNihaIrarenai_003_R_bubble_008.png,51.9,6278.9,53.3,1101.0,0,60.4,1987.6,2048.0,52,N/A
2026-04-15 10:32:11.165,MangaOCRExtractor.extract from ./tmp/yolo-1024-95pbt-5pbv-cpu/crops_AisazuNihaIrarenai_003_R/AisazuNihaIrarenai_003_R_bubble_009.png,51.0,6278.9,53.3,1101.0,0,60.4,1987.6,2048.0,52,N/A
2026-04-15 10:32:11.666,MangaOCRExtractor.extract from ./tmp/yolo-1024-95pbt-5pbv-cpu/crops_AisazuNihaIrarenai_003_R/AisazuNihaIrarenai_003_R_bubble_010.png,51.1,6279.2,53.3,1101.0,0,60.4,1987.6,2048.0,53,N/A
2026-04-15 10:32:12.167,MangaOCRExtractor.extract from ./tmp/yolo-1024-95pbt-5pbv-cpu/crops_AisazuNihaIrarenai_003_R/AisazuNihaIrarenai_003_R_bubble_011.png,51.1,6277.5,53.3,1101.1,0,60.4,1987.6,2048.0,53,N/A
2026-04-15 10:32:12.668,MangaOCRExtractor.extract from ./tmp/yolo-1024-95pbt-5pbv-cpu/crops_AisazuNihaIrarenai_003_R/AisazuNihaIrarenai_003_R_bubble_012.png,51.2,6278.5,53.3,1101.1,0,60.4,1987.6,2048.0,53,N/A
2026-04-15 10:32:13.170,MangaOCRExtractor.extract from ./tmp/yolo-1024-95pbt-5pbv-cpu/crops_AisazuNihaIrarenai_003_R/AisazuNihaIrarenai_003_R_bubble_013.png,51.4,6276.3,53.3,1103.4,0,60.4,1987.6,2048.0,53,N/A
2026-04-15 10:32:13.671,MangaOCRExtractor.extract from ./tmp/yolo-1024-95pbt-5pbv-cpu/crops_AisazuNihaIrarenai_003_R/AisazuNihaIrarenai_003_R_bubble_014.png,51.3,6277.3,53.3,1103.4,0,60.4,1987.6,2048.0,53,N/A
2026-04-15 10:32:14.244,MangaOCRExtractor.extract from ./tmp/yolo-1024-95pbt-5pbv-cpu/crops_AisazuNihaIrarenai_003_R/AisazuNihaIrarenai_003_R_bubble_014.png,41.9,6263.1,53.2,1106.8,0,60.4,1987.6,2048.0,53,N/A
2026-04-15 10:32:14.759,Translating 実家からの手紙．．．？,25.2,6267.3,53.2,1110.3,0,60.4,1987.6,2048.0,53,N/A
2026-04-15 10:32:15.260,Translating 実家からの手紙．．．？,50.0,6267.3,53.2,1110.3,0,60.4,1987.6,2048.0,52,N/A
2026-04-15 10:32:15.761,Translating 実家からの手紙．．．？,50.0,6271.7,53.3,1110.3,0,60.4,1987.6,2048.0,52,N/A
2026-04-15 10:32:16.262,Translating あ麻美さんそれ,56.7,6267.2,53.2,1110.3,0,60.4,1987.6,2048.0,53,N/A
2026-04-15 10:32:16.763,Translating あ麻美さんそれ,34.2,6247.4,53.1,1110.3,0,60.4,1987.6,2048.0,53,N/A
2026-04-15 10:32:17.264,Translating あ麻美さんそれ,51.0,6249.5,53.1,1110.3,0,60.4,1987.6,2048.0,53,N/A
2026-04-15 10:32:17.766,Translating あ麻美さんそれ,50.3,6250.0,53.1,1110.3,0,60.4,1987.6,2048.0,52,N/A
2026-04-15 10:32:18.267,Translating あ麻美さんそれ,49.9,6249.7,53.1,1110.3,0,60.4,1987.6,2048.0,52,N/A
2026-04-15 10:32:18.768,Translating またパチンコやろうかな,43.4,6231.3,52.9,1110.4,0,60.4,1987.6,2048.0,53,N/A
2026-04-15 10:32:19.269,Translating またパチンコやろうかな,50.0,6231.0,52.9,1110.4,0,60.4,1987.6,2048.0,53,N/A
2026-04-15 10:32:19.770,Translating またパチンコやろうかな,50.9,6225.1,52.9,1110.4,0,60.4,1987.6,2048.0,53,N/A
2026-04-15 10:32:20.271,Translating またパチンコやろうかな,49.9,6223.5,52.9,1110.4,0,60.4,1987.6,2048.0,53,N/A
2026-04-15 10:32:20.773,Translating でもあんなまぐれはもう一生ない気もする．．．,57.6,6228.2,52.9,1110.4,0,60.4,1987.6,2048.0,52,N/A
2026-04-15 10:32:21.274,Translating でもあんなまぐれはもう一生ない気もする．．．,32.9,6243.6,53.0,1110.4,0,60.4,1987.6,2048.0,53,N/A
2026-04-15 10:32:21.775,Translating でもあんなまぐれはもう一生ない気もする．．．,50.1,6243.6,53.0,1110.4,0,60.4,1987.6,2048.0,53,N/A
2026-04-15 10:32:22.276,Translating でもあんなまぐれはもう一生ない気もする．．．,50.0,6243.6,53.0,1110.4,0,60.4,1987.6,2048.0,53,N/A
2026-04-15 10:32:22.777,Translating でもあんなまぐれはもう一生ない気もする．．．,49.9,6244.4,53.0,1110.4,0,60.4,1987.6,2048.0,53,N/A
2026-04-15 10:32:23.278,Translating でもあんなまぐれはもう一生ない気もする．．．,50.7,6248.9,53.1,1110.4,0,60.4,1987.6,2048.0,53,N/A
2026-04-15 10:32:23.779,Translating でもあんなまぐれはもう一生ない気もする．．．,50.1,6244.6,53.0,1110.4,0,60.4,1987.6,2048.0,53,N/A
2026-04-15 10:32:24.280,Translating でもあんなまぐれはもう一生ない気もする．．．,49.7,6243.7,53.0,1110.4,0,60.4,1987.6,2048.0,53,N/A
2026-04-15 10:32:24.782,Translating しかしいいバイトってなかなかめっかんないもんだちゃ．．．,44.1,6230.6,52.9,1110.4,0,60.4,1987.6,2048.0,53,N/A
2026-04-15 10:32:25.283,Translating しかしいいバイトってなかなかめっかんないもんだちゃ．．．,50.2,6230.6,52.9,1110.4,0,60.4,1987.6,2048.0,53,N/A
2026-04-15 10:32:25.784,Translating しかしいいバイトってなかなかめっかんないもんだちゃ．．．,50.4,6230.7,52.9,1110.4,0,60.4,1987.6,2048.0,53,N/A
2026-04-15 10:32:26.285,Translating しかしいいバイトってなかなかめっかんないもんだちゃ．．．,51.0,6235.2,53.0,1110.4,0,60.4,1987.6,2048.0,53,N/A
2026-04-15 10:32:26.786,Translating しかしいいバイトってなかなかめっかんないもんだちゃ．．．,49.9,6239.9,53.0,1110.4,0,60.4,1987.6,2048.0,53,N/A
2026-04-15 10:32:27.288,Translating 九州ラーメンの差で,52.4,6231.6,52.9,1110.4,0,60.4,1987.6,2048.0,53,N/A
2026-04-15 10:32:27.789,Translating 九州ラーメンの差で,38.5,6247.7,53.1,1110.4,0,60.4,1987.6,2048.0,53,N/A
2026-04-15 10:32:28.290,Translating 九州ラーメンの差で,50.0,6247.8,53.1,1110.4,0,60.4,1987.6,2048.0,53,N/A
2026-04-15 10:32:28.792,Translating 九州ラーメンの差で,50.4,6251.9,53.1,1110.4,0,60.4,1987.6,2048.0,53,N/A
2026-04-15 10:32:29.293,Translating でもライスンおいしいんだもん,51.6,6251.6,53.1,1110.4,0,60.4,1987.6,2048.0,53,N/A
2026-04-15 10:32:29.793,Translating でもライスンおいしいんだもん,41.5,6252.4,53.1,1110.4,0,60.4,1987.6,2048.0,53,N/A
2026-04-15 10:32:30.295,Translating でもライスンおいしいんだもん,50.3,6253.1,53.1,1110.4,0,60.4,1987.6,2048.0,53,N/A
2026-04-15 10:32:30.796,Translating でもライスンおいしいんだもん,49.9,6250.1,53.1,1110.4,0,60.4,1987.6,2048.0,53,N/A
2026-04-15 10:32:31.297,Translating でもライスンおいしいんだもん,49.9,6255.6,53.1,1110.4,0,60.4,1987.6,2048.0,53,N/A
2026-04-15 10:32:31.798,Translating だかだか炊飲器にこんなにも感激するなんて,56.0,6253.8,53.1,1110.4,0,60.4,1987.6,2048.0,53,N/A
2026-04-15 10:32:32.299,Translating だかだか炊飲器にこんなにも感激するなんて,37.8,6248.1,53.1,1110.4,0,60.4,1987.6,2048.0,53,N/A
2026-04-15 10:32:32.800,Translating だかだか炊飲器にこんなにも感激するなんて,50.2,6248.8,53.1,1110.4,0,60.4,1987.6,2048.0,53,N/A
2026-04-15 10:32:33.301,Translating だかだか炊飲器にこんなにも感激するなんて,49.9,6248.6,53.1,1110.4,0,60.4,1987.6,2048.0,53,N/A
2026-04-15 10:32:33.802,Translating だかだか炊飲器にこんなにも感激するなんて,49.7,6248.7,53.1,1110.4,0,60.4,1987.6,2048.0,53,N/A
2026-04-15 10:32:34.303,Translating だかだか炊飲器にこんなにも感激するなんて,50.4,6249.2,53.1,1110.4,0,60.4,1987.6,2048.0,53,N/A
2026-04-15 10:32:34.805,Translating だかだか炊飲器にこんなにも感激するなんて,50.7,6238.2,53.0,1110.4,0,60.4,1987.6,2048.0,53,N/A
2026-04-15 10:32:35.306,Translating しかしあたしなんだってラーメンをおかずにしてるんだろう,56.5,6245.7,53.0,1110.4,0,60.4,1987.6,2048.0,53,N/A
2026-04-15 10:32:35.807,Translating しかしあたしなんだってラーメンをおかずにしてるんだろう,34.7,6223.4,52.9,1110.4,0,60.4,1987.6,2048.0,53,N/A
2026-04-15 10:32:36.308,Translating しかしあたしなんだってラーメンをおかずにしてるんだろう,50.1,6223.4,52.9,1110.4,0,60.4,1987.6,2048.0,53,N/A
2026-04-15 10:32:36.809,Translating しかしあたしなんだってラーメンをおかずにしてるんだろう,49.9,6224.0,52.9,1110.4,0,60.4,1987.6,2048.0,53,N/A
2026-04-15 10:32:37.310,Translating しかしあたしなんだってラーメンをおかずにしてるんだろう,50.6,6223.8,52.9,1110.4,0,60.4,1987.6,2048.0,53,N/A
2026-04-15 10:32:37.811,Translating しかしあたしなんだってラーメンをおかずにしてるんだろう,50.2,6212.6,52.8,1110.4,0,60.4,1987.6,2048.0,53,N/A
2026-04-15 10:32:38.312,Translating しかしあたしなんだってラーメンをおかずにしてるんだろう,50.3,6214.8,52.8,1110.4,0,60.4,1987.6,2048.0,53,N/A
2026-04-15 10:32:38.813,Translating しかしあたしなんだってラーメンをおかずにしてるんだろう,49.9,6215.1,52.8,1110.4,0,60.4,1987.6,2048.0,53,N/A
2026-04-15 10:32:39.315,Translating もうラーメンからはなれられない体質になってたりして,43.0,6235.7,53.0,1110.4,0,60.4,1987.6,2048.0,53,N/A
2026-04-15 10:32:39.816,Translating もうラーメンからはなれられない体質になってたりして,50.1,6235.9,53.0,1110.4,0,60.4,1987.6,2048.0,53,N/A
2026-04-15 10:32:40.317,Translating もうラーメンからはなれられない体質になってたりして,50.9,6233.3,52.9,1110.4,0,60.4,1987.6,2048.0,53,N/A
2026-04-15 10:32:40.818,Translating もうラーメンからはなれられない体質になってたりして,50.0,6233.9,52.9,1110.4,0,60.4,1987.6,2048.0,53,N/A
2026-04-15 10:32:41.319,Translating もうラーメンからはなれられない体質になってたりして,50.0,6234.1,52.9,1110.4,0,60.4,1987.6,2048.0,53,N/A
2026-04-15 10:32:41.820,Translating もうラーメンからはなれられない体質になってたりして,49.8,6237.3,53.0,1110.4,0,60.4,1987.6,2048.0,53,N/A
2026-04-15 10:32:42.321,Translating もうラーメンからはなれられない体質になってたりして,50.1,6239.8,53.0,1110.4,0,60.4,1987.6,2048.0,53,N/A
2026-04-15 10:32:42.822,Translating 働き者の母親を持つと娘はなーんもできなくなるって本当だなあ,49.6,6237.3,53.0,1110.4,0,60.4,1987.6,2048.0,53,N/A
2026-04-15 10:32:43.323,Translating 働き者の母親を持つと娘はなーんもできなくなるって本当だなあ,39.8,6228.7,52.9,1110.4,0,60.4,1987.6,2048.0,53,N/A
2026-04-15 10:32:43.824,Translating 働き者の母親を持つと娘はなーんもできなくなるって本当だなあ,50.3,6228.7,52.9,1110.4,0,60.4,1987.6,2048.0,53,N/A
2026-04-15 10:32:44.325,Translating 働き者の母親を持つと娘はなーんもできなくなるって本当だなあ,49.9,6224.6,52.9,1110.4,0,60.4,1987.6,2048.0,53,N/A
2026-04-15 10:32:44.827,Translating 働き者の母親を持つと娘はなーんもできなくなるって本当だなあ,49.9,6224.6,52.9,1110.4,0,60.4,1987.6,2048.0,53,N/A
2026-04-15 10:32:45.328,Translating 働き者の母親を持つと娘はなーんもできなくなるって本当だなあ,50.4,6229.1,52.9,1110.4,0,60.4,1987.6,2048.0,53,N/A
2026-04-15 10:32:45.829,Translating 働き者の母親を持つと娘はなーんもできなくなるって本当だなあ,50.5,6223.9,52.9,1110.4,0,60.4,1987.6,2048.0,53,N/A
2026-04-15 10:32:46.330,Translating あたしって実家にいた時はつくづく万事を母さんにまかせっきりだったのね,56.5,6223.5,52.9,1110.4,0,60.4,1987.6,2048.0,53,N/A
2026-04-15 10:32:46.831,Translating あたしって実家にいた時はつくづく万事を母さんにまかせっきりだったのね,34.1,6209.8,52.7,1110.4,0,60.4,1987.6,2048.0,53,N/A
2026-04-15 10:32:47.332,Translating あたしって実家にいた時はつくづく万事を母さんにまかせっきりだったのね,50.1,6209.8,52.7,1110.4,0,60.4,1987.6,2048.0,53,N/A
2026-04-15 10:32:47.833,Translating あたしって実家にいた時はつくづく万事を母さんにまかせっきりだったのね,50.3,6204.2,52.7,1110.4,0,60.4,1987.6,2048.0,53,N/A
2026-04-15 10:32:48.335,Translating あたしって実家にいた時はつくづく万事を母さんにまかせっきりだったのね,50.1,6208.4,52.7,1110.4,0,60.4,1987.6,2048.0,53,N/A
2026-04-15 10:32:48.836,Translating あたしって実家にいた時はつくづく万事を母さんにまかせっきりだったのね,50.0,6208.9,52.7,1110.4,0,60.4,1987.6,2048.0,53,N/A
2026-04-15 10:32:49.337,Translating あたしって実家にいた時はつくづく万事を母さんにまかせっきりだったのね,50.1,6217.9,52.8,1110.4,0,60.4,1987.6,2048.0,53,N/A
2026-04-15 10:32:49.838,Translating あたしって実家にいた時はつくづく万事を母さんにまかせっきりだったのね,49.9,6218.6,52.8,1110.4,0,60.4,1987.6,2048.0,53,N/A
2026-04-15 10:32:50.339,Translating 冷蔵庫とかテレビとか買ったら気イ変になるんじゃなかろうか,56.1,6203.7,52.7,1110.4,0,60.4,1987.6,2048.0,53,N/A
2026-04-15 10:32:50.840,Translating 冷蔵庫とかテレビとか買ったら気イ変になるんじゃなかろうか,38.0,6224.0,52.9,1110.4,0,60.4,1987.6,2048.0,53,N/A
2026-04-15 10:32:51.341,Translating 冷蔵庫とかテレビとか買ったら気イ変になるんじゃなかろうか,50.0,6224.0,52.9,1110.4,0,60.4,1987.6,2048.0,53,N/A
2026-04-15 10:32:51.842,Translating 冷蔵庫とかテレビとか買ったら気イ変になるんじゃなかろうか,50.2,6224.5,52.9,1110.4,0,60.4,1987.6,2048.0,53,N/A
2026-04-15 10:32:52.344,Translating 冷蔵庫とかテレビとか買ったら気イ変になるんじゃなかろうか,49.6,6228.8,52.9,1110.4,0,60.4,1987.6,2048.0,53,N/A
2026-04-15 10:32:52.845,Translating 冷蔵庫とかテレビとか買ったら気イ変になるんじゃなかろうか,50.6,6224.9,52.9,1110.4,0,60.4,1987.6,2048.0,53,N/A
2026-04-15 10:32:53.346,Translating 冷蔵庫とかテレビとか買ったら気イ変になるんじゃなかろうか,50.6,6229.9,52.9,1110.4,0,60.4,1987.6,2048.0,53,N/A
2026-04-15 10:32:53.852,BubbleTypesetter._wrap_text_pixel_width,48.4,6233.9,52.9,1114.6,0,60.4,1987.6,2048.0,53,N/A
2026-04-15 10:32:54.431,BubbleTypesetter._wrap_text_pixel_width,12.4,6233.8,52.9,1117.3,0,60.4,1987.6,2048.0,53,N/A
2026-04-15 10:32:55.025,BubbleTypesetter._wrap_text_pixel_width,12.4,6231.9,52.9,1117.4,0,60.4,1987.6,2048.0,53,N/A
2026-04-15 10:32:55.608,BubbleTypesetter._wrap_text_pixel_width,12.8,6232.2,52.9,1117.4,0,60.4,1987.6,2048.0,53,N/A
2026-04-15 10:32:56.165,BubbleTypesetter._apply_cleaning,12.4,6232.2,52.9,1117.4,0,60.4,1987.6,2048.0,53,N/A
2026-04-15 10:32:56.981,yolo_start,0.0,5338.9,45.3,41.4,0,58.3,1989.7,2048.0,53,N/A
2026-04-15 10:32:57.489,EngineOCRFactory._setup_engine,33.4,5483.8,46.6,316.3,0,58.3,1989.7,2048.0,53,N/A
2026-04-15 10:32:57.994,EngineOCRFactory._setup_engine,12.6,5554.2,47.2,379.8,0,58.3,1989.7,2048.0,53,N/A
2026-04-15 10:32:58.496,EngineOCRFactory._setup_engine,12.4,5582.7,47.4,422.4,0,58.3,1989.7,2048.0,52,N/A
2026-04-15 10:32:59.000,EngineOCRFactory._run,26.1,5858.8,49.8,662.7,0,60.4,1987.6,2048.0,52,N/A
2026-04-15 10:32:59.502,EngineOCRFactory._run,49.4,5884.7,50.0,712.0,0,60.4,1987.6,2048.0,53,N/A
2026-04-15 10:33:00.005,EngineOCRFactory._run,45.7,5854.2,49.7,693.5,0,60.4,1987.6,2048.0,53,N/A
2026-04-15 10:33:00.507,EngineOCRFactory._run,4.7,5862.3,49.8,695.7,0,60.4,1987.6,2048.0,53,N/A
2026-04-15 10:33:01.010,EngineOCRFactory._run,1.7,5861.1,49.8,698.4,0,60.4,1987.6,2048.0,52,N/A
2026-04-15 10:33:01.511,EngineOCRFactory._run,11.5,6039.8,51.3,881.3,0,60.4,1987.6,2048.0,52,N/A
2026-04-15 10:33:02.012,EngineOCRFactory._run,43.9,6106.5,51.9,942.7,0,60.4,1987.6,2048.0,52,N/A
2026-04-15 10:33:02.513,EngineOCRFactory._run,29.2,6218.3,52.8,1477.3,0,60.4,1987.6,2048.0,52,N/A
2026-04-15 10:33:03.015,EngineOCRFactory._run,2.7,6218.1,52.8,1139.3,0,60.4,1987.6,2048.0,52,N/A
2026-04-15 10:33:03.517,MangaOCRExtractor.extract from ./tmp/yolo-1024-95pbt-5pbv-cpu/crops_AisazuNihaIrarenai_004_L/AisazuNihaIrarenai_004_L_bubble_001.png,50.0,6253.2,53.1,1088.4,0,60.4,1987.6,2048.0,52,N/A
2026-04-15 10:33:04.018,MangaOCRExtractor.extract from ./tmp/yolo-1024-95pbt-5pbv-cpu/crops_AisazuNihaIrarenai_004_L/AisazuNihaIrarenai_004_L_bubble_003.png,52.2,6261.2,53.2,1093.1,0,60.4,1987.6,2048.0,52,N/A
2026-04-15 10:33:04.519,MangaOCRExtractor.extract from ./tmp/yolo-1024-95pbt-5pbv-cpu/crops_AisazuNihaIrarenai_004_L/AisazuNihaIrarenai_004_L_bubble_005.png,51.6,6272.3,53.3,1100.0,0,60.4,1987.6,2048.0,53,N/A
2026-04-15 10:33:05.020,MangaOCRExtractor.extract from ./tmp/yolo-1024-95pbt-5pbv-cpu/crops_AisazuNihaIrarenai_004_L/AisazuNihaIrarenai_004_L_bubble_006.png,51.4,6272.4,53.3,1100.0,0,60.4,1987.6,2048.0,53,N/A
2026-04-15 10:33:05.521,MangaOCRExtractor.extract from ./tmp/yolo-1024-95pbt-5pbv-cpu/crops_AisazuNihaIrarenai_004_L/AisazuNihaIrarenai_004_L_bubble_007.png,50.6,6272.4,53.3,1100.1,0,60.4,1987.6,2048.0,53,N/A
2026-04-15 10:33:06.022,MangaOCRExtractor.extract from ./tmp/yolo-1024-95pbt-5pbv-cpu/crops_AisazuNihaIrarenai_004_L/AisazuNihaIrarenai_004_L_bubble_008.png,51.3,6272.8,53.3,1100.1,0,60.4,1987.6,2048.0,53,N/A
2026-04-15 10:33:06.523,MangaOCRExtractor.extract from ./tmp/yolo-1024-95pbt-5pbv-cpu/crops_AisazuNihaIrarenai_004_L/AisazuNihaIrarenai_004_L_bubble_010.png,51.6,6273.4,53.3,1100.1,0,60.4,1987.6,2048.0,54,N/A
2026-04-15 10:33:07.024,MangaOCRExtractor.extract from ./tmp/yolo-1024-95pbt-5pbv-cpu/crops_AisazuNihaIrarenai_004_L/AisazuNihaIrarenai_004_L_bubble_011.png,51.5,6273.4,53.3,1100.1,0,60.4,1987.6,2048.0,54,N/A
2026-04-15 10:33:07.526,MangaOCRExtractor.extract from ./tmp/yolo-1024-95pbt-5pbv-cpu/crops_AisazuNihaIrarenai_004_R/AisazuNihaIrarenai_004_R_bubble_013.png,52.3,6273.4,53.3,1100.1,0,60.4,1987.6,2048.0,54,N/A
2026-04-15 10:33:08.027,MangaOCRExtractor.extract from ./tmp/yolo-1024-95pbt-5pbv-cpu/crops_AisazuNihaIrarenai_004_R/AisazuNihaIrarenai_004_R_bubble_014.png,51.5,6272.3,53.3,1100.1,0,60.4,1987.6,2048.0,54,N/A
2026-04-15 10:33:08.528,MangaOCRExtractor.extract from ./tmp/yolo-1024-95pbt-5pbv-cpu/crops_AisazuNihaIrarenai_004_R/AisazuNihaIrarenai_004_R_bubble_015.png,51.5,6267.3,53.2,1100.1,0,60.4,1987.6,2048.0,53,N/A
2026-04-15 10:33:09.030,MangaOCRExtractor.extract from ./tmp/yolo-1024-95pbt-5pbv-cpu/crops_AisazuNihaIrarenai_004_R/AisazuNihaIrarenai_004_R_bubble_016.png,51.2,6267.3,53.2,1100.1,0,60.4,1987.6,2048.0,53,N/A
2026-04-15 10:33:09.531,MangaOCRExtractor.extract from ./tmp/yolo-1024-95pbt-5pbv-cpu/crops_AisazuNihaIrarenai_004_R/AisazuNihaIrarenai_004_R_bubble_017.png,51.4,6267.3,53.2,1100.2,0,60.4,1987.6,2048.0,53,N/A
2026-04-15 10:33:10.032,Translating どうしたの？,25.4,6263.2,53.2,1107.1,0,60.4,1987.6,2048.0,53,N/A
2026-04-15 10:33:10.533,Translating どうしたの？,40.1,6249.9,53.1,1107.1,0,60.4,1987.6,2048.0,53,N/A
2026-04-15 10:33:11.034,Translating どうしたの？,50.5,6250.1,53.1,1107.1,0,60.4,1987.6,2048.0,53,N/A
2026-04-15 10:33:11.535,Translating なっなに？,54.1,6254.6,53.1,1107.1,0,60.4,1987.6,2048.0,53,N/A
2026-04-15 10:33:12.036,Translating なっなに？,36.1,6263.6,53.2,1107.1,0,60.4,1987.6,2048.0,53,N/A
2026-04-15 10:33:12.537,Translating なっなに？,50.1,6264.3,53.2,1107.1,0,60.4,1987.6,2048.0,53,N/A
2026-04-15 10:33:13.038,Translating し．．．仕送りを．．．,51.9,6265.7,53.2,1107.1,0,60.4,1987.6,2048.0,53,N/A
2026-04-15 10:33:13.539,Translating し．．．仕送りを．．．,40.9,6265.7,53.2,1107.1,0,60.4,1987.6,2048.0,53,N/A
2026-04-15 10:33:14.040,Translating し．．．仕送りを．．．,50.1,6264.8,53.2,1107.1,0,60.4,1987.6,2048.0,53,N/A
2026-04-15 10:33:14.542,Translating し．．．仕送りを．．．,49.7,6268.4,53.2,1107.1,0,60.4,1987.6,2048.0,53,N/A
2026-04-15 10:33:15.043,Translating 来月から仕送りを半分にへらさせてくれって～,44.6,6251.5,53.1,1107.1,0,60.4,1987.6,2048.0,53,N/A
2026-04-15 10:33:15.544,Translating 来月から仕送りを半分にへらさせてくれって～,45.7,6246.2,53.0,1107.1,0,60.4,1987.6,2048.0,53,N/A
2026-04-15 10:33:16.045,Translating 来月から仕送りを半分にへらさせてくれって～,50.1,6245.6,53.0,1107.1,0,60.4,1987.6,2048.0,53,N/A
2026-04-15 10:33:16.546,Translating 来月から仕送りを半分にへらさせてくれって～,50.6,6245.4,53.0,1107.1,0,60.4,1987.6,2048.0,53,N/A
2026-04-15 10:33:17.047,Translating 来月から仕送りを半分にへらさせてくれって～,50.0,6244.1,53.0,1107.1,0,60.4,1987.6,2048.0,53,N/A
2026-04-15 10:33:17.548,Translating 来月から仕送りを半分にへらさせてくれって～,49.6,6244.1,53.0,1107.1,0,60.4,1987.6,2048.0,53,N/A
2026-04-15 10:33:18.049,Translating やだどうしたの？なんて書いてあったの！,48.9,6225.3,52.9,1107.1,0,60.4,1987.6,2048.0,53,N/A
2026-04-15 10:33:18.550,Translating やだどうしたの？なんて書いてあったの！,44.6,6221.3,52.8,1107.1,0,60.4,1987.6,2048.0,53,N/A
2026-04-15 10:33:19.051,Translating やだどうしたの？なんて書いてあったの！,50.0,6220.6,52.8,1107.1,0,60.4,1987.6,2048.0,53,N/A
2026-04-15 10:33:19.553,Translating やだどうしたの？なんて書いてあったの！,50.7,6220.5,52.8,1107.1,0,60.4,1987.6,2048.0,53,N/A
2026-04-15 10:33:20.054,Translating やだどうしたの？なんて書いてあったの！,49.9,6223.4,52.9,1107.1,0,60.4,1987.6,2048.0,53,N/A
2026-04-15 10:33:20.555,Translating ヰセキの田植え機のローンが払えないんだってー,55.5,6230.0,52.9,1107.1,0,60.4,1987.6,2048.0,53,N/A
2026-04-15 10:33:21.056,Translating ヰセキの田植え機のローンが払えないんだってー,36.9,6245.0,53.0,1107.1,0,60.4,1987.6,2048.0,53,N/A
2026-04-15 10:33:21.557,Translating ヰセキの田植え機のローンが払えないんだってー,50.1,6245.0,53.0,1107.1,0,60.4,1987.6,2048.0,53,N/A
2026-04-15 10:33:22.058,Translating ヰセキの田植え機のローンが払えないんだってー,50.0,6247.3,53.1,1107.1,0,60.4,1987.6,2048.0,54,N/A
2026-04-15 10:33:22.559,Translating ヰセキの田植え機のローンが払えないんだってー,50.7,6247.6,53.1,1107.1,0,60.4,1987.6,2048.0,54,N/A
2026-04-15 10:33:23.060,Translating ヰセキの田植え機のローンが払えないんだってー,49.9,6246.9,53.1,1107.1,0,60.4,1987.6,2048.0,53,N/A
2026-04-15 10:33:23.562,Translating ヰセキの田植え機のローンが払えないんだってー,50.3,6232.4,52.9,1107.1,0,60.4,1987.6,2048.0,54,N/A
2026-04-15 10:33:24.063,Translating ひ．．．ひどいっ！！あんまりだ母さん！！,58.2,6233.3,52.9,1107.1,0,60.4,1987.6,2048.0,53,N/A
2026-04-15 10:33:24.564,Translating ひ．．．ひどいっ！！あんまりだ母さん！！,34.7,6229.5,52.9,1107.1,0,60.4,1987.6,2048.0,54,N/A
2026-04-15 10:33:25.065,Translating ひ．．．ひどいっ！！あんまりだ母さん！！,50.0,6229.3,52.9,1107.1,0,60.4,1987.6,2048.0,54,N/A
2026-04-15 10:33:25.566,Translating ひ．．．ひどいっ！！あんまりだ母さん！！,49.9,6229.3,52.9,1107.1,0,60.4,1987.6,2048.0,54,N/A
2026-04-15 10:33:26.067,Translating ひ．．．ひどいっ！！あんまりだ母さん！！,50.9,6231.7,52.9,1107.1,0,60.4,1987.6,2048.0,54,N/A
2026-04-15 10:33:26.568,Translating ひ．．．ひどいっ！！あんまりだ母さん！！,49.9,6231.4,52.9,1107.1,0,60.4,1987.6,2048.0,54,N/A
2026-04-15 10:33:27.070,Translating やっぱり国立大学に行ってほしかっただなんていまさら～,53.9,6232.4,52.9,1107.1,0,60.4,1987.6,2048.0,54,N/A
2026-04-15 10:33:27.571,Translating やっぱり国立大学に行ってほしかっただなんていまさら～,36.1,6210.4,52.7,1107.1,0,60.4,1987.6,2048.0,53,N/A
2026-04-15 10:33:28.072,Translating やっぱり国立大学に行ってほしかっただなんていまさら～,50.1,6207.3,52.7,1107.1,0,60.4,1987.6,2048.0,54,N/A
2026-04-15 10:33:28.573,Translating やっぱり国立大学に行ってほしかっただなんていまさら～,50.9,6201.4,52.7,1107.1,0,60.4,1987.6,2048.0,54,N/A
2026-04-15 10:33:29.074,Translating やっぱり国立大学に行ってほしかっただなんていまさら～,50.1,6205.9,52.7,1107.1,0,60.4,1987.6,2048.0,54,N/A
2026-04-15 10:33:29.575,Translating やっぱり国立大学に行ってほしかっただなんていまさら～,49.9,6206.4,52.7,1107.1,0,60.4,1987.6,2048.0,54,N/A
2026-04-15 10:33:30.076,Translating あっあああっ,57.0,6210.6,52.7,1107.1,0,60.4,1987.6,2048.0,54,N/A
2026-04-15 10:33:30.577,Translating あっあああっ,32.2,6226.5,52.9,1107.1,0,60.4,1987.6,2048.0,54,N/A
2026-04-15 10:33:31.078,Translating あっあああっ,50.4,6231.8,52.9,1107.1,0,60.4,1987.6,2048.0,54,N/A
2026-04-15 10:33:31.579,Translating えーーっ？,45.7,6217.1,52.8,1107.1,0,60.4,1987.6,2048.0,54,N/A
2026-04-15 10:33:32.080,Translating えーーっ？,48.0,6217.1,52.8,1107.1,0,60.4,1987.6,2048.0,54,N/A
2026-04-15 10:33:32.582,Translating ああこれ？京都の両親からの手紙,55.0,6212.5,52.8,1107.2,0,60.4,1987.6,2048.0,54,N/A
2026-04-15 10:33:33.083,Translating ああこれ？京都の両親からの手紙,37.5,6228.6,52.9,1107.2,0,60.4,1987.6,2048.0,54,N/A
2026-04-15 10:33:33.584,Translating ああこれ？京都の両親からの手紙,49.9,6234.4,52.9,1107.2,0,60.4,1987.6,2048.0,54,N/A
2026-04-15 10:33:34.085,Translating ああこれ？京都の両親からの手紙,50.5,6234.4,52.9,1107.2,0,60.4,1987.6,2048.0,54,N/A
2026-04-15 10:33:34.586,Translating ああこれ？京都の両親からの手紙,49.7,6234.4,52.9,1107.2,0,60.4,1987.6,2048.0,54,N/A
2026-04-15 10:33:35.087,Translating ああこれ？京都の両親からの手紙,50.5,6233.7,52.9,1107.2,0,60.4,1987.6,2048.0,54,N/A
2026-04-15 10:33:35.589,Translating あら歩おはよう！！,41.9,6235.4,53.0,1107.2,0,60.4,1987.6,2048.0,54,N/A
2026-04-15 10:33:36.090,Translating あら歩おはよう！！,50.0,6235.6,53.0,1107.2,0,60.4,1987.6,2048.0,54,N/A
2026-04-15 10:33:36.591,Translating あら歩おはよう！！,50.0,6237.6,53.0,1107.2,0,60.4,1987.6,2048.0,54,N/A
2026-04-15 10:33:37.092,Translating いぃからいいから！！ほれあんたあてにも来てたわよ,53.5,6238.9,53.0,1107.2,0,60.4,1987.6,2048.0,54,N/A
2026-04-15 10:33:37.593,Translating いぃからいいから！！ほれあんたあてにも来てたわよ,38.2,6243.4,53.0,1107.2,0,60.4,1987.6,2048.0,54,N/A
2026-04-15 10:33:38.094,Translating いぃからいいから！！ほれあんたあてにも来てたわよ,50.0,6242.7,53.0,1107.2,0,60.4,1987.6,2048.0,54,N/A
2026-04-15 10:33:38.595,Translating いぃからいいから！！ほれあんたあてにも来てたわよ,49.8,6245.2,53.0,1107.2,0,60.4,1987.6,2048.0,54,N/A
2026-04-15 10:33:39.096,Translating いぃからいいから！！ほれあんたあてにも来てたわよ,50.2,6235.4,53.0,1107.2,0,60.4,1987.6,2048.0,54,N/A
2026-04-15 10:33:39.597,Translating いぃからいいから！！ほれあんたあてにも来てたわよ,49.8,6235.6,53.0,1107.2,0,60.4,1987.6,2048.0,54,N/A
2026-04-15 10:33:40.098,Translating いぃからいいから！！ほれあんたあてにも来てたわよ,50.0,6235.3,53.0,1107.2,0,60.4,1987.6,2048.0,54,N/A
2026-04-15 10:33:40.600,Translating いぃからいいから！！ほれあんたあてにも来てたわよ,50.5,6243.0,53.0,1107.2,0,60.4,1987.6,2048.0,54,N/A
2026-04-15 10:33:41.101,Translating いぃからいいから！！ほれあんたあてにも来てたわよ,49.9,6240.5,53.0,1107.2,0,60.4,1987.6,2048.0,54,N/A
2026-04-15 10:33:41.602,Translating なんで？なんてその手紙をそんなにしちゃうのよ,43.5,6213.5,52.8,1107.2,0,60.4,1987.6,2048.0,54,N/A
2026-04-15 10:33:42.103,Translating なんで？なんてその手紙をそんなにしちゃうのよ,50.3,6213.8,52.8,1107.2,0,60.4,1987.6,2048.0,54,N/A
2026-04-15 10:33:42.604,Translating なんで？なんてその手紙をそんなにしちゃうのよ,50.0,6213.6,52.8,1107.2,0,60.4,1987.6,2048.0,54,N/A
2026-04-15 10:33:43.105,Translating なんで？なんてその手紙をそんなにしちゃうのよ,50.1,6216.8,52.8,1107.2,0,60.4,1987.6,2048.0,54,N/A
2026-04-15 10:33:43.606,Translating なんで？なんてその手紙をそんなにしちゃうのよ,49.6,6216.8,52.8,1107.2,0,60.4,1987.6,2048.0,54,N/A
2026-04-15 10:33:44.107,Translating お．．．おはようって．．．なにやってんの？,57.0,6200.1,52.7,1107.2,0,60.4,1987.6,2048.0,54,N/A
2026-04-15 10:33:44.609,Translating お．．．おはようって．．．なにやってんの？,33.4,6201.1,52.7,1107.2,0,60.4,1987.6,2048.0,54,N/A
2026-04-15 10:33:45.110,Translating お．．．おはようって．．．なにやってんの？,50.0,6201.4,52.7,1107.2,0,60.4,1987.6,2048.0,54,N/A
2026-04-15 10:33:45.611,Translating お．．．おはようって．．．なにやってんの？,50.1,6201.3,52.7,1107.2,0,60.4,1987.6,2048.0,54,N/A
2026-04-15 10:33:46.112,Translating お．．．おはようって．．．なにやってんの？,51.1,6199.2,52.6,1107.2,0,60.4,1987.6,2048.0,54,N/A
2026-04-15 10:33:46.613,Translating お．．．おはようって．．．なにやってんの？,49.6,6212.0,52.8,1107.2,0,60.4,1987.6,2048.0,54,N/A
2026-04-15 10:33:47.120,BubbleTypesetter._wrap_text_pixel_width,48.3,6198.1,52.6,1112.8,0,60.4,1987.6,2048.0,54,N/A
2026-04-15 10:33:47.694,BubbleTypesetter._apply_cleaning,12.6,6198.1,52.6,1114.2,0,60.4,1987.6,2048.0,54,N/A
2026-04-15 10:33:48.230,BubbleTypesetter._apply_cleaning,12.8,6194.0,52.6,1114.2,0,60.4,1987.6,2048.0,54,N/A
2026-04-15 10:33:48.738,BubbleTypesetter._apply_cleaning,12.5,6194.0,52.6,1114.2,0,60.4,1987.6,2048.0,54,N/A
2026-04-15 10:33:49.244,BubbleTypesetter._apply_cleaning,12.6,6192.0,52.6,1114.2,0,60.4,1987.6,2048.0,54,N/A
2026-04-15 10:33:50.143,yolo_start,0.0,5289.4,44.9,41.4,0,58.3,1989.7,2048.0,54,N/A
2026-04-15 10:33:50.654,EngineOCRFactory._setup_engine,32.8,5436.4,46.2,316.4,0,58.3,1989.7,2048.0,54,N/A
2026-04-15 10:33:51.162,EngineOCRFactory._setup_engine,12.5,5500.0,46.7,379.9,0,58.3,1989.7,2048.0,53,N/A
2026-04-15 10:33:51.666,EngineOCRFactory._setup_engine,12.4,5528.1,46.9,421.2,0,58.3,1989.7,2048.0,53,N/A
2026-04-15 10:33:52.176,EngineOCRFactory._run,25.5,5777.1,49.1,647.8,0,60.4,1987.6,2048.0,53,N/A
2026-04-15 10:33:52.678,EngineOCRFactory._run,49.4,5873.2,49.9,723.5,0,60.4,1987.6,2048.0,54,N/A
2026-04-15 10:33:53.179,EngineOCRFactory._run,46.9,5842.0,49.6,701.0,0,60.4,1987.6,2048.0,54,N/A
2026-04-15 10:33:53.681,EngineOCRFactory._run,4.7,5849.9,49.7,706.3,0,60.4,1987.6,2048.0,54,N/A
2026-04-15 10:33:54.183,EngineOCRFactory._run,2.2,5849.7,49.7,709.0,0,60.4,1987.6,2048.0,53,N/A
2026-04-15 10:33:54.684,EngineOCRFactory._run,12.3,6048.5,51.4,930.8,0,60.4,1987.6,2048.0,53,N/A
2026-04-15 10:33:55.185,EngineOCRFactory._run,49.1,6065.1,51.5,939.8,0,60.4,1987.6,2048.0,53,N/A
2026-04-15 10:33:55.686,EngineOCRFactory._run,23.8,6172.4,52.4,1474.4,0,60.4,1987.6,2048.0,53,N/A
2026-04-15 10:33:56.187,EngineOCRFactory._run,39.7,6206.0,52.7,1085.4,0,60.4,1987.6,2048.0,53,N/A
2026-04-15 10:33:56.688,MangaOCRExtractor.extract from ./tmp/yolo-1024-95pbt-5pbv-cpu/crops_AisazuNihaIrarenai_005_L/AisazuNihaIrarenai_005_L_bubble_002.png,51.6,6210.4,52.7,1097.1,0,60.4,1987.6,2048.0,53,N/A
2026-04-15 10:33:57.189,MangaOCRExtractor.extract from ./tmp/yolo-1024-95pbt-5pbv-cpu/crops_AisazuNihaIrarenai_005_L/AisazuNihaIrarenai_005_L_bubble_004.png,52.1,6212.9,52.8,1097.1,0,60.4,1987.6,2048.0,54,N/A
2026-04-15 10:33:57.690,MangaOCRExtractor.extract from ./tmp/yolo-1024-95pbt-5pbv-cpu/crops_AisazuNihaIrarenai_005_L/AisazuNihaIrarenai_005_L_bubble_006.png,52.0,6213.5,52.8,1099.4,0,60.4,1987.6,2048.0,54,N/A
2026-04-15 10:33:58.191,MangaOCRExtractor.extract from ./tmp/yolo-1024-95pbt-5pbv-cpu/crops_AisazuNihaIrarenai_005_L/AisazuNihaIrarenai_005_L_bubble_007.png,51.0,6215.6,52.8,1099.4,0,60.4,1987.6,2048.0,54,N/A
2026-04-15 10:33:58.692,MangaOCRExtractor.extract from ./tmp/yolo-1024-95pbt-5pbv-cpu/crops_AisazuNihaIrarenai_005_L/AisazuNihaIrarenai_005_L_bubble_009.png,51.5,6215.6,52.8,1099.5,0,60.4,1987.6,2048.0,54,N/A
2026-04-15 10:33:59.193,MangaOCRExtractor.extract from ./tmp/yolo-1024-95pbt-5pbv-cpu/crops_AisazuNihaIrarenai_005_L/AisazuNihaIrarenai_005_L_bubble_010.png,51.3,6215.8,52.8,1099.5,0,60.4,1987.6,2048.0,54,N/A
2026-04-15 10:33:59.695,MangaOCRExtractor.extract from ./tmp/yolo-1024-95pbt-5pbv-cpu/crops_AisazuNihaIrarenai_005_L/AisazuNihaIrarenai_005_L_bubble_011.png,51.0,6218.0,52.8,1101.8,0,60.4,1987.6,2048.0,54,N/A
2026-04-15 10:34:00.196,MangaOCRExtractor.extract from ./tmp/yolo-1024-95pbt-5pbv-cpu/crops_AisazuNihaIrarenai_005_L/AisazuNihaIrarenai_005_L_bubble_012.png,51.5,6218.5,52.8,1101.8,0,60.4,1987.6,2048.0,54,N/A
2026-04-15 10:34:00.697,MangaOCRExtractor.extract from ./tmp/yolo-1024-95pbt-5pbv-cpu/crops_AisazuNihaIrarenai_005_L/AisazuNihaIrarenai_005_L_bubble_013.png,51.6,6219.7,52.8,1101.8,0,60.4,1987.6,2048.0,54,N/A
2026-04-15 10:34:01.199,MangaOCRExtractor.extract from ./tmp/yolo-1024-95pbt-5pbv-cpu/crops_AisazuNihaIrarenai_005_L/AisazuNihaIrarenai_005_L_bubble_014.png,51.4,6219.9,52.8,1101.8,0,60.4,1987.6,2048.0,54,N/A
2026-04-15 10:34:01.700,MangaOCRExtractor.extract from ./tmp/yolo-1024-95pbt-5pbv-cpu/crops_AisazuNihaIrarenai_005_L/AisazuNihaIrarenai_005_L_bubble_015.png,51.2,6219.9,52.8,1101.8,0,60.4,1987.6,2048.0,54,N/A
2026-04-15 10:34:02.202,MangaOCRExtractor.extract from ./tmp/yolo-1024-95pbt-5pbv-cpu/crops_AisazuNihaIrarenai_005_L/AisazuNihaIrarenai_005_L_bubble_016.png,51.4,6219.4,52.8,1101.9,0,60.4,1987.6,2048.0,54,N/A
2026-04-15 10:34:02.703,MangaOCRExtractor.extract from ./tmp/yolo-1024-95pbt-5pbv-cpu/crops_AisazuNihaIrarenai_005_R/AisazuNihaIrarenai_005_R_bubble_017.png,51.0,6219.3,52.8,1101.9,0,60.4,1987.6,2048.0,54,N/A
2026-04-15 10:34:03.204,MangaOCRExtractor.extract from ./tmp/yolo-1024-95pbt-5pbv-cpu/crops_AisazuNihaIrarenai_005_R/AisazuNihaIrarenai_005_R_bubble_019.png,52.9,6217.5,52.8,1101.9,0,60.4,1987.6,2048.0,54,N/A
2026-04-15 10:34:03.706,MangaOCRExtractor.extract from ./tmp/yolo-1024-95pbt-5pbv-cpu/crops_AisazuNihaIrarenai_005_R/AisazuNihaIrarenai_005_R_bubble_020.png,51.1,6217.4,52.8,1101.9,0,60.4,1987.6,2048.0,54,N/A
2026-04-15 10:34:04.207,MangaOCRExtractor.extract from ./tmp/yolo-1024-95pbt-5pbv-cpu/crops_AisazuNihaIrarenai_005_R/AisazuNihaIrarenai_005_R_bubble_022.png,52.6,6217.0,52.8,1101.9,0,60.4,1987.6,2048.0,54,N/A
2026-04-15 10:34:04.708,MangaOCRExtractor.extract from ./tmp/yolo-1024-95pbt-5pbv-cpu/crops_AisazuNihaIrarenai_005_R/AisazuNihaIrarenai_005_R_bubble_023.png,51.7,6217.7,52.8,1101.9,0,60.4,1987.6,2048.0,54,N/A
2026-04-15 10:34:05.209,MangaOCRExtractor.extract from ./tmp/yolo-1024-95pbt-5pbv-cpu/crops_AisazuNihaIrarenai_005_R/AisazuNihaIrarenai_005_R_bubble_024.png,51.6,6217.7,52.8,1102.0,0,60.4,1987.6,2048.0,54,N/A
2026-04-15 10:34:05.711,MangaOCRExtractor.extract from ./tmp/yolo-1024-95pbt-5pbv-cpu/crops_AisazuNihaIrarenai_005_R/AisazuNihaIrarenai_005_R_bubble_025.png,51.0,6217.7,52.8,1102.0,0,60.4,1987.6,2048.0,54,N/A
2026-04-15 10:34:06.212,MangaOCRExtractor.extract from ./tmp/yolo-1024-95pbt-5pbv-cpu/crops_AisazuNihaIrarenai_005_R/AisazuNihaIrarenai_005_R_bubble_026.png,51.4,6217.4,52.8,1102.0,0,60.4,1987.6,2048.0,54,N/A
2026-04-15 10:34:06.713,MangaOCRExtractor.extract from ./tmp/yolo-1024-95pbt-5pbv-cpu/crops_AisazuNihaIrarenai_005_R/AisazuNihaIrarenai_005_R_bubble_027.png,51.5,6217.4,52.8,1102.0,0,60.4,1987.6,2048.0,54,N/A
2026-04-15 10:34:07.215,MangaOCRExtractor.extract from ./tmp/yolo-1024-95pbt-5pbv-cpu/crops_AisazuNihaIrarenai_005_R/AisazuNihaIrarenai_005_R_bubble_028.png,51.4,6216.3,52.8,1102.0,0,60.4,1987.6,2048.0,54,N/A
2026-04-15 10:34:07.716,MangaOCRExtractor.extract from ./tmp/yolo-1024-95pbt-5pbv-cpu/crops_AisazuNihaIrarenai_005_R/AisazuNihaIrarenai_005_R_bubble_029.png,51.5,6216.3,52.8,1102.0,0,60.4,1987.6,2048.0,54,N/A
2026-04-15 10:34:08.217,MangaOCRExtractor.extract from ./tmp/yolo-1024-95pbt-5pbv-cpu/crops_AisazuNihaIrarenai_005_R/AisazuNihaIrarenai_005_R_bubble_030.png,51.3,6215.5,52.8,1102.1,0,60.4,1987.6,2048.0,54,N/A
2026-04-15 10:34:08.718,MangaOCRExtractor.extract from ./tmp/yolo-1024-95pbt-5pbv-cpu/crops_AisazuNihaIrarenai_005_R/AisazuNihaIrarenai_005_R_bubble_031.png,51.1,6215.4,52.8,1102.1,0,60.4,1987.6,2048.0,54,N/A
2026-04-15 10:34:09.219,MangaOCRExtractor.extract from ./tmp/yolo-1024-95pbt-5pbv-cpu/crops_AisazuNihaIrarenai_005_R/AisazuNihaIrarenai_005_R_bubble_032.png,51.5,6209.8,52.7,1102.1,0,60.4,1987.6,2048.0,54,N/A
2026-04-15 10:34:09.721,Connecting with Ollama,32.8,6212.8,52.8,1108.7,0,60.4,1987.6,2048.0,54,N/A
2026-04-15 10:34:10.221,Translating なら,32.1,6216.6,52.8,1108.8,0,60.4,1987.6,2048.0,54,N/A
2026-04-15 10:34:10.722,Translating ははは！！！？,58.5,6220.1,52.8,1108.8,0,60.4,1987.6,2048.0,54,N/A
2026-04-15 10:34:11.223,Translating ははは！！！？,34.4,6239.0,53.0,1108.8,0,60.4,1987.6,2048.0,54,N/A
2026-04-15 10:34:11.724,Translating ははは！！！？,49.9,6243.1,53.0,1108.8,0,60.4,1987.6,2048.0,54,N/A
2026-04-15 10:34:12.226,Translating 廃品回収,58.2,6242.6,53.0,1108.8,0,60.4,1987.6,2048.0,54,N/A
2026-04-15 10:34:12.727,Translating 廃品回収,35.5,6245.9,53.0,1108.8,0,60.4,1987.6,2048.0,54,N/A
2026-04-15 10:34:13.228,Translating 廃品回収,50.0,6246.4,53.0,1108.8,0,60.4,1987.6,2048.0,54,N/A
2026-04-15 10:34:13.729,Translating キャラカ少なそう,43.3,6188.3,52.6,1108.8,0,60.4,1987.6,2048.0,54,N/A
2026-04-15 10:34:14.230,Translating キャラカ少なそう,50.1,6189.5,52.6,1108.8,0,60.4,1987.6,2048.0,54,N/A
2026-04-15 10:34:14.731,Translating キャラカ少なそう,49.9,6189.5,52.6,1108.8,0,60.4,1987.6,2048.0,54,N/A
2026-04-15 10:34:15.232,Translating 郵便物の区分けとか,53.1,6192.1,52.6,1108.8,0,60.4,1987.6,2048.0,54,N/A
2026-04-15 10:34:15.733,Translating 郵便物の区分けとか,38.8,6192.8,52.6,1108.8,0,60.4,1987.6,2048.0,54,N/A
2026-04-15 10:34:16.234,Translating 郵便物の区分けとか,50.1,6196.7,52.6,1108.8,0,60.4,1987.6,2048.0,54,N/A
2026-04-15 10:34:16.736,Translating はあそれも考えたんですけど,58.4,6192.2,52.6,1108.8,0,60.4,1987.6,2048.0,54,N/A
2026-04-15 10:34:17.236,Translating はあそれも考えたんですけど,31.9,6206.3,52.7,1108.8,0,60.4,1987.6,2048.0,54,N/A
2026-04-15 10:34:17.738,Translating はあそれも考えたんですけど,50.1,6206.3,52.7,1108.8,0,60.4,1987.6,2048.0,54,N/A
2026-04-15 10:34:18.239,Translating はあそれも考えたんですけど,50.0,6206.8,52.7,1108.8,0,60.4,1987.6,2048.0,54,N/A
2026-04-15 10:34:18.740,Translating ごめんなさいでもちょっとだけ,50.3,6207.6,52.7,1108.9,0,60.4,1987.6,2048.0,54,N/A
2026-04-15 10:34:19.241,Translating ごめんなさいでもちょっとだけ,40.6,6213.5,52.8,1108.9,0,60.4,1987.6,2048.0,54,N/A
2026-04-15 10:34:19.742,Translating ごめんなさいでもちょっとだけ,50.6,6214.0,52.8,1108.9,0,60.4,1987.6,2048.0,54,N/A
2026-04-15 10:34:20.243,Translating ごめんなさいでもちょっとだけ,49.9,6217.7,52.8,1108.9,0,60.4,1987.6,2048.0,54,N/A
2026-04-15 10:34:20.745,Translating ごめんなさいでもちょっとだけ,49.8,6211.8,52.8,1108.9,0,60.4,1987.6,2048.0,54,N/A
2026-04-15 10:34:21.245,Translating ごめんなさいでもちょっとだけ,50.9,6211.7,52.8,1108.9,0,60.4,1987.6,2048.0,54,N/A
2026-04-15 10:34:21.747,Translating あそーいうコマゴマしたのダメ！！,40.9,6230.4,52.9,1108.9,0,60.4,1987.6,2048.0,54,N/A
2026-04-15 10:34:22.248,Translating あそーいうコマゴマしたのダメ！！,50.4,6231.1,52.9,1108.9,0,60.4,1987.6,2048.0,54,N/A
2026-04-15 10:34:22.749,Translating あそーいうコマゴマしたのダメ！！,49.9,6231.1,52.9,1108.9,0,60.4,1987.6,2048.0,54,N/A
2026-04-15 10:34:23.250,Translating あそーいうコマゴマしたのダメ！！,49.9,6231.0,52.9,1108.9,0,60.4,1987.6,2048.0,54,N/A
2026-04-15 10:34:23.751,Translating あそーいうコマゴマしたのダメ！！,49.9,6231.2,52.9,1108.9,0,60.4,1987.6,2048.0,54,N/A
2026-04-15 10:34:24.252,Translating ノーパン喫茶ででも働くんだな,49.1,6233.5,52.9,1108.9,0,60.4,1987.6,2048.0,54,N/A
2026-04-15 10:34:24.753,Translating ノーパン喫茶ででも働くんだな,44.5,6233.5,52.9,1108.9,0,60.4,1987.6,2048.0,54,N/A
2026-04-15 10:34:25.254,Translating ノーパン喫茶ででも働くんだな,50.2,6233.2,52.9,1108.9,0,60.4,1987.6,2048.0,54,N/A
2026-04-15 10:34:25.755,Translating ノーパン喫茶ででも働くんだな,49.7,6233.9,52.9,1108.9,0,60.4,1987.6,2048.0,54,N/A
2026-04-15 10:34:26.256,Translating ノーパン喫茶ででも働くんだな,50.0,6232.7,52.9,1108.9,0,60.4,1987.6,2048.0,54,N/A
2026-04-15 10:34:26.757,Translating ノーパン喫茶ででも働くんだな,50.3,6217.7,52.8,1108.9,0,60.4,1987.6,2048.0,54,N/A
2026-04-15 10:34:27.262,Translating じゃさウエイトレスなんかいいんじゃない？,58.2,6214.6,52.8,1108.9,0,60.4,1987.6,2048.0,54,N/A
2026-04-15 10:34:27.764,Translating じゃさウエイトレスなんかいいんじゃない？,35.5,6208.2,52.7,1108.9,0,60.4,1987.6,2048.0,54,N/A
2026-04-15 10:34:28.265,Translating じゃさウエイトレスなんかいいんじゃない？,50.2,6208.3,52.7,1108.9,0,60.4,1987.6,2048.0,55,N/A
2026-04-15 10:34:28.766,Translating じゃさウエイトレスなんかいいんじゃない？,49.7,6208.2,52.7,1108.9,0,60.4,1987.6,2048.0,54,N/A
2026-04-15 10:34:29.267,Translating じゃさウエイトレスなんかいいんじゃない？,50.3,6212.2,52.8,1108.9,0,60.4,1987.6,2048.0,54,N/A
2026-04-15 10:34:29.768,Translating じゃさウエイトレスなんかいいんじゃない？,50.6,6200.0,52.7,1108.9,0,60.4,1987.6,2048.0,55,N/A
2026-04-15 10:34:30.269,Translating あの今さミーティングの途中なんだけど．．．,42.3,6199.5,52.6,1108.9,0,60.4,1987.6,2048.0,54,N/A
2026-04-15 10:34:30.770,Translating あの今さミーティングの途中なんだけど．．．,50.0,6199.5,52.6,1108.9,0,60.4,1987.6,2048.0,55,N/A
2026-04-15 10:34:31.271,Translating あの今さミーティングの途中なんだけど．．．,50.0,6200.9,52.7,1108.9,0,60.4,1987.6,2048.0,55,N/A
2026-04-15 10:34:31.773,Translating あの今さミーティングの途中なんだけど．．．,49.9,6201.1,52.7,1108.9,0,60.4,1987.6,2048.0,55,N/A
2026-04-15 10:34:32.274,Translating あの今さミーティングの途中なんだけど．．．,50.0,6196.1,52.6,1108.9,0,60.4,1987.6,2048.0,54,N/A
2026-04-15 10:34:32.775,Translating あの今さミーティングの途中なんだけど．．．,50.7,6196.3,52.6,1108.9,0,60.4,1987.6,2048.0,55,N/A
2026-04-15 10:34:33.276,Translating ああそれたいてい給料安い上にへんぺい足になるんだって,57.2,6202.3,52.7,1108.9,0,60.4,1987.6,2048.0,55,N/A
2026-04-15 10:34:33.777,Translating ああそれたいてい給料安い上にへんぺい足になるんだって,34.9,6210.0,52.7,1108.9,0,60.4,1987.6,2048.0,55,N/A
2026-04-15 10:34:34.278,Translating ああそれたいてい給料安い上にへんぺい足になるんだって,50.7,6210.5,52.7,1108.9,0,60.4,1987.6,2048.0,55,N/A
2026-04-15 10:34:34.779,Translating ああそれたいてい給料安い上にへんぺい足になるんだって,50.1,6211.1,52.7,1108.9,0,60.4,1987.6,2048.0,55,N/A
2026-04-15 10:34:35.281,Translating ああそれたいてい給料安い上にへんぺい足になるんだって,49.6,6209.2,52.7,1108.9,0,60.4,1987.6,2048.0,55,N/A
2026-04-15 10:34:35.782,Translating ああそれたいてい給料安い上にへんぺい足になるんだって,50.9,6209.2,52.7,1108.9,0,60.4,1987.6,2048.0,55,N/A
2026-04-15 10:34:36.283,Translating ああそれたいてい給料安い上にへんぺい足になるんだって,49.9,6208.1,52.7,1108.9,0,60.4,1987.6,2048.0,55,N/A
2026-04-15 10:34:36.784,Translating ああそれたいてい給料安い上にへんぺい足になるんだって,49.7,6212.2,52.8,1108.9,0,60.4,1987.6,2048.0,55,N/A
2026-04-15 10:34:37.285,Translating ああそれたいてい給料安い上にへんぺい足になるんだって,49.9,6212.7,52.8,1108.9,0,60.4,1987.6,2048.0,55,N/A
2026-04-15 10:34:37.786,Translating ああそれたいてい給料安い上にへんぺい足になるんだって,51.0,6213.5,52.8,1108.9,0,60.4,1987.6,2048.0,55,N/A
2026-04-15 10:34:38.287,Translating わざわざ呼びだしたりするからなにかと思えばそんなことか,53.1,6218.5,52.8,1108.9,0,60.4,1987.6,2048.0,55,N/A
2026-04-15 10:34:38.788,Translating わざわざ呼びだしたりするからなにかと思えばそんなことか,36.3,6209.9,52.7,1108.9,0,60.4,1987.6,2048.0,55,N/A
2026-04-15 10:34:39.289,Translating わざわざ呼びだしたりするからなにかと思えばそんなことか,50.1,6210.4,52.7,1108.9,0,60.4,1987.6,2048.0,55,N/A
2026-04-15 10:34:39.790,Translating わざわざ呼びだしたりするからなにかと思えばそんなことか,50.1,6214.4,52.8,1108.9,0,60.4,1987.6,2048.0,55,N/A
2026-04-15 10:34:40.292,Translating わざわざ呼びだしたりするからなにかと思えばそんなことか,50.0,6218.1,52.8,1108.9,0,60.4,1987.6,2048.0,55,N/A
2026-04-15 10:34:40.793,Translating わざわざ呼びだしたりするからなにかと思えばそんなことか,50.5,6213.6,52.8,1108.9,0,60.4,1987.6,2048.0,55,N/A
2026-04-15 10:34:41.294,Translating え？アルバイト？,56.5,6220.5,52.8,1108.9,0,60.4,1987.6,2048.0,55,N/A
2026-04-15 10:34:41.795,Translating え？アルバイト？,34.5,6235.8,53.0,1108.9,0,60.4,1987.6,2048.0,55,N/A
2026-04-15 10:34:42.296,Translating え？アルバイト？,50.1,6234.9,52.9,1108.9,0,60.4,1987.6,2048.0,55,N/A
2026-04-15 10:34:42.797,Translating え？アルバイト？,50.0,6238.9,53.0,1108.9,0,60.4,1987.6,2048.0,55,N/A
2026-04-15 10:34:43.299,Translating ヘンに悩まないで家庭教師でもやればいいじゃないか,50.5,6230.9,52.9,1108.9,0,60.4,1987.6,2048.0,55,N/A
2026-04-15 10:34:43.800,Translating ヘンに悩まないで家庭教師でもやればいいじゃないか,41.9,6232.9,52.9,1108.9,0,60.4,1987.6,2048.0,55,N/A
2026-04-15 10:34:44.301,Translating ヘンに悩まないで家庭教師でもやればいいじゃないか,50.6,6234.3,52.9,1108.9,0,60.4,1987.6,2048.0,55,N/A
2026-04-15 10:34:44.802,Translating ヘンに悩まないで家庭教師でもやればいいじゃないか,50.0,6234.3,52.9,1108.9,0,60.4,1987.6,2048.0,55,N/A
2026-04-15 10:34:45.304,Translating ヘンに悩まないで家庭教師でもやればいいじゃないか,49.9,6235.7,53.0,1108.9,0,60.4,1987.6,2048.0,55,N/A
2026-04-15 10:34:45.805,Translating ヘンに悩まないで家庭教師でもやればいいじゃないか,49.8,6235.9,53.0,1108.9,0,60.4,1987.6,2048.0,55,N/A
2026-04-15 10:34:46.306,Translating ヘンに悩まないで家庭教師でもやればいいじゃないか,50.9,6226.0,52.9,1108.9,0,60.4,1987.6,2048.0,55,N/A
2026-04-15 10:34:46.807,Translating ヘンに悩まないで家庭教師でもやればいいじゃないか,49.9,6226.3,52.9,1108.9,0,60.4,1987.6,2048.0,55,N/A
2026-04-15 10:34:47.308,Translating 家庭教師って子供を教育するんでしょ？なんかそういうのって荷が重そうで．．．,55.9,6223.3,52.9,1108.9,0,60.4,1987.6,2048.0,55,N/A
2026-04-15 10:34:47.809,Translating 家庭教師って子供を教育するんでしょ？なんかそういうのって荷が重そうで．．．,35.9,6217.4,52.8,1108.9,0,60.4,1987.6,2048.0,55,N/A
2026-04-15 10:34:48.310,Translating 家庭教師って子供を教育するんでしょ？なんかそういうのって荷が重そうで．．．,50.3,6217.8,52.8,1108.9,0,60.4,1987.6,2048.0,55,N/A
2026-04-15 10:34:48.812,Translating 家庭教師って子供を教育するんでしょ？なんかそういうのって荷が重そうで．．．,50.1,6217.8,52.8,1108.9,0,60.4,1987.6,2048.0,55,N/A
2026-04-15 10:34:49.313,Translating 家庭教師って子供を教育するんでしょ？なんかそういうのって荷が重そうで．．．,50.1,6221.6,52.8,1108.9,0,60.4,1987.6,2048.0,55,N/A
2026-04-15 10:34:49.814,Translating 家庭教師って子供を教育するんでしょ？なんかそういうのって荷が重そうで．．．,51.2,6223.1,52.8,1108.9,0,60.4,1987.6,2048.0,55,N/A
2026-04-15 10:34:50.315,Translating 家庭教師って子供を教育するんでしょ？なんかそういうのって荷が重そうで．．．,49.7,6220.7,52.8,1108.9,0,60.4,1987.6,2048.0,55,N/A
2026-04-15 10:34:50.816,Translating 家庭教師って子供を教育するんでしょ？なんかそういうのって荷が重そうで．．．,50.0,6210.8,52.7,1108.9,0,60.4,1987.6,2048.0,55,N/A
2026-04-15 10:34:51.317,Translating 家庭教師って子供を教育するんでしょ？なんかそういうのって荷が重そうで．．．,50.0,6214.3,52.8,1108.9,0,60.4,1987.6,2048.0,55,N/A
2026-04-15 10:34:51.819,Translating 家庭教師って子供を教育するんでしょ？なんかそういうのって荷が重そうで．．．,50.1,6214.5,52.8,1108.9,0,60.4,1987.6,2048.0,55,N/A
2026-04-15 10:34:52.320,Translating 家庭教師って子供を教育するんでしょ？なんかそういうのって荷が重そうで．．．,50.1,6214.2,52.8,1108.9,0,60.4,1987.6,2048.0,55,N/A
2026-04-15 10:34:52.821,Translating あちゃー,41.3,6231.2,52.9,1108.9,0,60.4,1987.6,2048.0,55,N/A
2026-04-15 10:34:53.322,Translating あちゃー,50.1,6235.0,53.0,1108.9,0,60.4,1987.6,2048.0,55,N/A
2026-04-15 10:34:53.823,Translating ぼーぜん,55.7,6246.9,53.1,1108.9,0,60.4,1987.6,2048.0,55,N/A
2026-04-15 10:34:54.324,Translating ぼーぜん,37.6,6212.2,52.8,1108.9,0,60.4,1987.6,2048.0,55,N/A
2026-04-15 10:34:54.826,Translating ぼーぜん,51.4,6212.5,52.8,1108.9,0,60.4,1987.6,2048.0,55,N/A
2026-04-15 10:34:55.327,Translating しかしやばいなあ,39.0,6217.2,52.8,1108.9,0,60.4,1987.6,2048.0,55,N/A
2026-04-15 10:34:55.828,Translating しかしやばいなあ,50.2,6218.6,52.8,1108.9,0,60.4,1987.6,2048.0,55,N/A
2026-04-15 10:34:56.329,Translating しかしやばいなあ,50.0,6215.5,52.8,1108.9,0,60.4,1987.6,2048.0,55,N/A
2026-04-15 10:34:56.831,Translating あー冷蔵庫が遠のく,51.1,6202.1,52.7,1108.9,0,60.4,1987.6,2048.0,55,N/A
2026-04-15 10:34:57.331,Translating あー冷蔵庫が遠のく,40.6,6205.8,52.7,1108.9,0,60.4,1987.6,2048.0,55,N/A
2026-04-15 10:34:57.833,Translating あー冷蔵庫が遠のく,49.9,6205.6,52.7,1108.9,0,60.4,1987.6,2048.0,55,N/A
2026-04-15 10:34:58.334,Translating あー冷蔵庫が遠のく,50.5,6201.8,52.7,1108.9,0,60.4,1987.6,2048.0,55,N/A
2026-04-15 10:34:58.835,Translating あー冷蔵庫が遠のく,49.7,6205.8,52.7,1108.9,0,60.4,1987.6,2048.0,55,N/A
2026-04-15 10:34:59.336,Translating できれば前借りさしてくれるとこで,48.4,6226.1,52.9,1108.9,0,60.4,1987.6,2048.0,55,N/A
2026-04-15 10:34:59.837,Translating できれば前借りさしてくれるとこで,44.0,6221.9,52.8,1108.9,0,60.4,1987.6,2048.0,55,N/A
2026-04-15 10:35:00.338,Translating できれば前借りさしてくれるとこで,49.9,6222.6,52.8,1108.9,0,60.4,1987.6,2048.0,55,N/A
2026-04-15 10:35:00.839,Translating できれば前借りさしてくれるとこで,49.8,6231.3,52.9,1108.9,0,60.4,1987.6,2048.0,55,N/A
2026-04-15 10:35:01.341,Translating できれば前借りさしてくれるとこで,50.9,6212.0,52.8,1108.9,0,60.4,1987.6,2048.0,55,N/A
2026-04-15 10:35:01.842,Translating できれば前借りさしてくれるとこで,49.6,6207.2,52.7,1108.9,0,60.4,1987.6,2048.0,55,N/A
2026-04-15 10:35:02.343,Translating あーなんかいいバイないかな,54.1,6210.4,52.7,1108.9,0,60.4,1987.6,2048.0,55,N/A
2026-04-15 10:35:02.844,Translating あーなんかいいバイないかな,37.5,6222.2,52.8,1108.9,0,60.4,1987.6,2048.0,55,N/A
2026-04-15 10:35:03.345,Translating あーなんかいいバイないかな,50.1,6231.2,52.9,1108.9,0,60.4,1987.6,2048.0,55,N/A
2026-04-15 10:35:03.846,Translating あーなんかいいバイないかな,50.6,6222.6,52.8,1108.9,0,60.4,1987.6,2048.0,55,N/A
2026-04-15 10:35:04.347,Translating あーなんかいいバイないかな,50.1,6227.3,52.9,1108.9,0,60.4,1987.6,2048.0,55,N/A
2026-04-15 10:35:04.849,Translating こんなことだったらあの炊飯器買うんじゃなかった,48.9,6234.3,52.9,1108.9,0,60.4,1987.6,2048.0,55,N/A
2026-04-15 10:35:05.349,Translating こんなことだったらあの炊飯器買うんじゃなかった,41.6,6234.7,52.9,1108.9,0,60.4,1987.6,2048.0,55,N/A
2026-04-15 10:35:05.850,Translating こんなことだったらあの炊飯器買うんじゃなかった,49.9,6237.6,53.0,1108.9,0,60.4,1987.6,2048.0,55,N/A
2026-04-15 10:35:06.352,Translating こんなことだったらあの炊飯器買うんじゃなかった,50.0,6234.5,52.9,1108.9,0,60.4,1987.6,2048.0,55,N/A
2026-04-15 10:35:06.853,Translating こんなことだったらあの炊飯器買うんじゃなかった,50.7,6234.7,52.9,1108.9,0,60.4,1987.6,2048.0,55,N/A
2026-04-15 10:35:07.354,Translating こんなことだったらあの炊飯器買うんじゃなかった,50.0,6231.9,52.9,1108.9,0,60.4,1987.6,2048.0,55,N/A
2026-04-15 10:35:07.855,Translating こんなことだったらあの炊飯器買うんじゃなかった,49.6,6232.1,52.9,1108.9,0,60.4,1987.6,2048.0,55,N/A
2026-04-15 10:35:08.356,Translating こんなことだったらあの炊飯器買うんじゃなかった,50.1,6231.6,52.9,1108.9,0,60.4,1987.6,2048.0,55,N/A
2026-04-15 10:35:08.858,Translating できればらくーで高いバイト料くれるとこ,59.4,6225.2,52.9,1108.9,0,60.4,1987.6,2048.0,55,N/A
2026-04-15 10:35:09.358,Translating できればらくーで高いバイト料くれるとこ,33.7,6225.9,52.9,1108.9,0,60.4,1987.6,2048.0,55,N/A
2026-04-15 10:35:09.859,Translating できればらくーで高いバイト料くれるとこ,50.0,6225.9,52.9,1108.9,0,60.4,1987.6,2048.0,55,N/A
2026-04-15 10:35:10.361,Translating できればらくーで高いバイト料くれるとこ,49.8,6223.9,52.9,1108.9,0,60.4,1987.6,2048.0,55,N/A
2026-04-15 10:35:10.862,Translating できればらくーで高いバイト料くれるとこ,50.4,6225.4,52.9,1108.9,0,60.4,1987.6,2048.0,55,N/A
2026-04-15 10:35:11.363,Translating できればらくーで高いバイト料くれるとこ,50.9,6228.3,52.9,1108.9,0,60.4,1987.6,2048.0,55,N/A
2026-04-15 10:35:11.864,Translating できればらくーで高いバイト料くれるとこ,49.9,6228.0,52.9,1108.9,0,60.4,1987.6,2048.0,55,N/A
2026-04-15 10:35:12.365,Translating できればらくーで高いバイト料くれるとこ,49.6,6226.9,52.9,1108.9,0,60.4,1987.6,2048.0,55,N/A
2026-04-15 10:35:12.866,Translating 心苦しいのはこっちだちゃ,42.9,6232.2,52.9,1108.9,0,60.4,1987.6,2048.0,55,N/A
2026-04-15 10:35:13.367,Translating 心苦しいのはこっちだちゃ,50.4,6230.4,52.9,1108.9,0,60.4,1987.6,2048.0,55,N/A
2026-04-15 10:35:13.868,Translating 心苦しいのはこっちだちゃ,49.6,6232.9,52.9,1108.9,0,60.4,1987.6,2048.0,55,N/A
2026-04-15 10:35:14.370,Translating 心苦しいのはこっちだちゃ,50.9,6237.9,53.0,1108.9,0,60.4,1987.6,2048.0,55,N/A
2026-04-15 10:35:14.871,Translating 心苦しいのはこっちだちゃ,50.0,6237.7,53.0,1108.9,0,60.4,1987.6,2048.0,55,N/A
2026-04-15 10:35:15.372,Translating たいへんねえ北陸の貧しい農家に生まれると,46.0,6216.4,52.8,1108.9,0,60.4,1987.6,2048.0,55,N/A
2026-04-15 10:35:15.873,Translating たいへんねえ北陸の貧しい農家に生まれると,45.4,6220.6,52.8,1108.9,0,60.4,1987.6,2048.0,55,N/A
2026-04-15 10:35:16.374,Translating たいへんねえ北陸の貧しい農家に生まれると,50.5,6220.6,52.8,1108.9,0,60.4,1987.6,2048.0,55,N/A
2026-04-15 10:35:16.875,Translating たいへんねえ北陸の貧しい農家に生まれると,50.1,6222.0,52.8,1108.9,0,60.4,1987.6,2048.0,55,N/A
2026-04-15 10:35:17.376,Translating たいへんねえ北陸の貧しい農家に生まれると,50.5,6222.7,52.8,1108.9,0,60.4,1987.6,2048.0,55,N/A
2026-04-15 10:35:17.877,Translating たいへんねえ北陸の貧しい農家に生まれると,49.9,6226.9,52.9,1108.9,0,60.4,1987.6,2048.0,55,N/A
2026-04-15 10:35:18.378,Translating たいへんねえ北陸の貧しい農家に生まれると,50.0,6226.6,52.9,1108.9,0,60.4,1987.6,2048.0,55,N/A
2026-04-15 10:35:18.880,Translating ３万．．．！！ひっで――あたしなんか１１万ももらってるのに,56.1,6232.2,52.9,1108.9,0,60.4,1987.6,2048.0,55,N/A
2026-04-15 10:35:19.381,Translating ３万．．．！！ひっで――あたしなんか１１万ももらってるのに,37.5,6234.6,52.9,1108.9,0,60.4,1987.6,2048.0,55,N/A
2026-04-15 10:35:19.882,Translating ３万．．．！！ひっで――あたしなんか１１万ももらってるのに,50.1,6234.6,52.9,1108.9,0,60.4,1987.6,2048.0,55,N/A
2026-04-15 10:35:20.383,Translating ３万．．．！！ひっで――あたしなんか１１万ももらってるのに,50.2,6235.3,53.0,1108.9,0,60.4,1987.6,2048.0,55,N/A
2026-04-15 10:35:20.884,Translating ３万．．．！！ひっで――あたしなんか１１万ももらってるのに,50.9,6242.8,53.0,1108.9,0,60.4,1987.6,2048.0,55,N/A
2026-04-15 10:35:21.385,Translating ３万．．．！！ひっで――あたしなんか１１万ももらってるのに,50.0,6248.0,53.1,1108.9,0,60.4,1987.6,2048.0,55,N/A
2026-04-15 10:35:21.887,Translating ３万．．．！！ひっで――あたしなんか１１万ももらってるのに,49.7,6248.0,53.1,1108.9,0,60.4,1987.6,2048.0,55,N/A
2026-04-15 10:35:22.388,Translating ３万．．．！！ひっで――あたしなんか１１万ももらってるのに,49.9,6246.1,53.0,1108.9,0,60.4,1987.6,2048.0,55,N/A
2026-04-15 10:35:22.889,Translating ３万．．．！！ひっで――あたしなんか１１万ももらってるのに,49.9,6246.1,53.0,1108.9,0,60.4,1987.6,2048.0,55,N/A
2026-04-15 10:35:23.390,Translating ３万．．．！！ひっで――あたしなんか１１万ももらってるのに,50.2,6245.7,53.0,1108.9,0,60.4,1987.6,2048.0,55,N/A
2026-04-15 10:35:23.891,Translating 家の悪口いわないでくれる？もともとムリをいったあたしが悪かったんだ,43.8,6247.5,53.1,1108.9,0,60.4,1987.6,2048.0,55,N/A
2026-04-15 10:35:24.392,Translating 家の悪口いわないでくれる？もともとムリをいったあたしが悪かったんだ,46.8,6239.4,53.0,1108.9,0,60.4,1987.6,2048.0,55,N/A
2026-04-15 10:35:24.893,Translating 家の悪口いわないでくれる？もともとムリをいったあたしが悪かったんだ,50.1,6239.4,53.0,1108.9,0,60.4,1987.6,2048.0,55,N/A
2026-04-15 10:35:25.394,Translating 家の悪口いわないでくれる？もともとムリをいったあたしが悪かったんだ,50.0,6243.5,53.0,1108.9,0,60.4,1987.6,2048.0,55,N/A
2026-04-15 10:35:25.896,Translating 家の悪口いわないでくれる？もともとムリをいったあたしが悪かったんだ,50.7,6243.2,53.0,1108.9,0,60.4,1987.6,2048.0,55,N/A
2026-04-15 10:35:26.396,Translating 家の悪口いわないでくれる？もともとムリをいったあたしが悪かったんだ,50.1,6247.3,53.1,1108.9,0,60.4,1987.6,2048.0,55,N/A
2026-04-15 10:35:26.898,Translating 家の悪口いわないでくれる？もともとムリをいったあたしが悪かったんだ,49.6,6247.1,53.1,1108.9,0,60.4,1987.6,2048.0,55,N/A
2026-04-15 10:35:27.399,Translating 家の悪口いわないでくれる？もともとムリをいったあたしが悪かったんだ,49.9,6246.3,53.0,1108.9,0,60.4,1987.6,2048.0,55,N/A
2026-04-15 10:35:27.900,Translating 家の悪口いわないでくれる？もともとムリをいったあたしが悪かったんだ,50.1,6245.9,53.0,1108.9,0,60.4,1987.6,2048.0,55,N/A
2026-04-15 10:35:28.401,Translating 家の悪口いわないでくれる？もともとムリをいったあたしが悪かったんだ,50.0,6246.3,53.0,1108.9,0,60.4,1987.6,2048.0,55,N/A
2026-04-15 10:35:28.903,Translating このままだと今月はいいとしても来月は完全に飢え死にするなあ,55.7,6241.8,53.0,1108.9,0,60.4,1987.6,2048.0,55,N/A
2026-04-15 10:35:29.403,Translating このままだと今月はいいとしても来月は完全に飢え死にするなあ,33.8,6219.6,52.8,1108.9,0,60.4,1987.6,2048.0,55,N/A
2026-04-15 10:35:29.904,Translating このままだと今月はいいとしても来月は完全に飢え死にするなあ,50.1,6219.5,52.8,1108.9,0,60.4,1987.6,2048.0,55,N/A
2026-04-15 10:35:30.406,Translating このままだと今月はいいとしても来月は完全に飢え死にするなあ,50.1,6215.3,52.8,1108.9,0,60.4,1987.6,2048.0,55,N/A
2026-04-15 10:35:30.907,Translating このままだと今月はいいとしても来月は完全に飢え死にするなあ,50.6,6219.3,52.8,1108.9,0,60.4,1987.6,2048.0,55,N/A
2026-04-15 10:35:31.408,Translating このままだと今月はいいとしても来月は完全に飢え死にするなあ,50.4,6219.6,52.8,1108.9,0,60.4,1987.6,2048.0,55,N/A
2026-04-15 10:35:31.909,Translating このままだと今月はいいとしても来月は完全に飢え死にするなあ,49.9,6216.6,52.8,1108.9,0,60.4,1987.6,2048.0,55,N/A
2026-04-15 10:35:32.410,Translating このままだと今月はいいとしても来月は完全に飢え死にするなあ,49.9,6216.6,52.8,1108.9,0,60.4,1987.6,2048.0,55,N/A
2026-04-15 10:35:32.911,Translating このままだと今月はいいとしても来月は完全に飢え死にするなあ,50.1,6216.8,52.8,1108.9,0,60.4,1987.6,2048.0,55,N/A
2026-04-15 10:35:33.412,Translating このままだと今月はいいとしても来月は完全に飢え死にするなあ,50.1,6217.0,52.8,1108.9,0,60.4,1987.6,2048.0,55,N/A
2026-04-15 10:35:33.914,Translating このままだと今月はいいとしても来月は完全に飢え死にするなあ,49.8,6209.1,52.7,1108.9,0,60.4,1987.6,2048.0,55,N/A
2026-04-15 10:35:34.415,Translating 母親としてなにもしてやれなくて心苦しく．．．,48.9,6227.5,52.9,1109.0,0,60.4,1987.6,2048.0,55,N/A
2026-04-15 10:35:34.916,Translating 母親としてなにもしてやれなくて心苦しく．．．,42.6,6227.8,52.9,1109.0,0,60.4,1987.6,2048.0,55,N/A
2026-04-15 10:35:35.417,Translating 母親としてなにもしてやれなくて心苦しく．．．,50.3,6228.4,52.9,1109.0,0,60.4,1987.6,2048.0,55,N/A
2026-04-15 10:35:35.918,Translating 母親としてなにもしてやれなくて心苦しく．．．,50.2,6229.1,52.9,1109.0,0,60.4,1987.6,2048.0,55,N/A
2026-04-15 10:35:36.419,Translating 母親としてなにもしてやれなくて心苦しく．．．,49.7,6237.6,53.0,1109.0,0,60.4,1987.6,2048.0,55,N/A
2026-04-15 10:35:36.921,Translating 母親としてなにもしてやれなくて心苦しく．．．,49.9,6241.9,53.0,1109.0,0,60.4,1987.6,2048.0,55,N/A
2026-04-15 10:35:37.422,Translating 母親としてなにもしてやれなくて心苦しく．．．,50.7,6235.1,53.0,1109.0,0,60.4,1987.6,2048.0,55,N/A
2026-04-15 10:35:37.923,Translating ３万円じゃ下宿代しか出ないじゃないのっ,40.9,6223.9,52.9,1109.0,0,60.4,1987.6,2048.0,55,N/A
2026-04-15 10:35:38.424,Translating ３万円じゃ下宿代しか出ないじゃないのっ,50.6,6224.4,52.9,1109.0,0,60.4,1987.6,2048.0,55,N/A
2026-04-15 10:35:38.925,Translating ３万円じゃ下宿代しか出ないじゃないのっ,49.9,6224.1,52.9,1109.0,0,60.4,1987.6,2048.0,55,N/A
2026-04-15 10:35:39.426,Translating ３万円じゃ下宿代しか出ないじゃないのっ,50.0,6228.2,52.9,1109.0,0,60.4,1987.6,2048.0,55,N/A
2026-04-15 10:35:39.927,Translating ３万円じゃ下宿代しか出ないじゃないのっ,49.9,6219.9,52.8,1109.0,0,60.4,1987.6,2048.0,55,N/A
2026-04-15 10:35:40.428,Translating ３万円じゃ下宿代しか出ないじゃないのっ,50.9,6220.2,52.8,1109.0,0,60.4,1987.6,2048.0,55,N/A
2026-04-15 10:35:40.930,Translating ３万円じゃ下宿代しか出ないじゃないのっ,49.6,6223.2,52.9,1109.0,0,60.4,1987.6,2048.0,55,N/A
2026-04-15 10:35:41.431,Translating ３万円じゃ下宿代しか出ないじゃないのっ,50.2,6221.8,52.8,1109.0,0,60.4,1987.6,2048.0,55,N/A
2026-04-15 10:35:41.932,Translating ただでさえ食べるものに事欠いてるってのに,55.6,6220.5,52.8,1109.0,0,60.4,1987.6,2048.0,55,N/A
2026-04-15 10:35:42.433,Translating ただでさえ食べるものに事欠いてるってのに,38.2,6228.4,52.9,1109.0,0,60.4,1987.6,2048.0,55,N/A
2026-04-15 10:35:42.934,Translating ただでさえ食べるものに事欠いてるってのに,50.0,6227.6,52.9,1109.0,0,60.4,1987.6,2048.0,55,N/A
2026-04-15 10:35:43.435,Translating ただでさえ食べるものに事欠いてるってのに,50.9,6235.7,53.0,1109.0,0,60.4,1987.6,2048.0,55,N/A
2026-04-15 10:35:43.937,Translating ただでさえ食べるものに事欠いてるってのに,49.9,6237.6,53.0,1109.0,0,60.4,1987.6,2048.0,55,N/A
2026-04-15 10:35:44.438,Translating ただでさえ食べるものに事欠いてるってのに,49.7,6238.2,53.0,1109.0,0,60.4,1987.6,2048.0,55,N/A
2026-04-15 10:35:44.939,BubbleTypesetter._apply_cleaning,56.1,6236.9,53.0,1109.0,0,60.4,1987.6,2048.0,55,N/A
2026-04-15 10:35:45.440,BubbleTypesetter._apply_cleaning,18.7,6236.9,53.0,1115.9,0,60.4,1987.6,2048.0,55,N/A
2026-04-15 10:35:45.942,BubbleTypesetter._apply_cleaning,12.5,6236.9,53.0,1115.9,0,60.4,1987.6,2048.0,55,N/A
2026-04-15 10:35:46.448,BubbleTypesetter._wrap_text_pixel_width,12.7,6236.1,53.0,1115.9,0,60.4,1987.6,2048.0,55,N/A
2026-04-15 10:35:47.005,BubbleTypesetter._wrap_text_pixel_width,12.6,6235.7,53.0,1115.9,0,60.4,1987.6,2048.0,55,N/A
2026-04-15 10:35:47.607,BubbleTypesetter._wrap_text_pixel_width,12.7,6235.2,53.0,1115.9,0,60.4,1987.6,2048.0,55,N/A
2026-04-15 10:35:48.167,BubbleTypesetter._wrap_text_pixel_width,12.5,6234.1,52.9,1115.9,0,60.4,1987.6,2048.0,55,N/A
2026-04-15 10:35:48.725,BubbleTypesetter._wrap_text_pixel_width,12.8,6234.1,52.9,1115.9,0,60.4,1987.6,2048.0,55,N/A
2026-04-15 10:35:49.302,BubbleTypesetter._apply_cleaning,12.6,6233.7,52.9,1115.9,0,60.4,1987.6,2048.0,55,N/A
2026-04-15 10:35:49.803,BubbleTypesetter._apply_cleaning,12.5,6233.3,52.9,1115.9,0,60.4,1987.6,2048.0,55,N/A
2026-04-15 10:35:50.309,BubbleTypesetter._wrap_text_pixel_width,12.4,6233.3,52.9,1115.9,0,60.4,1987.6,2048.0,55,N/A
2026-04-15 10:35:50.847,BubbleTypesetter._wrap_text_pixel_width,12.5,6233.5,52.9,1115.9,0,60.4,1987.6,2048.0,55,N/A
2026-04-15 10:35:51.625,yolo_start,0.0,5330.5,45.3,41.3,0,58.3,1989.7,2048.0,55,N/A
2026-04-15 10:35:52.129,EngineOCRFactory._setup_engine,33.3,5478.5,46.5,315.8,0,58.3,1989.7,2048.0,55,N/A
2026-04-15 10:35:52.647,EngineOCRFactory._setup_engine,12.7,5545.1,47.1,379.7,0,58.3,1989.7,2048.0,55,N/A
2026-04-15 10:35:53.151,EngineOCRFactory._setup_engine,12.2,5576.0,47.4,420.9,0,58.3,1989.7,2048.0,54,N/A
2026-04-15 10:35:53.653,EngineOCRFactory._run,24.7,5781.8,49.1,617.2,0,60.4,1987.6,2048.0,54,N/A
2026-04-15 10:35:54.154,EngineOCRFactory._run,47.5,5868.1,49.8,680.4,0,60.4,1987.6,2048.0,55,N/A
2026-04-15 10:35:54.656,EngineOCRFactory._run,46.1,5856.9,49.7,658.8,0,60.4,1987.6,2048.0,55,N/A
2026-04-15 10:35:55.157,EngineOCRFactory._run,5.0,5861.6,49.8,664.2,0,60.4,1987.6,2048.0,55,N/A
2026-04-15 10:35:55.661,EngineOCRFactory._run,2.5,5869.7,49.8,666.9,0,60.4,1987.6,2048.0,54,N/A
2026-04-15 10:35:56.162,EngineOCRFactory._run,11.7,6061.0,51.5,883.1,0,60.4,1987.6,2048.0,54,N/A
2026-04-15 10:35:56.663,EngineOCRFactory._run,45.9,6101.2,51.8,925.3,0,60.4,1987.6,2048.0,54,N/A
2026-04-15 10:35:57.164,EngineOCRFactory._run,27.7,6212.7,52.8,1459.9,0,60.4,1987.6,2048.0,54,N/A
2026-04-15 10:35:57.665,EngineOCRFactory._run,44.9,6250.6,53.1,1068.6,0,60.4,1987.6,2048.0,54,N/A
2026-04-15 10:35:58.166,MangaOCRExtractor.extract from ./tmp/yolo-1024-95pbt-5pbv-cpu/crops_AkkeraKanjinchou_003_L/AkkeraKanjinchou_003_L_bubble_002.png,54.6,6262.5,53.2,1080.2,0,60.4,1987.6,2048.0,54,N/A
2026-04-15 10:35:58.667,MangaOCRExtractor.extract from ./tmp/yolo-1024-95pbt-5pbv-cpu/crops_AkkeraKanjinchou_003_L/AkkeraKanjinchou_003_L_bubble_004.png,52.5,6263.4,53.2,1080.3,0,60.4,1987.6,2048.0,55,N/A
2026-04-15 10:35:59.168,MangaOCRExtractor.extract from ./tmp/yolo-1024-95pbt-5pbv-cpu/crops_AkkeraKanjinchou_003_L/AkkeraKanjinchou_003_L_bubble_006.png,52.1,6264.4,53.2,1080.3,0,60.4,1987.6,2048.0,55,N/A
2026-04-15 10:35:59.669,MangaOCRExtractor.extract from ./tmp/yolo-1024-95pbt-5pbv-cpu/crops_AkkeraKanjinchou_003_L/AkkeraKanjinchou_003_L_bubble_007.png,51.1,6265.7,53.2,1082.6,0,60.4,1987.6,2048.0,55,N/A
2026-04-15 10:36:00.170,MangaOCRExtractor.extract from ./tmp/yolo-1024-95pbt-5pbv-cpu/crops_AkkeraKanjinchou_003_L/AkkeraKanjinchou_003_L_bubble_008.png,51.0,6265.7,53.2,1082.6,0,60.4,1987.6,2048.0,55,N/A
2026-04-15 10:36:00.672,MangaOCRExtractor.extract from ./tmp/yolo-1024-95pbt-5pbv-cpu/crops_AkkeraKanjinchou_003_L/AkkeraKanjinchou_003_L_bubble_010.png,51.8,6266.0,53.2,1082.6,0,60.4,1987.6,2048.0,56,N/A
2026-04-15 10:36:01.173,MangaOCRExtractor.extract from ./tmp/yolo-1024-95pbt-5pbv-cpu/crops_AkkeraKanjinchou_003_L/AkkeraKanjinchou_003_L_bubble_011.png,51.1,6266.0,53.2,1082.7,0,60.4,1987.6,2048.0,56,N/A
2026-04-15 10:36:01.674,MangaOCRExtractor.extract from ./tmp/yolo-1024-95pbt-5pbv-cpu/crops_AkkeraKanjinchou_003_L/AkkeraKanjinchou_003_L_bubble_012.png,51.1,6266.2,53.2,1082.7,0,60.4,1987.6,2048.0,56,N/A
2026-04-15 10:36:02.175,MangaOCRExtractor.extract from ./tmp/yolo-1024-95pbt-5pbv-cpu/crops_AkkeraKanjinchou_003_R/AkkeraKanjinchou_003_R_bubble_013.png,51.1,6266.1,53.2,1082.7,0,60.4,1987.6,2048.0,55,N/A
2026-04-15 10:36:02.677,MangaOCRExtractor.extract from ./tmp/yolo-1024-95pbt-5pbv-cpu/crops_AkkeraKanjinchou_003_R/AkkeraKanjinchou_003_R_bubble_015.png,52.7,6266.3,53.2,1082.7,0,60.4,1987.6,2048.0,55,N/A
2026-04-15 10:36:03.179,MangaOCRExtractor.extract from ./tmp/yolo-1024-95pbt-5pbv-cpu/crops_AkkeraKanjinchou_003_R/AkkeraKanjinchou_003_R_bubble_016.png,51.1,6265.0,53.2,1082.7,0,60.4,1987.6,2048.0,55,N/A
2026-04-15 10:36:03.680,MangaOCRExtractor.extract from ./tmp/yolo-1024-95pbt-5pbv-cpu/crops_AkkeraKanjinchou_003_R/AkkeraKanjinchou_003_R_bubble_017.png,51.2,6264.8,53.2,1082.7,0,60.4,1987.6,2048.0,55,N/A
2026-04-15 10:36:04.181,MangaOCRExtractor.extract from ./tmp/yolo-1024-95pbt-5pbv-cpu/crops_AkkeraKanjinchou_003_R/AkkeraKanjinchou_003_R_bubble_019.png,52.4,6263.8,53.2,1082.7,0,60.4,1987.6,2048.0,55,N/A
2026-04-15 10:36:04.683,MangaOCRExtractor.extract from ./tmp/yolo-1024-95pbt-5pbv-cpu/crops_AkkeraKanjinchou_003_R/AkkeraKanjinchou_003_R_bubble_020.png,51.6,6263.8,53.2,1082.7,0,60.4,1987.6,2048.0,55,N/A
2026-04-15 10:36:05.259,MangaOCRExtractor.extract from ./tmp/yolo-1024-95pbt-5pbv-cpu/crops_AkkeraKanjinchou_003_R/AkkeraKanjinchou_003_R_bubble_021.png,42.7,6263.1,53.2,1086.0,0,60.4,1987.6,2048.0,55,N/A
2026-04-15 10:36:05.790,Translating ずずっ,23.4,6269.2,53.2,1089.7,0,60.4,1987.6,2048.0,55,N/A
2026-04-15 10:36:06.291,Translating ずずっ,50.7,6268.1,53.2,1089.7,0,60.4,1987.6,2048.0,55,N/A
2026-04-15 10:36:06.792,Translating ず～っ,40.5,6239.0,53.0,1089.7,0,60.4,1987.6,2048.0,55,N/A
2026-04-15 10:36:07.293,Translating ず～っ,49.7,6241.8,53.0,1089.7,0,60.4,1987.6,2048.0,55,N/A
2026-04-15 10:36:07.794,Translating 正一位大,53.4,6231.1,52.9,1089.7,0,60.4,1987.6,2048.0,55,N/A
2026-04-15 10:36:08.295,Translating 正一位大,36.6,6252.7,53.1,1089.7,0,60.4,1987.6,2048.0,55,N/A
2026-04-15 10:36:08.796,Translating くわばらくわぱら．．．,55.6,6258.9,53.2,1089.7,0,60.4,1987.6,2048.0,55,N/A
2026-04-15 10:36:09.297,Translating くわばらくわぱら．．．,36.3,6249.5,53.1,1089.7,0,60.4,1987.6,2048.0,55,N/A
2026-04-15 10:36:09.798,Translating くわばらくわぱら．．．,50.2,6249.5,53.1,1089.7,0,60.4,1987.6,2048.0,55,N/A
2026-04-15 10:36:10.299,Translating くわばらくわぱら．．．,49.8,6248.9,53.1,1089.7,0,60.4,1987.6,2048.0,55,N/A
2026-04-15 10:36:10.800,Translating くわばらくわぱら．．．,51.0,6244.1,53.0,1089.7,0,60.4,1987.6,2048.0,55,N/A
2026-04-15 10:36:11.302,Translating くわばらくわぱら．．．,49.6,6242.8,53.0,1089.7,0,60.4,1987.6,2048.0,55,N/A
2026-04-15 10:36:11.803,Translating 玉位大明神,41.5,6227.4,52.9,1089.7,0,60.4,1987.6,2048.0,55,N/A
2026-04-15 10:36:12.304,Translating 玉位大明神,46.8,6224.4,52.9,1089.7,0,60.4,1987.6,2048.0,55,N/A
2026-04-15 10:36:12.805,Translating 玉位大明神,50.0,6216.0,52.8,1089.7,0,60.4,1987.6,2048.0,55,N/A
2026-04-15 10:36:13.306,Translating 玉位大明神,50.4,6215.7,52.8,1089.7,0,60.4,1987.6,2048.0,55,N/A
2026-04-15 10:36:13.807,Translating 仏さんの有様が凄いんでしょ？,43.0,6237.2,53.0,1089.7,0,60.4,1987.6,2048.0,55,N/A
2026-04-15 10:36:14.308,Translating 仏さんの有様が凄いんでしょ？,50.6,6237.4,53.0,1089.7,0,60.4,1987.6,2048.0,55,N/A
2026-04-15 10:36:14.809,Translating 仏さんの有様が凄いんでしょ？,50.1,6237.8,53.0,1089.7,0,60.4,1987.6,2048.0,55,N/A
2026-04-15 10:36:15.310,Translating 仏さんの有様が凄いんでしょ？,49.8,6236.3,53.0,1089.7,0,60.4,1987.6,2048.0,55,N/A
2026-04-15 10:36:15.811,Translating 仏さんの有様が凄いんでしょ？,50.5,6236.6,53.0,1089.7,0,60.4,1987.6,2048.0,55,N/A
2026-04-15 10:36:16.313,Translating 妖の仕業じゃないかって．．．誰か言ってたっけ,39.8,6238.9,53.0,1089.7,0,60.4,1987.6,2048.0,55,N/A
2026-04-15 10:36:16.814,Translating 妖の仕業じゃないかって．．．誰か言ってたっけ,50.1,6239.2,53.0,1089.7,0,60.4,1987.6,2048.0,55,N/A
2026-04-15 10:36:17.315,Translating 妖の仕業じゃないかって．．．誰か言ってたっけ,50.1,6239.2,53.0,1089.7,0,60.4,1987.6,2048.0,55,N/A
2026-04-15 10:36:17.816,Translating 妖の仕業じゃないかって．．．誰か言ってたっけ,50.0,6239.1,53.0,1089.7,0,60.4,1987.6,2048.0,55,N/A
2026-04-15 10:36:18.317,Translating 妖の仕業じゃないかって．．．誰か言ってたっけ,49.9,6243.6,53.0,1089.7,0,60.4,1987.6,2048.0,55,N/A
2026-04-15 10:36:18.818,Translating 妖の仕業じゃないかって．．．誰か言ってたっけ,50.4,6244.1,53.0,1089.7,0,60.4,1987.6,2048.0,55,N/A
2026-04-15 10:36:19.319,Translating 妖の仕業じゃないかって．．．誰か言ってたっけ,50.5,6232.9,52.9,1089.7,0,60.4,1987.6,2048.0,55,N/A
2026-04-15 10:36:19.820,Translating 妖の仕業じゃないかって．．．誰か言ってたっけ,50.0,6232.8,52.9,1089.7,0,60.4,1987.6,2048.0,55,N/A
2026-04-15 10:36:20.322,Translating 妖の仕業じゃないかって．．．誰か言ってたっけ,49.7,6228.5,52.9,1089.7,0,60.4,1987.6,2048.0,55,N/A
2026-04-15 10:36:20.823,Translating 今度はお旗本の剣術指南役がバッサリだと！,38.6,6206.7,52.7,1089.7,0,60.4,1987.6,2048.0,55,N/A
2026-04-15 10:36:21.324,Translating 今度はお旗本の剣術指南役がバッサリだと！,50.0,6206.4,52.7,1089.7,0,60.4,1987.6,2048.0,55,N/A
2026-04-15 10:36:21.825,Translating 今度はお旗本の剣術指南役がバッサリだと！,50.3,6204.9,52.7,1089.7,0,60.4,1987.6,2048.0,55,N/A
2026-04-15 10:36:22.326,Translating 今度はお旗本の剣術指南役がバッサリだと！,50.6,6204.5,52.7,1089.7,0,60.4,1987.6,2048.0,55,N/A
2026-04-15 10:36:22.827,Translating 今度はお旗本の剣術指南役がバッサリだと！,50.1,6204.3,52.7,1089.7,0,60.4,1987.6,2048.0,55,N/A
2026-04-15 10:36:23.328,Translating 今度はお旗本の剣術指南役がバッサリだと！,49.8,6207.4,52.7,1089.7,0,60.4,1987.6,2048.0,55,N/A
2026-04-15 10:36:23.829,Translating 今度はお旗本の剣術指南役がバッサリだと！,50.0,6207.0,52.7,1089.7,0,60.4,1987.6,2048.0,55,N/A
2026-04-15 10:36:24.331,Translating 妖？はははそんなもんこの世にいるもんか！,44.0,6211.8,52.8,1089.7,0,60.4,1987.6,2048.0,55,N/A
2026-04-15 10:36:24.831,Translating 妖？はははそんなもんこの世にいるもんか！,49.8,6212.1,52.8,1089.7,0,60.4,1987.6,2048.0,55,N/A
2026-04-15 10:36:25.333,Translating 妖？はははそんなもんこの世にいるもんか！,50.1,6212.3,52.8,1089.7,0,60.4,1987.6,2048.0,55,N/A
2026-04-15 10:36:25.834,Translating 妖？はははそんなもんこの世にいるもんか！,49.8,6216.2,52.8,1089.7,0,60.4,1987.6,2048.0,55,N/A
2026-04-15 10:36:26.335,Translating 妖？はははそんなもんこの世にいるもんか！,49.9,6216.5,52.8,1089.7,0,60.4,1987.6,2048.0,55,N/A
2026-04-15 10:36:26.836,Translating 妖？はははそんなもんこの世にいるもんか！,50.0,6216.5,52.8,1089.7,0,60.4,1987.6,2048.0,55,N/A
2026-04-15 10:36:27.337,Translating 妖？はははそんなもんこの世にいるもんか！,50.0,6216.0,52.8,1089.7,0,60.4,1987.6,2048.0,55,N/A
2026-04-15 10:36:27.838,Translating 神田の辻斬り騒ぎ,55.4,6216.6,52.8,1089.7,0,60.4,1987.6,2048.0,55,N/A
2026-04-15 10:36:28.340,Translating 神田の辻斬り騒ぎ,36.3,6209.9,52.7,1089.7,0,60.4,1987.6,2048.0,55,N/A
2026-04-15 10:36:28.841,Translating 神田の辻斬り騒ぎ,50.1,6211.7,52.8,1089.7,0,60.4,1987.6,2048.0,55,N/A
2026-04-15 10:36:29.342,Translating 神田の辻斬り騒ぎ,50.0,6215.6,52.8,1089.7,0,60.4,1987.6,2048.0,55,N/A
2026-04-15 10:36:29.843,Translating 神田の辻斬り騒ぎ,51.1,6217.5,52.8,1089.7,0,60.4,1987.6,2048.0,55,N/A
2026-04-15 10:36:30.344,Translating 腕に覚えある剣士ばかり．．．これで十人近いよねぇー．．．,50.5,6204.3,52.7,1089.7,0,60.4,1987.6,2048.0,55,N/A
2026-04-15 10:36:30.845,Translating 腕に覚えある剣士ばかり．．．これで十人近いよねぇー．．．,39.9,6190.4,52.6,1089.7,0,60.4,1987.6,2048.0,55,N/A
2026-04-15 10:36:31.346,Translating 腕に覚えある剣士ばかり．．．これで十人近いよねぇー．．．,50.2,6190.5,52.6,1089.7,0,60.4,1987.6,2048.0,55,N/A
2026-04-15 10:36:31.847,Translating 腕に覚えある剣士ばかり．．．これで十人近いよねぇー．．．,50.3,6188.1,52.6,1089.7,0,60.4,1987.6,2048.0,55,N/A
2026-04-15 10:36:32.348,Translating 腕に覚えある剣士ばかり．．．これで十人近いよねぇー．．．,49.7,6188.4,52.6,1089.7,0,60.4,1987.6,2048.0,55,N/A
2026-04-15 10:36:32.850,Translating 腕に覚えある剣士ばかり．．．これで十人近いよねぇー．．．,49.9,6188.6,52.6,1089.7,0,60.4,1987.6,2048.0,55,N/A
2026-04-15 10:36:33.351,Translating 腕に覚えある剣士ばかり．．．これで十人近いよねぇー．．．,50.7,6192.7,52.6,1089.7,0,60.4,1987.6,2048.0,55,N/A
2026-04-15 10:36:33.852,Translating 腕に覚えある剣士ばかり．．．これで十人近いよねぇー．．．,49.9,6197.4,52.6,1089.7,0,60.4,1987.6,2048.0,55,N/A
2026-04-15 10:36:34.353,Translating 手足腹わた四方八方に飛び散って見れたもんじゃないってさ,53.0,6195.6,52.6,1089.7,0,60.4,1987.6,2048.0,55,N/A
2026-04-15 10:36:34.854,Translating 手足腹わた四方八方に飛び散って見れたもんじゃないってさ,37.2,6228.2,52.9,1089.7,0,60.4,1987.6,2048.0,55,N/A
2026-04-15 10:36:35.355,Translating 手足腹わた四方八方に飛び散って見れたもんじゃないってさ,50.2,6228.1,52.9,1089.7,0,60.4,1987.6,2048.0,55,N/A
2026-04-15 10:36:35.856,Translating 手足腹わた四方八方に飛び散って見れたもんじゃないってさ,50.3,6228.8,52.9,1089.7,0,60.4,1987.6,2048.0,55,N/A
2026-04-15 10:36:36.358,Translating 手足腹わた四方八方に飛び散って見れたもんじゃないってさ,50.4,6229.0,52.9,1089.7,0,60.4,1987.6,2048.0,55,N/A
2026-04-15 10:36:36.858,Translating 手足腹わた四方八方に飛び散って見れたもんじゃないってさ,50.0,6237.5,53.0,1089.7,0,60.4,1987.6,2048.0,55,N/A
2026-04-15 10:36:37.360,Translating 手足腹わた四方八方に飛び散って見れたもんじゃないってさ,49.9,6218.5,52.8,1089.8,0,60.4,1987.6,2048.0,55,N/A
2026-04-15 10:36:37.861,Translating 手足腹わた四方八方に飛び散って見れたもんじゃないってさ,49.9,6227.9,52.9,1089.8,0,60.4,1987.6,2048.0,55,N/A
2026-04-15 10:36:38.362,Translating 手足腹わた四方八方に飛び散って見れたもんじゃないってさ,50.3,6231.5,52.9,1089.8,0,60.4,1987.6,2048.0,55,N/A
2026-04-15 10:36:38.863,Translating 手足腹わた四方八方に飛び散って見れたもんじゃないってさ,49.9,6223.9,52.9,1089.8,0,60.4,1987.6,2048.0,55,N/A
2026-04-15 10:36:39.364,Translating フフフ．．．,56.7,6223.9,52.9,1089.8,0,60.4,1987.6,2048.0,55,N/A
2026-04-15 10:36:39.866,Translating フフフ．．．,35.9,6204.2,52.7,1089.8,0,60.4,1987.6,2048.0,55,N/A
2026-04-15 10:36:40.367,Translating フフフ．．．,50.0,6208.5,52.7,1089.8,0,60.4,1987.6,2048.0,55,N/A
2026-04-15 10:36:40.868,Translating フフフ．．．,50.9,6208.5,52.7,1089.8,0,60.4,1987.6,2048.0,55,N/A
2026-04-15 10:36:41.369,Translating く．．．来るな．．．！,56.0,6194.6,52.6,1089.8,0,60.4,1987.6,2048.0,55,N/A
2026-04-15 10:36:41.870,Translating く．．．来るな．．．！,35.0,6194.9,52.6,1089.8,0,60.4,1987.6,2048.0,55,N/A
2026-04-15 10:36:42.371,Translating く．．．来るな．．．！,49.9,6194.9,52.6,1089.8,0,60.4,1987.6,2048.0,55,N/A
2026-04-15 10:36:42.872,Translating く．．．来るな．．．！,50.0,6199.1,52.6,1089.8,0,60.4,1987.6,2048.0,55,N/A
2026-04-15 10:36:43.374,Translating 化して妖となる,49.4,6194.4,52.6,1089.8,0,60.4,1987.6,2048.0,55,N/A
2026-04-15 10:36:43.874,Translating 化して妖となる,42.2,6183.9,52.5,1089.8,0,60.4,1987.6,2048.0,55,N/A
2026-04-15 10:36:44.376,Translating 化して妖となる,49.7,6187.9,52.6,1089.8,0,60.4,1987.6,2048.0,55,N/A
2026-04-15 10:36:44.877,Translating まだまだ足らないなァ．．．,56.6,6192.4,52.6,1089.8,0,60.4,1987.6,2048.0,55,N/A
2026-04-15 10:36:45.378,Translating まだまだ足らないなァ．．．,35.7,6196.4,52.6,1089.8,0,60.4,1987.6,2048.0,55,N/A
2026-04-15 10:36:45.879,Translating まだまだ足らないなァ．．．,50.0,6196.6,52.6,1089.8,0,60.4,1987.6,2048.0,55,N/A
2026-04-15 10:36:46.380,Translating まだまだ足らないなァ．．．,49.7,6196.6,52.6,1089.8,0,60.4,1987.6,2048.0,55,N/A
2026-04-15 10:36:46.881,Translating ファムを得てより,58.5,6197.1,52.6,1089.8,0,60.4,1987.6,2048.0,55,N/A
2026-04-15 10:36:47.382,Translating ファムを得てより,37.3,6193.1,52.6,1089.8,0,60.4,1987.6,2048.0,55,N/A
2026-04-15 10:36:47.884,Translating ファムを得てより,51.6,6197.2,52.6,1089.8,0,60.4,1987.6,2048.0,55,N/A
2026-04-15 10:36:48.385,Translating 魔軍なり,56.8,6195.9,52.6,1089.8,0,60.4,1987.6,2048.0,55,N/A
2026-04-15 10:36:48.886,Translating 魔軍なり,34.2,6212.2,52.8,1089.8,0,60.4,1987.6,2048.0,55,N/A
2026-04-15 10:36:49.387,Translating 魔軍なり,50.0,6212.6,52.8,1089.8,0,60.4,1987.6,2048.0,55,N/A
2026-04-15 10:36:49.888,Translating 魔軍なり,50.0,6214.9,52.8,1089.8,0,60.4,1987.6,2048.0,55,N/A
2026-04-15 10:36:50.389,Translating だけ物っ．．．来るーー．．,57.9,6219.7,52.8,1089.8,0,60.4,1987.6,2048.0,55,N/A
2026-04-15 10:36:50.890,Translating だけ物っ．．．来るーー．．,33.3,6221.9,52.8,1089.8,0,60.4,1987.6,2048.0,55,N/A
2026-04-15 10:36:51.391,Translating だけ物っ．．．来るーー．．,50.4,6221.8,52.8,1089.8,0,60.4,1987.6,2048.0,55,N/A
2026-04-15 10:36:51.892,Translating だけ物っ．．．来るーー．．,49.9,6220.2,52.8,1089.8,0,60.4,1987.6,2048.0,55,N/A
2026-04-15 10:36:52.394,Translating ぎゃあああァ,58.8,6221.4,52.8,1089.8,0,60.4,1987.6,2048.0,55,N/A
2026-04-15 10:36:52.895,Translating ぎゃあああァ,34.3,6221.4,52.8,1089.8,0,60.4,1987.6,2048.0,55,N/A
2026-04-15 10:36:53.396,Translating ぎゃあああァ,49.7,6225.6,52.9,1089.8,0,60.4,1987.6,2048.0,55,N/A
2026-04-15 10:36:53.897,Translating 其は天を滅ぼす,50.5,6210.8,52.7,1089.8,0,60.4,1987.6,2048.0,55,N/A
2026-04-15 10:36:54.398,Translating 其は天を滅ぼす,43.4,6210.8,52.7,1089.8,0,60.4,1987.6,2048.0,55,N/A
2026-04-15 10:36:54.899,Translating 其は天を滅ぼす,50.0,6210.8,52.7,1089.8,0,60.4,1987.6,2048.0,55,N/A
2026-04-15 10:36:55.401,Translating 其は天を滅ぼす,49.6,6203.9,52.7,1089.8,0,60.4,1987.6,2048.0,55,N/A
2026-04-15 10:36:55.902,BubbleTypesetter._apply_cleaning,36.8,6201.8,52.7,1096.7,0,60.4,1987.6,2048.0,55,N/A
2026-04-15 10:36:56.408,BubbleTypesetter._apply_cleaning,12.4,6201.8,52.7,1096.8,0,60.4,1987.6,2048.0,55,N/A
2026-04-15 10:36:56.930,BubbleTypesetter._process_bubble,12.6,6201.9,52.7,1096.8,0,60.4,1987.6,2048.0,55,N/A
2026-04-15 10:36:57.499,BubbleTypesetter._process_bubble,12.5,6201.8,52.7,1096.8,0,60.4,1987.6,2048.0,55,N/A
2026-04-15 10:36:58.043,BubbleTypesetter._apply_cleaning,12.9,6202.0,52.7,1096.8,0,60.4,1987.6,2048.0,55,N/A
2026-04-15 10:36:58.549,BubbleTypesetter._apply_cleaning,12.5,6201.6,52.7,1096.8,0,60.4,1987.6,2048.0,55,N/A
2026-04-15 10:36:59.055,BubbleTypesetter._apply_cleaning,12.7,6202.6,52.7,1096.8,0,60.4,1987.6,2048.0,55,N/A
2026-04-15 10:37:00.211,yolo_start,0.0,5316.3,45.1,41.3,0,58.3,1989.7,2048.0,54,N/A
2026-04-15 10:37:00.728,EngineOCRFactory._setup_engine,32.7,5471.3,46.5,316.3,0,58.3,1989.7,2048.0,54,N/A
2026-04-15 10:37:01.240,EngineOCRFactory._setup_engine,12.5,5535.1,47.0,379.8,0,58.3,1989.7,2048.0,54,N/A
2026-04-15 10:37:01.746,EngineOCRFactory._setup_engine,12.3,5562.4,47.2,420.9,0,58.3,1989.7,2048.0,54,N/A
2026-04-15 10:37:02.248,EngineOCRFactory._run,23.4,5765.5,49.0,602.5,0,60.4,1987.6,2048.0,54,N/A
2026-04-15 10:37:02.750,EngineOCRFactory._run,47.6,5903.6,50.1,734.1,0,60.4,1987.6,2048.0,54,N/A
2026-04-15 10:37:03.252,EngineOCRFactory._run,44.9,5872.4,49.9,681.2,0,60.4,1987.6,2048.0,54,N/A
2026-04-15 10:37:03.753,EngineOCRFactory._run,3.7,5878.7,49.9,683.3,0,60.4,1987.6,2048.0,54,N/A
2026-04-15 10:37:04.256,EngineOCRFactory._run,1.5,5876.9,49.9,685.9,0,60.4,1987.6,2048.0,54,N/A
2026-04-15 10:37:04.758,EngineOCRFactory._run,8.2,5938.5,50.4,745.1,0,60.4,1987.6,2048.0,54,N/A
2026-04-15 10:37:05.259,EngineOCRFactory._run,32.2,6098.3,51.8,928.2,0,60.4,1987.6,2048.0,54,N/A
2026-04-15 10:37:05.760,EngineOCRFactory._run,33.5,6185.8,52.5,1018.5,0,60.4,1987.6,2048.0,54,N/A
2026-04-15 10:37:06.261,EngineOCRFactory._run,29.6,6218.8,52.8,1041.9,0,60.4,1987.6,2048.0,54,N/A
2026-04-15 10:37:06.762,MangaOCRExtractor.extract from ./tmp/yolo-1024-95pbt-5pbv-cpu/crops_AkkeraKanjinchou_004_L/AkkeraKanjinchou_004_L_bubble_001.png,50.7,6275.6,53.3,1080.8,0,60.4,1987.6,2048.0,54,N/A
2026-04-15 10:37:07.263,MangaOCRExtractor.extract from ./tmp/yolo-1024-95pbt-5pbv-cpu/crops_AkkeraKanjinchou_004_L/AkkeraKanjinchou_004_L_bubble_003.png,51.7,6276.1,53.3,1090.0,0,60.4,1987.6,2048.0,54,N/A
2026-04-15 10:37:07.764,MangaOCRExtractor.extract from ./tmp/yolo-1024-95pbt-5pbv-cpu/crops_AkkeraKanjinchou_004_L/AkkeraKanjinchou_004_L_bubble_005.png,51.7,6276.1,53.3,1090.0,0,60.4,1987.6,2048.0,54,N/A
2026-04-15 10:37:08.265,MangaOCRExtractor.extract from ./tmp/yolo-1024-95pbt-5pbv-cpu/crops_AkkeraKanjinchou_004_L/AkkeraKanjinchou_004_L_bubble_007.png,51.9,6281.8,53.3,1092.4,0,60.4,1987.6,2048.0,55,N/A
2026-04-15 10:37:08.766,MangaOCRExtractor.extract from ./tmp/yolo-1024-95pbt-5pbv-cpu/crops_AkkeraKanjinchou_004_L/AkkeraKanjinchou_004_L_bubble_009.png,51.5,6281.8,53.3,1092.4,0,60.4,1987.6,2048.0,55,N/A
2026-04-15 10:37:09.267,MangaOCRExtractor.extract from ./tmp/yolo-1024-95pbt-5pbv-cpu/crops_AkkeraKanjinchou_004_L/AkkeraKanjinchou_004_L_bubble_010.png,51.1,6282.1,53.4,1092.4,0,60.4,1987.6,2048.0,55,N/A
2026-04-15 10:37:09.768,MangaOCRExtractor.extract from ./tmp/yolo-1024-95pbt-5pbv-cpu/crops_AkkeraKanjinchou_004_L/AkkeraKanjinchou_004_L_bubble_012.png,52.1,6282.1,53.4,1092.4,0,60.4,1987.6,2048.0,55,N/A
2026-04-15 10:37:10.270,MangaOCRExtractor.extract from ./tmp/yolo-1024-95pbt-5pbv-cpu/crops_AkkeraKanjinchou_004_R/AkkeraKanjinchou_004_R_bubble_013.png,51.2,6282.1,53.4,1092.4,0,60.4,1987.6,2048.0,55,N/A
2026-04-15 10:37:10.771,MangaOCRExtractor.extract from ./tmp/yolo-1024-95pbt-5pbv-cpu/crops_AkkeraKanjinchou_004_R/AkkeraKanjinchou_004_R_bubble_015.png,52.7,6281.9,53.3,1092.4,0,60.4,1987.6,2048.0,55,N/A
2026-04-15 10:37:11.272,MangaOCRExtractor.extract from ./tmp/yolo-1024-95pbt-5pbv-cpu/crops_AkkeraKanjinchou_004_R/AkkeraKanjinchou_004_R_bubble_017.png,52.5,6280.6,53.3,1092.4,0,60.4,1987.6,2048.0,55,N/A
2026-04-15 10:37:11.773,MangaOCRExtractor.extract from ./tmp/yolo-1024-95pbt-5pbv-cpu/crops_AkkeraKanjinchou_004_R/AkkeraKanjinchou_004_R_bubble_018.png,51.1,6280.6,53.3,1092.4,0,60.4,1987.6,2048.0,55,N/A
2026-04-15 10:37:12.275,MangaOCRExtractor.extract from ./tmp/yolo-1024-95pbt-5pbv-cpu/crops_AkkeraKanjinchou_004_R/AkkeraKanjinchou_004_R_bubble_020.png,52.5,6276.9,53.3,1092.4,0,60.4,1987.6,2048.0,55,N/A
2026-04-15 10:37:12.776,MangaOCRExtractor.extract from ./tmp/yolo-1024-95pbt-5pbv-cpu/crops_AkkeraKanjinchou_004_R/AkkeraKanjinchou_004_R_bubble_021.png,51.1,6276.9,53.3,1092.4,0,60.4,1987.6,2048.0,55,N/A
2026-04-15 10:37:13.277,MangaOCRExtractor.extract from ./tmp/yolo-1024-95pbt-5pbv-cpu/crops_AkkeraKanjinchou_004_R/AkkeraKanjinchou_004_R_bubble_022.png,51.4,6270.8,53.3,1092.4,0,60.4,1987.6,2048.0,55,N/A
2026-04-15 10:37:13.780,MangaOCRExtractor.extract from ./tmp/yolo-1024-95pbt-5pbv-cpu/crops_AkkeraKanjinchou_004_R/AkkeraKanjinchou_004_R_bubble_022.png,35.2,6272.3,53.3,1097.9,0,60.4,1987.6,2048.0,55,N/A
2026-04-15 10:37:14.287,Translating 変な子だった,29.2,6263.7,53.2,1099.4,0,60.4,1987.6,2048.0,55,N/A
2026-04-15 10:37:14.788,Translating 変な子だった,49.9,6266.5,53.2,1099.4,0,60.4,1987.6,2048.0,55,N/A
2026-04-15 10:37:15.289,Translating 変な子だった,51.0,6249.6,53.1,1099.4,0,60.4,1987.6,2048.0,55,N/A
2026-04-15 10:37:15.790,Translating ま．．．毎度ーっ,40.9,6239.8,53.0,1099.4,0,60.4,1987.6,2048.0,55,N/A
2026-04-15 10:37:16.291,Translating ま．．．毎度ーっ,48.9,6236.8,53.0,1099.4,0,60.4,1987.6,2048.0,55,N/A
2026-04-15 10:37:16.792,Translating ま．．．毎度ーっ,50.3,6237.1,53.0,1099.4,0,60.4,1987.6,2048.0,55,N/A
2026-04-15 10:37:17.293,Translating 食い過ぎ．．．！！,56.0,6223.4,52.9,1099.4,0,60.4,1987.6,2048.0,55,N/A
2026-04-15 10:37:17.794,Translating 食い過ぎ．．．！！,34.7,6243.5,53.0,1099.4,0,60.4,1987.6,2048.0,55,N/A
2026-04-15 10:37:18.295,Translating 食い過ぎ．．．！！,50.3,6241.6,53.0,1099.4,0,60.4,1987.6,2048.0,55,N/A
2026-04-15 10:37:18.797,Translating 食い過ぎ．．．！！,49.6,6241.6,53.0,1099.4,0,60.4,1987.6,2048.0,55,N/A
2026-04-15 10:37:19.298,Translating 食い過ぎだろ．．．！,54.4,6242.2,53.0,1099.4,0,60.4,1987.6,2048.0,55,N/A
2026-04-15 10:37:19.799,Translating 食い過ぎだろ．．．！,38.0,6248.8,53.1,1099.4,0,60.4,1987.6,2048.0,55,N/A
2026-04-15 10:37:20.300,Translating 食い過ぎだろ．．．！,50.1,6246.0,53.0,1099.4,0,60.4,1987.6,2048.0,55,N/A
2026-04-15 10:37:20.801,Translating 食い過ぎだろ．．．！,49.6,6249.7,53.1,1099.4,0,60.4,1987.6,2048.0,55,N/A
2026-04-15 10:37:21.302,Translating 神田近辺．．．,56.5,6248.6,53.1,1099.4,0,60.4,1987.6,2048.0,55,N/A
2026-04-15 10:37:21.804,Translating 神田近辺．．．,36.1,6219.0,52.8,1099.4,0,60.4,1987.6,2048.0,55,N/A
2026-04-15 10:37:22.305,Translating 神田近辺．．．,50.0,6217.5,52.8,1099.4,0,60.4,1987.6,2048.0,55,N/A
2026-04-15 10:37:22.806,Translating 全て歩いたか,51.9,6217.5,52.8,1099.4,0,60.4,1987.6,2048.0,55,N/A
2026-04-15 10:37:23.307,Translating 全て歩いたか,40.5,6234.9,52.9,1099.4,0,60.4,1987.6,2048.0,55,N/A
2026-04-15 10:37:23.808,Translating 全て歩いたか,49.9,6234.9,52.9,1099.4,0,60.4,1987.6,2048.0,55,N/A
2026-04-15 10:37:24.310,Translating 全て歩いたか,50.0,6233.9,52.9,1099.4,0,60.4,1987.6,2048.0,55,N/A
2026-04-15 10:37:24.811,Translating 馳走になった,38.8,6233.4,52.9,1099.4,0,60.4,1987.6,2048.0,55,N/A
2026-04-15 10:37:25.312,Translating 馳走になった,51.4,6231.5,52.9,1099.4,0,60.4,1987.6,2048.0,55,N/A
2026-04-15 10:37:25.813,Translating マジで？！！！,52.7,6240.1,53.0,1099.5,0,60.4,1987.6,2048.0,55,N/A
2026-04-15 10:37:26.315,Translating マジで？！！！,38.6,6214.9,52.8,1099.5,0,60.4,1987.6,2048.0,55,N/A
2026-04-15 10:37:26.816,Translating マジで？！！！,49.7,6215.2,52.8,1099.5,0,60.4,1987.6,2048.0,55,N/A
2026-04-15 10:37:27.317,Translating 忘れてた！豆餅十個程包んでくれ,44.0,6216.7,52.8,1099.5,0,60.4,1987.6,2048.0,55,N/A
2026-04-15 10:37:27.818,Translating 忘れてた！豆餅十個程包んでくれ,48.4,6220.7,52.8,1099.5,0,60.4,1987.6,2048.0,55,N/A
2026-04-15 10:37:28.319,Translating 忘れてた！豆餅十個程包んでくれ,50.1,6220.2,52.8,1099.5,0,60.4,1987.6,2048.0,55,N/A
2026-04-15 10:37:28.820,Translating 忘れてた！豆餅十個程包んでくれ,49.9,6221.1,52.8,1099.5,0,60.4,1987.6,2048.0,55,N/A
2026-04-15 10:37:29.322,Translating 忘れてた！豆餅十個程包んでくれ,49.9,6208.7,52.7,1099.5,0,60.4,1987.6,2048.0,55,N/A
2026-04-15 10:37:29.823,Translating 忘れてた！豆餅十個程包んでくれ,50.2,6209.9,52.7,1099.5,0,60.4,1987.6,2048.0,55,N/A
2026-04-15 10:37:30.324,Translating 忘れてた！豆餅十個程包んでくれ,49.9,6210.5,52.7,1099.5,0,60.4,1987.6,2048.0,55,N/A
2026-04-15 10:37:30.825,Translating は？何が？,56.1,6211.0,52.7,1099.5,0,60.4,1987.6,2048.0,55,N/A
2026-04-15 10:37:31.326,Translating は？何が？,37.7,6198.4,52.6,1099.5,0,60.4,1987.6,2048.0,55,N/A
2026-04-15 10:37:31.827,Translating は？何が？,50.0,6198.4,52.6,1099.5,0,60.4,1987.6,2048.0,55,N/A
2026-04-15 10:37:32.328,Translating は？何が？,50.0,6206.3,52.7,1099.5,0,60.4,1987.6,2048.0,55,N/A
2026-04-15 10:37:32.830,Translating 大丈夫．．．？かなーーーって！？,39.7,6217.2,52.8,1099.5,0,60.4,1987.6,2048.0,55,N/A
2026-04-15 10:37:33.331,Translating 大丈夫．．．？かなーーーって！？,50.5,6215.2,52.8,1099.5,0,60.4,1987.6,2048.0,55,N/A
2026-04-15 10:37:33.832,Translating 大丈夫．．．？かなーーーって！？,49.9,6223.9,52.9,1099.5,0,60.4,1987.6,2048.0,55,N/A
2026-04-15 10:37:34.333,Translating 大丈夫．．．？かなーーーって！？,50.7,6213.1,52.8,1099.5,0,60.4,1987.6,2048.0,55,N/A
2026-04-15 10:37:34.834,Translating 大丈夫．．．？かなーーーって！？,49.6,6217.3,52.8,1099.5,0,60.4,1987.6,2048.0,55,N/A
2026-04-15 10:37:35.335,Translating ．．．この,44.5,6221.9,52.8,1099.5,0,60.4,1987.6,2048.0,55,N/A
2026-04-15 10:37:35.836,Translating ．．．この,45.4,6225.9,52.9,1099.5,0,60.4,1987.6,2048.0,55,N/A
2026-04-15 10:37:36.337,Translating ．．．この,49.9,6223.2,52.9,1099.5,0,60.4,1987.6,2048.0,55,N/A
2026-04-15 10:37:36.838,Translating おお！,40.5,6218.4,52.8,1099.5,0,60.4,1987.6,2048.0,55,N/A
2026-04-15 10:37:37.339,Translating おお！,48.7,6220.9,52.8,1099.5,0,60.4,1987.6,2048.0,55,N/A
2026-04-15 10:37:37.841,Translating おーっくっ．．．,48.1,6208.0,52.7,1099.5,0,60.4,1987.6,2048.0,55,N/A
2026-04-15 10:37:38.341,Translating おーっくっ．．．,41.0,6209.7,52.7,1099.5,0,60.4,1987.6,2048.0,55,N/A
2026-04-15 10:37:38.843,Translating おーっくっ．．．,50.1,6213.7,52.8,1099.5,0,60.4,1987.6,2048.0,55,N/A
2026-04-15 10:37:39.344,Translating 何かな？,57.2,6223.2,52.9,1099.5,0,60.4,1987.6,2048.0,55,N/A
2026-04-15 10:37:39.845,Translating 何かな？,34.5,6213.2,52.8,1099.5,0,60.4,1987.6,2048.0,55,N/A
2026-04-15 10:37:40.346,Translating 何かな？,49.9,6213.7,52.8,1099.5,0,60.4,1987.6,2048.0,55,N/A
2026-04-15 10:37:40.847,Translating そうだめォ,51.1,6224.4,52.9,1099.5,0,60.4,1987.6,2048.0,55,N/A
2026-04-15 10:37:41.348,Translating そうだめォ,40.1,6253.3,53.1,1099.5,0,60.4,1987.6,2048.0,55,N/A
2026-04-15 10:37:41.849,Translating そうだめォ,49.9,6253.6,53.1,1099.5,0,60.4,1987.6,2048.0,55,N/A
2026-04-15 10:37:42.350,Translating 本当にいい縁日日和よね〜〜,56.5,6256.2,53.1,1099.5,0,60.4,1987.6,2048.0,55,N/A
2026-04-15 10:37:42.852,Translating 本当にいい縁日日和よね〜〜,33.6,6249.6,53.1,1099.5,0,60.4,1987.6,2048.0,55,N/A
2026-04-15 10:37:43.353,Translating 本当にいい縁日日和よね〜〜,50.4,6249.8,53.1,1099.5,0,60.4,1987.6,2048.0,55,N/A
2026-04-15 10:37:43.854,Translating 本当にいい縁日日和よね〜〜,49.6,6249.3,53.1,1099.5,0,60.4,1987.6,2048.0,55,N/A
2026-04-15 10:37:44.355,Translating 本当にいい縁日日和よね〜〜,50.6,6249.3,53.1,1099.5,0,60.4,1987.6,2048.0,55,N/A
2026-04-15 10:37:44.856,Translating 本当にいい縁日日和よね〜〜,50.1,6253.3,53.1,1099.5,0,60.4,1987.6,2048.0,55,N/A
2026-04-15 10:37:45.358,Translating 本当にいい縁日日和よね〜〜,49.7,6252.9,53.1,1099.5,0,60.4,1987.6,2048.0,55,N/A
2026-04-15 10:37:45.859,Translating はい！草餅に梅餅お待ちどぉさま～,51.3,6221.2,52.8,1099.5,0,60.4,1987.6,2048.0,55,N/A
2026-04-15 10:37:46.359,Translating はい！草餅に梅餅お待ちどぉさま～,37.8,6224.9,52.9,1099.5,0,60.4,1987.6,2048.0,55,N/A
2026-04-15 10:37:46.860,Translating はい！草餅に梅餅お待ちどぉさま～,50.1,6223.1,52.8,1099.5,0,60.4,1987.6,2048.0,55,N/A
2026-04-15 10:37:47.362,Translating はい！草餅に梅餅お待ちどぉさま～,51.4,6223.0,52.8,1099.5,0,60.4,1987.6,2048.0,55,N/A
2026-04-15 10:37:47.863,Translating はい！草餅に梅餅お待ちどぉさま～,49.5,6223.0,52.8,1099.5,0,60.4,1987.6,2048.0,55,N/A
2026-04-15 10:37:48.364,Translating はい！草餅に梅餅お待ちどぉさま～,50.0,6225.8,52.9,1099.5,0,60.4,1987.6,2048.0,55,N/A
2026-04-15 10:37:48.865,Translating はい！草餅に梅餅お待ちどぉさま～,49.9,6215.9,52.8,1099.5,0,60.4,1987.6,2048.0,55,N/A
2026-04-15 10:37:49.367,Translating ぷと、,42.8,6216.3,52.8,1099.5,0,60.4,1987.6,2048.0,55,N/A
2026-04-15 10:37:49.867,Translating ぷと、,50.6,6217.1,52.8,1099.5,0,60.4,1987.6,2048.0,55,N/A
2026-04-15 10:37:50.369,Translating 江戸日本晴れこんな日は茶と菓子でのんびり一服が一番だのォ,44.0,6223.3,52.9,1099.5,0,60.4,1987.6,2048.0,55,N/A
2026-04-15 10:37:50.870,Translating 江戸日本晴れこんな日は茶と菓子でのんびり一服が一番だのォ,46.7,6232.9,52.9,1099.5,0,60.4,1987.6,2048.0,55,N/A
2026-04-15 10:37:51.371,Translating 江戸日本晴れこんな日は茶と菓子でのんびり一服が一番だのォ,50.5,6233.4,52.9,1099.5,0,60.4,1987.6,2048.0,55,N/A
2026-04-15 10:37:51.872,Translating 江戸日本晴れこんな日は茶と菓子でのんびり一服が一番だのォ,49.9,6233.3,52.9,1099.5,0,60.4,1987.6,2048.0,55,N/A
2026-04-15 10:37:52.373,Translating 江戸日本晴れこんな日は茶と菓子でのんびり一服が一番だのォ,50.0,6237.1,53.0,1099.5,0,60.4,1987.6,2048.0,55,N/A
2026-04-15 10:37:52.875,Translating 江戸日本晴れこんな日は茶と菓子でのんびり一服が一番だのォ,50.4,6231.6,52.9,1099.5,0,60.4,1987.6,2048.0,55,N/A
2026-04-15 10:37:53.376,Translating 江戸日本晴れこんな日は茶と菓子でのんびり一服が一番だのォ,50.0,6237.0,53.0,1099.5,0,60.4,1987.6,2048.0,55,N/A
2026-04-15 10:37:53.877,Translating 江戸日本晴れこんな日は茶と菓子でのんびり一服が一番だのォ,49.8,6239.9,53.0,1099.5,0,60.4,1987.6,2048.0,55,N/A
2026-04-15 10:37:54.378,Translating 江戸日本晴れこんな日は茶と菓子でのんびり一服が一番だのォ,50.0,6237.1,53.0,1099.5,0,60.4,1987.6,2048.0,55,N/A
2026-04-15 10:37:54.879,Translating 江戸日本晴れこんな日は茶と菓子でのんびり一服が一番だのォ,50.1,6236.5,53.0,1099.5,0,60.4,1987.6,2048.0,55,N/A
2026-04-15 10:37:55.385,BubbleTypesetter._process_bubble,45.3,6237.6,53.0,1105.3,0,60.4,1987.6,2048.0,55,N/A
2026-04-15 10:37:55.937,BubbleTypesetter._apply_cleaning,12.5,6237.9,53.0,1106.5,0,60.4,1987.6,2048.0,55,N/A
2026-04-15 10:37:56.438,BubbleTypesetter._apply_cleaning,12.7,6238.1,53.0,1106.5,0,60.4,1987.6,2048.0,55,N/A
2026-04-15 10:37:56.939,BubbleTypesetter._apply_cleaning,12.7,6237.9,53.0,1106.5,0,60.4,1987.6,2048.0,55,N/A
2026-04-15 10:37:57.445,BubbleTypesetter._wrap_text_pixel_width,12.6,6238.0,53.0,1106.5,0,60.4,1987.6,2048.0,55,N/A
2026-04-15 10:37:57.983,BubbleTypesetter._wrap_text_pixel_width,12.4,6238.0,53.0,1106.5,0,60.4,1987.6,2048.0,55,N/A
2026-04-15 10:37:59.165,yolo_start,0.0,5343.7,45.4,41.4,0,58.3,1989.7,2048.0,54,N/A
2026-04-15 10:37:59.673,EngineOCRFactory._setup_engine,33.0,5484.9,46.6,316.3,0,58.3,1989.7,2048.0,54,N/A
2026-04-15 10:38:00.182,EngineOCRFactory._setup_engine,12.5,5548.5,47.1,379.8,0,58.3,1989.7,2048.0,54,N/A
2026-04-15 10:38:00.685,EngineOCRFactory._setup_engine,12.9,5580.8,47.4,421.8,0,58.3,1989.7,2048.0,54,N/A
2026-04-15 10:38:01.189,EngineOCRFactory._run,24.6,5799.5,49.3,629.0,0,60.4,1987.6,2048.0,54,N/A
2026-04-15 10:38:01.691,EngineOCRFactory._run,48.4,5887.8,50.0,705.3,0,60.4,1987.6,2048.0,54,N/A
2026-04-15 10:38:02.197,EngineOCRFactory._run,41.8,5859.8,49.8,664.3,0,60.4,1987.6,2048.0,55,N/A
2026-04-15 10:38:02.715,EngineOCRFactory._run,3.2,5861.1,49.8,665.3,0,60.4,1987.6,2048.0,55,N/A
2026-04-15 10:38:03.217,EngineOCRFactory._run,2.0,5836.4,49.6,667.9,0,60.4,1987.6,2048.0,54,N/A
2026-04-15 10:38:03.723,EngineOCRFactory._run,11.9,6058.4,51.5,886.2,0,60.4,1987.6,2048.0,54,N/A
2026-04-15 10:38:04.224,EngineOCRFactory._run,46.4,6095.6,51.8,925.9,0,60.4,1987.6,2048.0,54,N/A
2026-04-15 10:38:04.725,EngineOCRFactory._run,28.0,6211.1,52.7,1460.5,0,60.4,1987.6,2048.0,54,N/A
2026-04-15 10:38:05.226,EngineOCRFactory._run,32.6,6242.7,53.0,1073.8,0,60.4,1987.6,2048.0,54,N/A
2026-04-15 10:38:05.727,MangaOCRExtractor.extract from ./tmp/yolo-1024-95pbt-5pbv-cpu/crops_AkkeraKanjinchou_005_L/AkkeraKanjinchou_005_L_bubble_002.png,51.7,6258.8,53.2,1085.5,0,60.4,1987.6,2048.0,54,N/A
2026-04-15 10:38:06.228,MangaOCRExtractor.extract from ./tmp/yolo-1024-95pbt-5pbv-cpu/crops_AkkeraKanjinchou_005_L/AkkeraKanjinchou_005_L_bubble_004.png,51.8,6259.1,53.2,1085.6,0,60.4,1987.6,2048.0,55,N/A
2026-04-15 10:38:06.729,MangaOCRExtractor.extract from ./tmp/yolo-1024-95pbt-5pbv-cpu/crops_AkkeraKanjinchou_005_L/AkkeraKanjinchou_005_L_bubble_006.png,51.7,6259.1,53.2,1085.6,0,60.4,1987.6,2048.0,55,N/A
2026-04-15 10:38:07.230,MangaOCRExtractor.extract from ./tmp/yolo-1024-95pbt-5pbv-cpu/crops_AkkeraKanjinchou_005_L/AkkeraKanjinchou_005_L_bubble_008.png,52.0,6262.9,53.2,1090.2,0,60.4,1987.6,2048.0,55,N/A
2026-04-15 10:38:07.731,MangaOCRExtractor.extract from ./tmp/yolo-1024-95pbt-5pbv-cpu/crops_AkkeraKanjinchou_005_L/AkkeraKanjinchou_005_L_bubble_009.png,50.9,6262.9,53.2,1090.2,0,60.4,1987.6,2048.0,55,N/A
2026-04-15 10:38:08.232,MangaOCRExtractor.extract from ./tmp/yolo-1024-95pbt-5pbv-cpu/crops_AkkeraKanjinchou_005_L/AkkeraKanjinchou_005_L_bubble_010.png,51.0,6264.4,53.2,1092.5,0,60.4,1987.6,2048.0,55,N/A
2026-04-15 10:38:08.733,MangaOCRExtractor.extract from ./tmp/yolo-1024-95pbt-5pbv-cpu/crops_AkkeraKanjinchou_005_L/AkkeraKanjinchou_005_L_bubble_011.png,51.2,6264.4,53.2,1092.5,0,60.4,1987.6,2048.0,56,N/A
2026-04-15 10:38:09.235,MangaOCRExtractor.extract from ./tmp/yolo-1024-95pbt-5pbv-cpu/crops_AkkeraKanjinchou_005_R/AkkeraKanjinchou_005_R_bubble_013.png,52.5,6264.6,53.2,1092.5,0,60.4,1987.6,2048.0,55,N/A
2026-04-15 10:38:09.741,MangaOCRExtractor.extract from ./tmp/yolo-1024-95pbt-5pbv-cpu/crops_AkkeraKanjinchou_005_R/AkkeraKanjinchou_005_R_bubble_015.png,52.8,6265.0,53.2,1092.5,0,60.4,1987.6,2048.0,55,N/A
2026-04-15 10:38:10.243,MangaOCRExtractor.extract from ./tmp/yolo-1024-95pbt-5pbv-cpu/crops_AkkeraKanjinchou_005_R/AkkeraKanjinchou_005_R_bubble_016.png,51.5,6264.8,53.2,1092.5,0,60.4,1987.6,2048.0,56,N/A
2026-04-15 10:38:10.745,MangaOCRExtractor.extract from ./tmp/yolo-1024-95pbt-5pbv-cpu/crops_AkkeraKanjinchou_005_R/AkkeraKanjinchou_005_R_bubble_017.png,51.4,6264.8,53.2,1092.5,0,60.4,1987.6,2048.0,55,N/A
2026-04-15 10:38:11.246,MangaOCRExtractor.extract from ./tmp/yolo-1024-95pbt-5pbv-cpu/crops_AkkeraKanjinchou_005_R/AkkeraKanjinchou_005_R_bubble_018.png,51.4,6264.8,53.2,1092.5,0,60.4,1987.6,2048.0,55,N/A
2026-04-15 10:38:11.747,MangaOCRExtractor.extract from ./tmp/yolo-1024-95pbt-5pbv-cpu/crops_AkkeraKanjinchou_005_R/AkkeraKanjinchou_005_R_bubble_020.png,52.3,6264.7,53.2,1092.5,0,60.4,1987.6,2048.0,55,N/A
2026-04-15 10:38:12.249,MangaOCRExtractor.extract from ./tmp/yolo-1024-95pbt-5pbv-cpu/crops_AkkeraKanjinchou_005_R/AkkeraKanjinchou_005_R_bubble_021.png,51.6,6264.1,53.2,1092.6,0,60.4,1987.6,2048.0,55,N/A
2026-04-15 10:38:12.750,MangaOCRExtractor.extract from ./tmp/yolo-1024-95pbt-5pbv-cpu/crops_AkkeraKanjinchou_005_R/AkkeraKanjinchou_005_R_bubble_023.png,52.1,6264.1,53.2,1092.6,0,60.4,1987.6,2048.0,55,N/A
2026-04-15 10:38:13.294,MangaOCRExtractor.extract from ./tmp/yolo-1024-95pbt-5pbv-cpu/crops_AkkeraKanjinchou_005_R/AkkeraKanjinchou_005_R_bubble_023.png,41.8,6265.6,53.2,1095.9,0,60.4,1987.6,2048.0,55,N/A
2026-04-15 10:38:13.821,Translating 何？喧嘩かい？,24.3,6267.8,53.2,1099.5,0,60.4,1987.6,2048.0,55,N/A
2026-04-15 10:38:14.322,Translating 何？喧嘩かい？,50.1,6267.2,53.2,1099.5,0,60.4,1987.6,2048.0,55,N/A
2026-04-15 10:38:14.824,Translating 何？喧嘩かい？,49.7,6273.2,53.3,1099.5,0,60.4,1987.6,2048.0,55,N/A
2026-04-15 10:38:15.325,Translating ビビって声も出しゃしねぇ,51.9,6260.0,53.2,1099.5,0,60.4,1987.6,2048.0,55,N/A
2026-04-15 10:38:15.825,Translating ビビって声も出しゃしねぇ,40.8,6254.8,53.1,1099.5,0,60.4,1987.6,2048.0,55,N/A
2026-04-15 10:38:16.327,Translating ビビって声も出しゃしねぇ,51.1,6250.4,53.1,1099.5,0,60.4,1987.6,2048.0,55,N/A
2026-04-15 10:38:16.828,Translating ビビって声も出しゃしねぇ,49.7,6250.6,53.1,1099.5,0,60.4,1987.6,2048.0,55,N/A
2026-04-15 10:38:17.329,Translating ビビって声も出しゃしねぇ,49.7,6252.1,53.1,1099.5,0,60.4,1987.6,2048.0,55,N/A
2026-04-15 10:38:17.830,Translating ビビって声も出しゃしねぇ,50.1,6255.1,53.1,1099.5,0,60.4,1987.6,2048.0,55,N/A
2026-04-15 10:38:18.331,Translating 何とか言え無礼者！,44.1,6231.5,52.9,1099.5,0,60.4,1987.6,2048.0,55,N/A
2026-04-15 10:38:18.832,Translating 何とか言え無礼者！,50.1,6231.5,52.9,1099.5,0,60.4,1987.6,2048.0,55,N/A
2026-04-15 10:38:19.333,Translating 何とか言え無礼者！,50.9,6221.1,52.8,1099.5,0,60.4,1987.6,2048.0,55,N/A
2026-04-15 10:38:19.834,Translating 何とか言え無礼者！,49.7,6221.4,52.8,1099.5,0,60.4,1987.6,2048.0,55,N/A
2026-04-15 10:38:20.336,Translating 何とか言え無礼者！,50.0,6226.3,52.9,1099.5,0,60.4,1987.6,2048.0,55,N/A
2026-04-15 10:38:20.837,Translating 何とか言え無礼者！,49.7,6226.2,52.9,1099.5,0,60.4,1987.6,2048.0,55,N/A
2026-04-15 10:38:21.338,Translating 何とか言え無礼者！,50.6,6219.3,52.8,1099.5,0,60.4,1987.6,2048.0,55,N/A
2026-04-15 10:38:21.839,Translating 笠の浪人が鞘当てしたんだって,45.5,6244.7,53.0,1099.5,0,60.4,1987.6,2048.0,55,N/A
2026-04-15 10:38:22.340,Translating 笠の浪人が鞘当てしたんだって,43.5,6246.3,53.0,1099.5,0,60.4,1987.6,2048.0,55,N/A
2026-04-15 10:38:22.841,Translating 笠の浪人が鞘当てしたんだって,50.0,6248.5,53.1,1099.5,0,60.4,1987.6,2048.0,55,N/A
2026-04-15 10:38:23.343,Translating 笠の浪人が鞘当てしたんだって,50.0,6241.9,53.0,1099.5,0,60.4,1987.6,2048.0,55,N/A
2026-04-15 10:38:23.844,Translating 笠の浪人が鞘当てしたんだって,50.8,6242.5,53.0,1099.5,0,60.4,1987.6,2048.0,55,N/A
2026-04-15 10:38:24.345,Translating 笠の浪人が鞘当てしたんだって,49.9,6245.6,53.0,1099.5,0,60.4,1987.6,2048.0,55,N/A
2026-04-15 10:38:24.846,Translating 子供．．．なのか．．．？変な奴．．,42.1,6232.2,52.9,1099.6,0,60.4,1987.6,2048.0,55,N/A
2026-04-15 10:38:25.347,Translating 子供．．．なのか．．．？変な奴．．,50.2,6232.1,52.9,1099.6,0,60.4,1987.6,2048.0,55,N/A
2026-04-15 10:38:25.848,Translating 子供．．．なのか．．．？変な奴．．,50.1,6232.3,52.9,1099.6,0,60.4,1987.6,2048.0,55,N/A
2026-04-15 10:38:26.349,Translating 子供．．．なのか．．．？変な奴．．,50.3,6230.9,52.9,1099.6,0,60.4,1987.6,2048.0,55,N/A
2026-04-15 10:38:26.851,Translating 子供．．．なのか．．．？変な奴．．,50.5,6231.2,52.9,1099.6,0,60.4,1987.6,2048.0,55,N/A
2026-04-15 10:38:27.352,Translating あれってホラ．．．暴れ者の虎藤道場の剣士だよ,40.6,6226.2,52.9,1099.6,0,60.4,1987.6,2048.0,55,N/A
2026-04-15 10:38:27.853,Translating あれってホラ．．．暴れ者の虎藤道場の剣士だよ,50.1,6226.2,52.9,1099.6,0,60.4,1987.6,2048.0,55,N/A
2026-04-15 10:38:28.354,Translating あれってホラ．．．暴れ者の虎藤道場の剣士だよ,50.2,6225.8,52.9,1099.6,0,60.4,1987.6,2048.0,55,N/A
2026-04-15 10:38:28.855,Translating あれってホラ．．．暴れ者の虎藤道場の剣士だよ,49.6,6225.6,52.9,1099.6,0,60.4,1987.6,2048.0,55,N/A
2026-04-15 10:38:29.356,Translating あれってホラ．．．暴れ者の虎藤道場の剣士だよ,50.0,6214.6,52.8,1099.6,0,60.4,1987.6,2048.0,55,N/A
2026-04-15 10:38:29.857,Translating あれってホラ．．．暴れ者の虎藤道場の剣士だよ,49.9,6210.5,52.7,1099.6,0,60.4,1987.6,2048.0,55,N/A
2026-04-15 10:38:30.359,Translating あれってホラ．．．暴れ者の虎藤道場の剣士だよ,50.8,6209.5,52.7,1099.6,0,60.4,1987.6,2048.0,55,N/A
2026-04-15 10:38:30.860,Translating あれってホラ．．．暴れ者の虎藤道場の剣士だよ,50.2,6210.4,52.7,1099.6,0,60.4,1987.6,2048.0,55,N/A
2026-04-15 10:38:31.369,Translating 人の餅ジロジロ見て．．．変な奴．．．,51.2,6217.1,52.8,1099.6,0,60.4,1987.6,2048.0,55,N/A
2026-04-15 10:38:31.870,Translating 人の餅ジロジロ見て．．．変な奴．．．,40.4,6236.7,53.0,1099.6,0,60.4,1987.6,2048.0,55,N/A
2026-04-15 10:38:32.371,Translating 人の餅ジロジロ見て．．．変な奴．．．,50.1,6238.9,53.0,1099.6,0,60.4,1987.6,2048.0,55,N/A
2026-04-15 10:38:32.872,Translating 人の餅ジロジロ見て．．．変な奴．．．,50.1,6238.9,53.0,1099.6,0,60.4,1987.6,2048.0,55,N/A
2026-04-15 10:38:33.373,Translating 人の餅ジロジロ見て．．．変な奴．．．,50.9,6243.4,53.0,1099.6,0,60.4,1987.6,2048.0,55,N/A
2026-04-15 10:38:33.874,Translating 人の餅ジロジロ見て．．．変な奴．．．,49.7,6243.6,53.0,1099.6,0,60.4,1987.6,2048.0,55,N/A
2026-04-15 10:38:34.375,Translating 人の餅ジロジロ見て．．．変な奴．．．,50.0,6247.8,53.1,1099.6,0,60.4,1987.6,2048.0,55,N/A
2026-04-15 10:38:34.877,Translating 人の餅ジロジロ見て．．．変な奴．．．,49.9,6257.2,53.1,1099.6,0,60.4,1987.6,2048.0,55,N/A
2026-04-15 10:38:35.378,Translating オレと同じ事言ってら,49.1,6259.0,53.2,1099.6,0,60.4,1987.6,2048.0,55,N/A
2026-04-15 10:38:35.879,Translating オレと同じ事言ってら,41.6,6236.5,53.0,1099.6,0,60.4,1987.6,2048.0,55,N/A
2026-04-15 10:38:36.380,Translating オレと同じ事言ってら,50.0,6244.1,53.0,1099.6,0,60.4,1987.6,2048.0,55,N/A
2026-04-15 10:38:36.881,Translating オレと同じ事言ってら,49.8,6231.5,52.9,1099.6,0,60.4,1987.6,2048.0,55,N/A
2026-04-15 10:38:37.382,Translating オレと同じ事言ってら,49.8,6232.0,52.9,1099.6,0,60.4,1987.6,2048.0,55,N/A
2026-04-15 10:38:37.884,Translating 親父殿．．．,51.1,6227.3,52.9,1099.6,0,60.4,1987.6,2048.0,55,N/A
2026-04-15 10:38:38.384,Translating 親父殿．．．,41.5,6226.2,52.9,1099.6,0,60.4,1987.6,2048.0,55,N/A
2026-04-15 10:38:38.886,Translating また一服といくかの,50.9,6230.4,52.9,1099.6,0,60.4,1987.6,2048.0,55,N/A
2026-04-15 10:38:39.387,Translating また一服といくかの,38.3,6211.8,52.8,1099.6,0,60.4,1987.6,2048.0,55,N/A
2026-04-15 10:38:39.888,Translating また一服といくかの,49.9,6215.7,52.8,1099.6,0,60.4,1987.6,2048.0,55,N/A
2026-04-15 10:38:40.389,Translating また一服といくかの,50.1,6220.7,52.8,1099.6,0,60.4,1987.6,2048.0,55,N/A
2026-04-15 10:38:40.894,Translating ふー．．．手掛かり一向に無しか,53.2,6224.8,52.9,1099.6,0,60.4,1987.6,2048.0,55,N/A
2026-04-15 10:38:41.395,Translating ふー．．．手掛かり一向に無しか,38.6,6216.0,52.8,1099.6,0,60.4,1987.6,2048.0,55,N/A
2026-04-15 10:38:41.896,Translating ふー．．．手掛かり一向に無しか,50.0,6213.8,52.8,1099.6,0,60.4,1987.6,2048.0,55,N/A
2026-04-15 10:38:42.397,Translating ふー．．．手掛かり一向に無しか,51.1,6213.9,52.8,1099.6,0,60.4,1987.6,2048.0,55,N/A
2026-04-15 10:38:42.898,Translating ふー．．．手掛かり一向に無しか,49.9,6214.5,52.8,1099.6,0,60.4,1987.6,2048.0,55,N/A
2026-04-15 10:38:43.400,Translating ふー．．．手掛かり一向に無しか,49.9,6214.5,52.8,1099.6,0,60.4,1987.6,2048.0,55,N/A
2026-04-15 10:38:43.901,Translating ふー．．．手掛かり一向に無しか,49.4,6214.9,52.8,1099.6,0,60.4,1987.6,2048.0,55,N/A
2026-04-15 10:38:44.402,Translating ふー．．．手掛かり一向に無しか,41.4,6226.8,52.9,1099.6,0,60.4,1987.6,2048.0,55,N/A
2026-04-15 10:38:44.903,Translating ふー．．．手掛かり一向に無しか,50.6,6226.8,52.9,1099.6,0,60.4,1987.6,2048.0,55,N/A
2026-04-15 10:38:45.404,Translating ふー．．．手掛かり一向に無しか,50.0,6227.4,52.9,1099.6,0,60.4,1987.6,2048.0,55,N/A
2026-04-15 10:38:45.905,Translating 渡れた疲れた,43.8,6218.4,52.8,1099.6,0,60.4,1987.6,2048.0,55,N/A
2026-04-15 10:38:46.406,Translating 渡れた疲れた,49.5,6221.6,52.8,1099.6,0,60.4,1987.6,2048.0,55,N/A
2026-04-15 10:38:46.907,Translating 渡れた疲れた,50.5,6222.8,52.8,1099.6,0,60.4,1987.6,2048.0,55,N/A
2026-04-15 10:38:47.409,Translating ．．．この辻斬り騒ぎーー．．,47.9,6244.5,53.0,1099.6,0,60.4,1987.6,2048.0,55,N/A
2026-04-15 10:38:47.910,Translating ．．．この辻斬り騒ぎーー．．,44.4,6244.5,53.0,1099.6,0,60.4,1987.6,2048.0,55,N/A
2026-04-15 10:38:48.411,Translating ．．．この辻斬り騒ぎーー．．,50.0,6247.1,53.1,1099.6,0,60.4,1987.6,2048.0,55,N/A
2026-04-15 10:38:48.912,Translating ．．．この辻斬り騒ぎーー．．,50.1,6240.7,53.0,1099.6,0,60.4,1987.6,2048.0,55,N/A
2026-04-15 10:38:49.413,Translating ．．．この辻斬り騒ぎーー．．,49.9,6249.3,53.1,1099.6,0,60.4,1987.6,2048.0,55,N/A
2026-04-15 10:38:49.914,Translating 鎚――．．．？,50.6,6228.7,52.9,1099.6,0,60.4,1987.6,2048.0,55,N/A
2026-04-15 10:38:50.415,Translating 鎚――．．．？,40.4,6234.6,52.9,1099.6,0,60.4,1987.6,2048.0,55,N/A
2026-04-15 10:38:50.916,Translating 鎚――．．．？,50.6,6236.7,53.0,1099.6,0,60.4,1987.6,2048.0,55,N/A
2026-04-15 10:38:51.418,Translating 奴に関係あるハズなんだ必ず．．．！,42.4,6247.2,53.1,1099.6,0,60.4,1987.6,2048.0,55,N/A
2026-04-15 10:38:51.919,Translating 奴に関係あるハズなんだ必ず．．．！,50.1,6246.7,53.0,1099.6,0,60.4,1987.6,2048.0,55,N/A
2026-04-15 10:38:52.420,Translating 奴に関係あるハズなんだ必ず．．．！,50.0,6249.1,53.1,1099.6,0,60.4,1987.6,2048.0,55,N/A
2026-04-15 10:38:52.921,Translating 奴に関係あるハズなんだ必ず．．．！,49.6,6248.7,53.1,1099.6,0,60.4,1987.6,2048.0,55,N/A
2026-04-15 10:38:53.422,Translating 奴に関係あるハズなんだ必ず．．．！,50.1,6237.1,53.0,1099.6,0,60.4,1987.6,2048.0,55,N/A
2026-04-15 10:38:53.923,Translating 妙なもんしょってるなー．．．,54.0,6235.0,53.0,1099.6,0,60.4,1987.6,2048.0,55,N/A
2026-04-15 10:38:54.424,Translating 妙なもんしょってるなー．．．,42.4,6235.4,53.0,1099.6,0,60.4,1987.6,2048.0,55,N/A
2026-04-15 10:38:54.925,Translating 妙なもんしょってるなー．．．,50.0,6238.9,53.0,1099.6,0,60.4,1987.6,2048.0,55,N/A
2026-04-15 10:38:55.427,Translating 妙なもんしょってるなー．．．,50.4,6244.1,53.0,1099.6,0,60.4,1987.6,2048.0,55,N/A
2026-04-15 10:38:55.928,Translating 妙なもんしょってるなー．．．,49.7,6229.6,52.9,1099.6,0,60.4,1987.6,2048.0,55,N/A
2026-04-15 10:38:56.434,BubbleTypesetter._apply_cleaning,32.4,6230.2,52.9,1106.6,0,60.4,1987.6,2048.0,55,N/A
2026-04-15 10:38:56.975,BubbleTypesetter._wrap_text_pixel_width,12.5,6230.2,52.9,1106.6,0,60.4,1987.6,2048.0,55,N/A
2026-04-15 10:38:57.525,BubbleTypesetter._apply_cleaning,12.6,6230.6,52.9,1106.6,0,60.4,1987.6,2048.0,55,N/A
2026-04-15 10:38:58.026,BubbleTypesetter._apply_cleaning,12.5,6230.6,52.9,1106.6,0,60.4,1987.6,2048.0,55,N/A
2026-04-15 10:38:58.532,BubbleTypesetter._process_bubble,12.9,6230.6,52.9,1106.6,0,60.4,1987.6,2048.0,55,N/A
2026-04-15 10:38:59.086,BubbleTypesetter._wrap_text_pixel_width,12.4,6230.6,52.9,1106.6,0,60.4,1987.6,2048.0,55,N/A
2026-04-15 10:39:00.040,yolo_start,0.0,5345.8,45.4,41.4,0,58.3,1989.7,2048.0,55,N/A
2026-04-15 10:39:00.543,EngineOCRFactory._setup_engine,33.3,5488.4,46.6,314.1,0,58.3,1989.7,2048.0,55,N/A
2026-04-15 10:39:01.050,EngineOCRFactory._setup_engine,12.5,5551.8,47.1,377.7,0,58.3,1989.7,2048.0,55,N/A
2026-04-15 10:39:01.562,EngineOCRFactory._setup_engine,12.6,5570.7,47.3,419.6,0,58.3,1989.7,2048.0,55,N/A
2026-04-15 10:39:02.065,EngineOCRFactory._run,22.4,5814.3,49.4,624.0,0,60.4,1987.6,2048.0,55,N/A
2026-04-15 10:39:02.567,EngineOCRFactory._run,47.4,5869.3,49.8,699.4,0,60.4,1987.6,2048.0,55,N/A
2026-04-15 10:39:03.069,EngineOCRFactory._run,44.6,5862.0,49.8,686.1,0,60.4,1987.6,2048.0,55,N/A
2026-04-15 10:39:03.574,EngineOCRFactory._run,4.4,5870.8,49.9,688.3,0,60.4,1987.6,2048.0,55,N/A
2026-04-15 10:39:04.076,EngineOCRFactory._run,1.7,5870.8,49.9,690.9,0,60.4,1987.6,2048.0,55,N/A
2026-04-15 10:39:04.577,EngineOCRFactory._run,12.5,6081.2,51.6,912.9,0,60.4,1987.6,2048.0,54,N/A
2026-04-15 10:39:05.078,EngineOCRFactory._run,47.9,6105.1,51.8,933.0,0,60.4,1987.6,2048.0,54,N/A
2026-04-15 10:39:05.579,EngineOCRFactory._run,25.4,6216.8,52.8,1467.6,0,60.4,1987.6,2048.0,55,N/A
2026-04-15 10:39:06.080,EngineOCRFactory._run,37.0,6252.4,53.1,1076.3,0,60.4,1987.6,2048.0,54,N/A
2026-04-15 10:39:06.582,MangaOCRExtractor.extract from ./tmp/yolo-1024-95pbt-5pbv-cpu/crops_AkkeraKanjinchou_006_L/AkkeraKanjinchou_006_L_bubble_002.png,51.9,6258.4,53.1,1085.7,0,60.4,1987.6,2048.0,55,N/A
2026-04-15 10:39:07.083,MangaOCRExtractor.extract from ./tmp/yolo-1024-95pbt-5pbv-cpu/crops_AkkeraKanjinchou_006_L/AkkeraKanjinchou_006_L_bubble_003.png,51.1,6258.6,53.2,1085.7,0,60.4,1987.6,2048.0,55,N/A
2026-04-15 10:39:07.584,MangaOCRExtractor.extract from ./tmp/yolo-1024-95pbt-5pbv-cpu/crops_AkkeraKanjinchou_006_L/AkkeraKanjinchou_006_L_bubble_005.png,52.2,6258.9,53.2,1085.7,0,60.4,1987.6,2048.0,55,N/A
2026-04-15 10:39:08.085,MangaOCRExtractor.extract from ./tmp/yolo-1024-95pbt-5pbv-cpu/crops_AkkeraKanjinchou_006_L/AkkeraKanjinchou_006_L_bubble_006.png,51.0,6258.8,53.2,1085.7,0,60.4,1987.6,2048.0,55,N/A
2026-04-15 10:39:08.587,MangaOCRExtractor.extract from ./tmp/yolo-1024-95pbt-5pbv-cpu/crops_AkkeraKanjinchou_006_R/AkkeraKanjinchou_006_R_bubble_008.png,51.7,6259.1,53.2,1085.7,0,60.4,1987.6,2048.0,55,N/A
2026-04-15 10:39:09.088,MangaOCRExtractor.extract from ./tmp/yolo-1024-95pbt-5pbv-cpu/crops_AkkeraKanjinchou_006_R/AkkeraKanjinchou_006_R_bubble_010.png,51.6,6259.1,53.2,1085.8,0,60.4,1987.6,2048.0,56,N/A
2026-04-15 10:39:09.589,MangaOCRExtractor.extract from ./tmp/yolo-1024-95pbt-5pbv-cpu/crops_AkkeraKanjinchou_006_R/AkkeraKanjinchou_006_R_bubble_012.png,52.5,6259.3,53.2,1085.8,0,60.4,1987.6,2048.0,56,N/A
2026-04-15 10:39:10.090,MangaOCRExtractor.extract from ./tmp/yolo-1024-95pbt-5pbv-cpu/crops_AkkeraKanjinchou_006_R/AkkeraKanjinchou_006_R_bubble_013.png,51.0,6259.3,53.2,1085.8,0,60.4,1987.6,2048.0,56,N/A
2026-04-15 10:39:10.592,MangaOCRExtractor.extract from ./tmp/yolo-1024-95pbt-5pbv-cpu/crops_AkkeraKanjinchou_006_R/AkkeraKanjinchou_006_R_bubble_015.png,52.6,6259.0,53.2,1085.8,0,60.4,1987.6,2048.0,56,N/A
2026-04-15 10:39:11.093,MangaOCRExtractor.extract from ./tmp/yolo-1024-95pbt-5pbv-cpu/crops_AkkeraKanjinchou_006_R/AkkeraKanjinchou_006_R_bubble_016.png,51.1,6259.0,53.2,1085.8,0,60.4,1987.6,2048.0,56,N/A
2026-04-15 10:39:11.595,MangaOCRExtractor.extract from ./tmp/yolo-1024-95pbt-5pbv-cpu/crops_AkkeraKanjinchou_006_R/AkkeraKanjinchou_006_R_bubble_017.png,51.4,6264.0,53.2,1088.1,0,60.4,1987.6,2048.0,56,N/A
2026-04-15 10:39:12.160,MangaOCRExtractor.extract from ./tmp/yolo-1024-95pbt-5pbv-cpu/crops_AkkeraKanjinchou_006_R/AkkeraKanjinchou_006_R_bubble_018.png,42.0,6266.0,53.2,1091.4,0,60.4,1987.6,2048.0,56,N/A
2026-04-15 10:39:12.680,Translating どうした！飾りかそれは！,24.9,6267.5,53.2,1095.1,0,60.4,1987.6,2048.0,55,N/A
2026-04-15 10:39:13.181,Translating どうした！飾りかそれは！,49.9,6266.8,53.2,1095.1,0,60.4,1987.6,2048.0,56,N/A
2026-04-15 10:39:13.682,Translating どうした！飾りかそれは！,50.2,6262.4,53.2,1095.1,0,60.4,1987.6,2048.0,56,N/A
2026-04-15 10:39:14.183,Translating どうした！飾りかそれは！,49.9,6266.1,53.2,1095.1,0,60.4,1987.6,2048.0,56,N/A
2026-04-15 10:39:14.684,Translating フン怖くて声が出んか！？,58.9,6280.7,53.3,1095.1,0,60.4,1987.6,2048.0,55,N/A
2026-04-15 10:39:15.185,Translating フン怖くて声が出んか！？,33.5,6279.6,53.3,1095.1,0,60.4,1987.6,2048.0,56,N/A
2026-04-15 10:39:15.686,Translating フン怖くて声が出んか！？,50.1,6279.6,53.3,1095.1,0,60.4,1987.6,2048.0,56,N/A
2026-04-15 10:39:16.188,Translating フン怖くて声が出んか！？,49.9,6278.2,53.3,1095.1,0,60.4,1987.6,2048.0,55,N/A
2026-04-15 10:39:16.689,Translating フン怖くて声が出んか！？,50.7,6266.7,53.2,1095.1,0,60.4,1987.6,2048.0,55,N/A
2026-04-15 10:39:17.190,Translating フン怖くて声が出んか！？,50.2,6266.1,53.2,1095.1,0,60.4,1987.6,2048.0,55,N/A
2026-04-15 10:39:17.691,Translating フン怖くて声が出んか！？,50.0,6270.3,53.3,1095.1,0,60.4,1987.6,2048.0,56,N/A
2026-04-15 10:39:18.192,Translating や待てこいつの腰物,42.3,6245.6,53.0,1095.1,0,60.4,1987.6,2048.0,55,N/A
2026-04-15 10:39:18.693,Translating や待てこいつの腰物,50.3,6246.3,53.0,1095.1,0,60.4,1987.6,2048.0,56,N/A
2026-04-15 10:39:19.195,Translating や待てこいつの腰物,50.7,6248.1,53.1,1095.1,0,60.4,1987.6,2048.0,55,N/A
2026-04-15 10:39:19.696,Translating や待てこいつの腰物,49.9,6248.3,53.1,1095.1,0,60.4,1987.6,2048.0,55,N/A
2026-04-15 10:39:20.197,Translating や待てこいつの腰物,49.9,6248.5,53.1,1095.1,0,60.4,1987.6,2048.0,55,N/A
2026-04-15 10:39:20.698,Translating 抜けん！試合ってやるわ！,56.3,6214.3,52.8,1095.1,0,60.4,1987.6,2048.0,55,N/A
2026-04-15 10:39:21.199,Translating 抜けん！試合ってやるわ！,33.7,6228.1,52.9,1095.1,0,60.4,1987.6,2048.0,55,N/A
2026-04-15 10:39:21.700,Translating 抜けん！試合ってやるわ！,50.4,6228.3,52.9,1095.1,0,60.4,1987.6,2048.0,55,N/A
2026-04-15 10:39:22.201,Translating 抜けん！試合ってやるわ！,50.7,6224.5,52.9,1095.1,0,60.4,1987.6,2048.0,55,N/A
2026-04-15 10:39:22.702,Translating 抜けん！試合ってやるわ！,49.7,6225.1,52.9,1095.1,0,60.4,1987.6,2048.0,55,N/A
2026-04-15 10:39:23.204,Translating 竹光！！だははは！本当に飾りか！,46.5,6222.9,52.8,1095.1,0,60.4,1987.6,2048.0,55,N/A
2026-04-15 10:39:23.704,Translating 竹光！！だははは！本当に飾りか！,45.8,6222.9,52.8,1095.1,0,60.4,1987.6,2048.0,55,N/A
2026-04-15 10:39:24.206,Translating 竹光！！だははは！本当に飾りか！,50.0,6218.8,52.8,1095.1,0,60.4,1987.6,2048.0,55,N/A
2026-04-15 10:39:24.707,Translating 竹光！！だははは！本当に飾りか！,50.0,6218.8,52.8,1095.1,0,60.4,1987.6,2048.0,55,N/A
2026-04-15 10:39:25.208,Translating 竹光！！だははは！本当に飾りか！,50.4,6214.6,52.8,1095.1,0,60.4,1987.6,2048.0,55,N/A
2026-04-15 10:39:25.709,Translating 竹光！！だははは！本当に飾りか！,50.4,6219.6,52.8,1095.1,0,60.4,1987.6,2048.0,55,N/A
2026-04-15 10:39:26.210,Translating 本物の腰抜けかー．．．,55.2,6219.4,52.8,1095.1,0,60.4,1987.6,2048.0,55,N/A
2026-04-15 10:39:26.711,Translating 本物の腰抜けかー．．．,34.4,6210.5,52.7,1095.1,0,60.4,1987.6,2048.0,55,N/A
2026-04-15 10:39:27.212,Translating 本物の腰抜けかー．．．,50.0,6209.8,52.7,1095.1,0,60.4,1987.6,2048.0,55,N/A
2026-04-15 10:39:27.713,Translating 本物の腰抜けかー．．．,50.9,6213.4,52.8,1095.1,0,60.4,1987.6,2048.0,55,N/A
2026-04-15 10:39:28.215,Translating 本物の腰抜けかー．．．,49.8,6206.3,52.7,1095.1,0,60.4,1987.6,2048.0,55,N/A
2026-04-15 10:39:28.716,Translating 来い！,40.5,6210.3,52.7,1095.1,0,60.4,1987.6,2048.0,55,N/A
2026-04-15 10:39:29.217,Translating 来い！,50.0,6208.1,52.7,1095.1,0,60.4,1987.6,2048.0,55,N/A
2026-04-15 10:39:29.718,Translating あらら．．,57.1,6222.0,52.8,1095.1,0,60.4,1987.6,2048.0,55,N/A
2026-04-15 10:39:30.219,Translating あらら．．,33.8,6210.8,52.7,1095.1,0,60.4,1987.6,2048.0,55,N/A
2026-04-15 10:39:30.720,Translating 案の定．．．,50.5,6205.8,52.7,1095.1,0,60.4,1987.6,2048.0,55,N/A
2026-04-15 10:39:31.221,Translating 案の定．．．,44.0,6205.3,52.7,1095.1,0,60.4,1987.6,2048.0,55,N/A
2026-04-15 10:39:31.722,Translating 案の定．．．,50.2,6205.5,52.7,1095.1,0,60.4,1987.6,2048.0,55,N/A
2026-04-15 10:39:32.223,Translating くだらね．．．,56.0,6205.6,52.7,1095.1,0,60.4,1987.6,2048.0,55,N/A
2026-04-15 10:39:32.725,Translating くだらね．．．,36.9,6224.4,52.9,1095.1,0,60.4,1987.6,2048.0,55,N/A
2026-04-15 10:39:33.226,Translating くだらね．．．,50.1,6228.2,52.9,1095.1,0,60.4,1987.6,2048.0,55,N/A
2026-04-15 10:39:33.727,Translating 相当シメられるよありゃあ．．．,56.8,6228.4,52.9,1095.1,0,60.4,1987.6,2048.0,55,N/A
2026-04-15 10:39:34.228,Translating 相当シメられるよありゃあ．．．,36.2,6222.1,52.8,1095.1,0,60.4,1987.6,2048.0,55,N/A
2026-04-15 10:39:34.729,Translating 相当シメられるよありゃあ．．．,50.4,6222.3,52.8,1095.1,0,60.4,1987.6,2048.0,55,N/A
2026-04-15 10:39:35.230,Translating 相当シメられるよありゃあ．．．,52.1,6209.1,52.7,1095.1,0,60.4,1987.6,2048.0,55,N/A
2026-04-15 10:39:35.731,Translating 相当シメられるよありゃあ．．．,50.0,6213.1,52.8,1095.1,0,60.4,1987.6,2048.0,55,N/A
2026-04-15 10:39:36.232,Translating 相当シメられるよありゃあ．．．,49.7,6207.5,52.7,1095.1,0,60.4,1987.6,2048.0,55,N/A
2026-04-15 10:39:36.734,Translating 出おったわ！,41.8,6223.1,52.8,1095.1,0,60.4,1987.6,2048.0,55,N/A
2026-04-15 10:39:37.234,Translating 出おったわ！,50.0,6231.5,52.9,1095.1,0,60.4,1987.6,2048.0,55,N/A
2026-04-15 10:39:37.736,Translating 出おったわ！,50.1,6233.2,52.9,1095.1,0,60.4,1987.6,2048.0,55,N/A
2026-04-15 10:39:38.237,Translating 刀．．．,47.7,6237.6,53.0,1095.1,0,60.4,1987.6,2048.0,55,N/A
2026-04-15 10:39:38.738,Translating 刀．．．,45.5,6248.9,53.1,1095.1,0,60.4,1987.6,2048.0,55,N/A
2026-04-15 10:39:39.239,Translating フンなら力ずくでも謝らせてやる！,56.9,6249.4,53.1,1095.1,0,60.4,1987.6,2048.0,56,N/A
2026-04-15 10:39:39.740,Translating フンなら力ずくでも謝らせてやる！,32.3,6216.7,52.8,1095.1,0,60.4,1987.6,2048.0,55,N/A
2026-04-15 10:39:40.241,Translating フンなら力ずくでも謝らせてやる！,50.0,6214.2,52.8,1095.1,0,60.4,1987.6,2048.0,55,N/A
2026-04-15 10:39:40.742,Translating フンなら力ずくでも謝らせてやる！,50.2,6218.6,52.8,1095.1,0,60.4,1987.6,2048.0,55,N/A
2026-04-15 10:39:41.243,Translating フンなら力ずくでも謝らせてやる！,49.7,6220.4,52.8,1095.1,0,60.4,1987.6,2048.0,55,N/A
2026-04-15 10:39:41.744,Translating フンなら力ずくでも謝らせてやる！,50.4,6211.5,52.8,1095.1,0,60.4,1987.6,2048.0,55,N/A
2026-04-15 10:39:42.246,Translating フンなら力ずくでも謝らせてやる！,50.5,6208.9,52.7,1095.1,0,60.4,1987.6,2048.0,55,N/A
2026-04-15 10:39:42.747,Translating フンなら力ずくでも謝らせてやる！,49.7,6208.9,52.7,1095.1,0,60.4,1987.6,2048.0,55,N/A
2026-04-15 10:39:43.248,Translating 魔．．．？,49.4,6212.1,52.8,1095.2,0,60.4,1987.6,2048.0,55,N/A
2026-04-15 10:39:43.749,Translating 魔．．．？,41.9,6219.5,52.8,1095.2,0,60.4,1987.6,2048.0,56,N/A
2026-04-15 10:39:44.250,Translating 水がさんぞ．．．刀魔！！,57.2,6219.8,52.8,1095.2,0,60.4,1987.6,2048.0,56,N/A
2026-04-15 10:39:44.751,Translating 水がさんぞ．．．刀魔！！,36.0,6219.8,52.8,1095.2,0,60.4,1987.6,2048.0,55,N/A
2026-04-15 10:39:45.252,Translating 水がさんぞ．．．刀魔！！,50.0,6219.4,52.8,1095.2,0,60.4,1987.6,2048.0,55,N/A
2026-04-15 10:39:45.754,Translating 水がさんぞ．．．刀魔！！,50.0,6223.9,52.9,1095.2,0,60.4,1987.6,2048.0,56,N/A
2026-04-15 10:39:46.255,BubbleTypesetter._apply_cleaning,53.3,6223.8,52.9,1095.2,0,60.4,1987.6,2048.0,55,N/A
2026-04-15 10:39:46.761,BubbleTypesetter._wrap_text_pixel_width,22.8,6218.7,52.8,1102.1,0,60.4,1987.6,2048.0,55,N/A
2026-04-15 10:39:47.313,BubbleTypesetter._process_bubble,12.6,6218.7,52.8,1102.1,0,60.4,1987.6,2048.0,55,N/A
2026-04-15 10:39:47.878,BubbleTypesetter._apply_cleaning,12.7,6216.7,52.8,1102.1,0,60.4,1987.6,2048.0,55,N/A
2026-04-15 10:39:48.379,BubbleTypesetter._apply_cleaning,12.5,6216.7,52.8,1102.1,0,60.4,1987.6,2048.0,55,N/A
2026-04-15 10:39:48.885,BubbleTypesetter._wrap_text_pixel_width,12.5,6216.5,52.8,1102.1,0,60.4,1987.6,2048.0,55,N/A
2026-04-15 10:39:49.570,yolo_start,0.0,5330.3,45.3,41.5,0,58.3,1989.7,2048.0,55,N/A
2026-04-15 10:39:50.071,EngineOCRFactory._setup_engine,33.2,5468.0,46.4,315.5,0,58.3,1989.7,2048.0,55,N/A
2026-04-15 10:39:50.592,EngineOCRFactory._setup_engine,12.6,5547.9,47.1,379.9,0,58.3,1989.7,2048.0,55,N/A
2026-04-15 10:39:51.101,EngineOCRFactory._setup_engine,12.4,5575.1,47.3,421.8,0,58.3,1989.7,2048.0,55,N/A
2026-04-15 10:39:51.607,EngineOCRFactory._run,25.7,5796.6,49.2,613.8,0,60.4,1987.6,2048.0,55,N/A
2026-04-15 10:39:52.108,EngineOCRFactory._run,47.3,5884.5,50.0,733.6,0,60.4,1987.6,2048.0,55,N/A
2026-04-15 10:39:52.609,EngineOCRFactory._run,45.2,5834.6,49.5,682.6,0,60.4,1987.6,2048.0,55,N/A
2026-04-15 10:39:53.112,EngineOCRFactory._run,5.0,5843.1,49.6,687.9,0,60.4,1987.6,2048.0,55,N/A
2026-04-15 10:39:53.614,EngineOCRFactory._run,2.2,5851.2,49.7,690.9,0,60.4,1987.6,2048.0,55,N/A
2026-04-15 10:39:54.119,EngineOCRFactory._run,13.1,6094.2,51.8,934.9,0,60.4,1987.6,2048.0,55,N/A
2026-04-15 10:39:54.620,EngineOCRFactory._run,50.2,6094.3,51.8,934.9,0,60.4,1987.6,2048.0,55,N/A
2026-04-15 10:39:55.121,EngineOCRFactory._run,21.4,6202.2,52.7,1469.6,0,60.4,1987.6,2048.0,55,N/A
2026-04-15 10:39:55.622,EngineOCRFactory._run,41.7,6236.6,53.0,1080.7,0,60.4,1987.6,2048.0,55,N/A
2026-04-15 10:39:56.124,MangaOCRExtractor.extract from ./tmp/yolo-1024-95pbt-5pbv-cpu/crops_AkkeraKanjinchou_007_L/AkkeraKanjinchou_007_L_bubble_002.png,51.7,6260.2,53.2,1092.2,0,60.4,1987.6,2048.0,55,N/A
2026-04-15 10:39:56.625,MangaOCRExtractor.extract from ./tmp/yolo-1024-95pbt-5pbv-cpu/crops_AkkeraKanjinchou_007_L/AkkeraKanjinchou_007_L_bubble_004.png,51.8,6260.2,53.2,1092.3,0,60.4,1987.6,2048.0,55,N/A
2026-04-15 10:39:57.126,MangaOCRExtractor.extract from ./tmp/yolo-1024-95pbt-5pbv-cpu/crops_AkkeraKanjinchou_007_L/AkkeraKanjinchou_007_L_bubble_006.png,51.7,6260.6,53.2,1094.6,0,60.4,1987.6,2048.0,55,N/A
2026-04-15 10:39:57.627,MangaOCRExtractor.extract from ./tmp/yolo-1024-95pbt-5pbv-cpu/crops_AkkeraKanjinchou_007_L/AkkeraKanjinchou_007_L_bubble_008.png,51.6,6260.6,53.2,1094.6,0,60.4,1987.6,2048.0,56,N/A
2026-04-15 10:39:58.128,MangaOCRExtractor.extract from ./tmp/yolo-1024-95pbt-5pbv-cpu/crops_AkkeraKanjinchou_007_L/AkkeraKanjinchou_007_L_bubble_009.png,51.0,6262.0,53.2,1094.6,0,60.4,1987.6,2048.0,56,N/A
2026-04-15 10:39:58.630,MangaOCRExtractor.extract from ./tmp/yolo-1024-95pbt-5pbv-cpu/crops_AkkeraKanjinchou_007_L/AkkeraKanjinchou_007_L_bubble_011.png,52.0,6262.0,53.2,1094.6,0,60.4,1987.6,2048.0,56,N/A
2026-04-15 10:39:59.131,MangaOCRExtractor.extract from ./tmp/yolo-1024-95pbt-5pbv-cpu/crops_AkkeraKanjinchou_007_L/AkkeraKanjinchou_007_L_bubble_012.png,51.1,6260.0,53.2,1094.6,0,60.4,1987.6,2048.0,56,N/A
2026-04-15 10:39:59.632,MangaOCRExtractor.extract from ./tmp/yolo-1024-95pbt-5pbv-cpu/crops_AkkeraKanjinchou_007_R/AkkeraKanjinchou_007_R_bubble_014.png,52.9,6260.5,53.2,1094.6,0,60.4,1987.6,2048.0,56,N/A
2026-04-15 10:40:00.134,MangaOCRExtractor.extract from ./tmp/yolo-1024-95pbt-5pbv-cpu/crops_AkkeraKanjinchou_007_R/AkkeraKanjinchou_007_R_bubble_015.png,51.4,6260.8,53.2,1094.6,0,60.4,1987.6,2048.0,56,N/A
2026-04-15 10:40:00.635,MangaOCRExtractor.extract from ./tmp/yolo-1024-95pbt-5pbv-cpu/crops_AkkeraKanjinchou_007_R/AkkeraKanjinchou_007_R_bubble_017.png,52.1,6260.8,53.2,1094.6,0,60.4,1987.6,2048.0,56,N/A
2026-04-15 10:40:01.136,MangaOCRExtractor.extract from ./tmp/yolo-1024-95pbt-5pbv-cpu/crops_AkkeraKanjinchou_007_R/AkkeraKanjinchou_007_R_bubble_018.png,51.3,6260.8,53.2,1094.6,0,60.4,1987.6,2048.0,56,N/A
2026-04-15 10:40:01.637,MangaOCRExtractor.extract from ./tmp/yolo-1024-95pbt-5pbv-cpu/crops_AkkeraKanjinchou_007_R/AkkeraKanjinchou_007_R_bubble_020.png,52.2,6260.8,53.2,1094.7,0,60.4,1987.6,2048.0,56,N/A
2026-04-15 10:40:02.138,MangaOCRExtractor.extract from ./tmp/yolo-1024-95pbt-5pbv-cpu/crops_AkkeraKanjinchou_007_R/AkkeraKanjinchou_007_R_bubble_021.png,51.4,6259.4,53.2,1094.7,0,60.4,1987.6,2048.0,56,N/A
2026-04-15 10:40:02.640,MangaOCRExtractor.extract from ./tmp/yolo-1024-95pbt-5pbv-cpu/crops_AkkeraKanjinchou_007_R/AkkeraKanjinchou_007_R_bubble_023.png,52.2,6259.4,53.2,1094.7,0,60.4,1987.6,2048.0,56,N/A
2026-04-15 10:40:03.141,MangaOCRExtractor.extract from ./tmp/yolo-1024-95pbt-5pbv-cpu/crops_AkkeraKanjinchou_007_R/AkkeraKanjinchou_007_R_bubble_024.png,51.1,6256.4,53.1,1094.7,0,60.4,1987.6,2048.0,56,N/A
2026-04-15 10:40:03.642,MangaOCRExtractor.extract from ./tmp/yolo-1024-95pbt-5pbv-cpu/crops_AkkeraKanjinchou_007_R/AkkeraKanjinchou_007_R_bubble_025.png,51.2,6256.7,53.1,1094.7,0,60.4,1987.6,2048.0,56,N/A
2026-04-15 10:40:04.143,MangaOCRExtractor.extract from ./tmp/yolo-1024-95pbt-5pbv-cpu/crops_AkkeraKanjinchou_007_R/AkkeraKanjinchou_007_R_bubble_026.png,51.5,6252.6,53.1,1094.7,0,60.4,1987.6,2048.0,56,N/A
2026-04-15 10:40:04.644,MangaOCRExtractor.extract from ./tmp/yolo-1024-95pbt-5pbv-cpu/crops_AkkeraKanjinchou_007_R/AkkeraKanjinchou_007_R_bubble_027.png,51.0,6252.6,53.1,1094.7,0,60.4,1987.6,2048.0,56,N/A
2026-04-15 10:40:05.145,MangaOCRExtractor.extract from ./tmp/yolo-1024-95pbt-5pbv-cpu/crops_AkkeraKanjinchou_007_R/AkkeraKanjinchou_007_R_bubble_028.png,51.9,6251.6,53.1,1094.7,0,60.4,1987.6,2048.0,56,N/A
2026-04-15 10:40:05.647,Translating や．．．やめ,31.4,6255.6,53.1,1101.6,0,60.4,1987.6,2048.0,56,N/A
2026-04-15 10:40:06.147,Translating や．．．やめ,33.6,6237.0,53.0,1101.6,0,60.4,1987.6,2048.0,55,N/A
2026-04-15 10:40:06.648,Translating や．．．やめ,49.6,6237.2,53.0,1101.6,0,60.4,1987.6,2048.0,56,N/A
2026-04-15 10:40:07.150,Translating ひ！？,44.4,6245.6,53.0,1101.6,0,60.4,1987.6,2048.0,56,N/A
2026-04-15 10:40:07.650,Translating ひ！？,50.0,6245.6,53.0,1101.6,0,60.4,1987.6,2048.0,56,N/A
2026-04-15 10:40:08.152,Translating まったく．．,43.6,6221.3,52.8,1101.7,0,60.4,1987.6,2048.0,56,N/A
2026-04-15 10:40:08.653,Translating まったく．．,45.6,6222.2,52.8,1101.7,0,60.4,1987.6,2048.0,56,N/A
2026-04-15 10:40:09.154,Translating まったく．．,49.8,6223.9,52.9,1101.7,0,60.4,1987.6,2048.0,56,N/A
2026-04-15 10:40:09.655,Translating だけ物だ．．．,42.1,6247.5,53.1,1101.7,0,60.4,1987.6,2048.0,56,N/A
2026-04-15 10:40:10.156,Translating だけ物だ．．．,50.1,6244.9,53.0,1101.7,0,60.4,1987.6,2048.0,56,N/A
2026-04-15 10:40:10.657,Translating だけ物だ．．．,50.5,6245.9,53.0,1101.7,0,60.4,1987.6,2048.0,56,N/A
2026-04-15 10:40:11.158,Translating ここから．．．頭にかけて．．．,57.4,6228.8,52.9,1101.7,0,60.4,1987.6,2048.0,56,N/A
2026-04-15 10:40:11.660,Translating ここから．．．頭にかけて．．．,32.3,6232.8,52.9,1101.7,0,60.4,1987.6,2048.0,56,N/A
2026-04-15 10:40:12.161,Translating ここから．．．頭にかけて．．．,50.2,6232.6,52.9,1101.7,0,60.4,1987.6,2048.0,56,N/A
2026-04-15 10:40:12.662,Translating ここから．．．頭にかけて．．．,49.7,6240.6,53.0,1101.7,0,60.4,1987.6,2048.0,56,N/A
2026-04-15 10:40:13.163,Translating ここから．．．頭にかけて．．．,50.2,6231.5,52.9,1101.7,0,60.4,1987.6,2048.0,56,N/A
2026-04-15 10:40:13.664,Translating こ．．．化け物．．,48.4,6244.2,53.0,1101.7,0,60.4,1987.6,2048.0,55,N/A
2026-04-15 10:40:14.165,Translating こ．．．化け物．．,44.5,6252.0,53.1,1101.7,0,60.4,1987.6,2048.0,56,N/A
2026-04-15 10:40:14.666,Translating こ．．．化け物．．,50.1,6251.1,53.1,1101.7,0,60.4,1987.6,2048.0,56,N/A
2026-04-15 10:40:15.168,Translating こ．．．化け物．．,50.1,6249.0,53.1,1101.7,0,60.4,1987.6,2048.0,56,N/A
2026-04-15 10:40:15.669,Translating 斬り甲斐がないよ．．．,41.9,6250.7,53.1,1101.7,0,60.4,1987.6,2048.0,56,N/A
2026-04-15 10:40:16.170,Translating 斬り甲斐がないよ．．．,50.0,6250.5,53.1,1101.7,0,60.4,1987.6,2048.0,56,N/A
2026-04-15 10:40:16.671,Translating 斬り甲斐がないよ．．．,49.9,6250.5,53.1,1101.7,0,60.4,1987.6,2048.0,56,N/A
2026-04-15 10:40:17.172,Translating 斬り甲斐がないよ．．．,50.1,6249.3,53.1,1101.7,0,60.4,1987.6,2048.0,56,N/A
2026-04-15 10:40:17.673,Translating っやめてくれェェェ,54.9,6237.5,53.0,1101.7,0,60.4,1987.6,2048.0,56,N/A
2026-04-15 10:40:18.174,Translating っやめてくれェェェ,35.5,6241.2,53.0,1101.7,0,60.4,1987.6,2048.0,56,N/A
2026-04-15 10:40:18.675,Translating っやめてくれェェェ,50.1,6242.7,53.0,1101.7,0,60.4,1987.6,2048.0,56,N/A
2026-04-15 10:40:19.176,Translating っやめてくれェェェ,49.9,6248.9,53.1,1101.7,0,60.4,1987.6,2048.0,55,N/A
2026-04-15 10:40:19.677,Translating 手からーー．．．,41.7,6231.5,52.9,1101.7,0,60.4,1987.6,2048.0,56,N/A
2026-04-15 10:40:20.178,Translating 手からーー．．．,50.3,6232.5,52.9,1101.7,0,60.4,1987.6,2048.0,56,N/A
2026-04-15 10:40:20.680,Translating 手からーー．．．,49.7,6236.7,53.0,1101.7,0,60.4,1987.6,2048.0,55,N/A
2026-04-15 10:40:21.181,Translating もう少し骨のある奴はいないのかねェ,43.5,6256.3,53.1,1101.7,0,60.4,1987.6,2048.0,55,N/A
2026-04-15 10:40:21.682,Translating もう少し骨のある奴はいないのかねェ,48.4,6256.5,53.1,1101.7,0,60.4,1987.6,2048.0,55,N/A
2026-04-15 10:40:22.183,Translating もう少し骨のある奴はいないのかねェ,50.6,6271.3,53.3,1101.7,0,60.4,1987.6,2048.0,56,N/A
2026-04-15 10:40:22.684,Translating もう少し骨のある奴はいないのかねェ,49.5,6273.2,53.3,1101.7,0,60.4,1987.6,2048.0,56,N/A
2026-04-15 10:40:23.185,Translating もう少し骨のある奴はいないのかねェ,50.2,6272.0,53.3,1101.7,0,60.4,1987.6,2048.0,56,N/A
2026-04-15 10:40:23.686,Translating 赤い刀が―――！！！,56.1,6265.7,53.2,1101.7,0,60.4,1987.6,2048.0,56,N/A
2026-04-15 10:40:24.188,Translating 赤い刀が―――！！！,35.8,6247.4,53.1,1101.7,0,60.4,1987.6,2048.0,56,N/A
2026-04-15 10:40:24.689,Translating 赤い刀が―――！！！,49.9,6251.6,53.1,1101.7,0,60.4,1987.6,2048.0,56,N/A
2026-04-15 10:40:25.190,Translating 赤い刀が―――！！！,50.0,6250.4,53.1,1101.7,0,60.4,1987.6,2048.0,56,N/A
2026-04-15 10:40:25.691,Translating さ．．．,40.2,6233.6,52.9,1101.7,0,60.4,1987.6,2048.0,56,N/A
2026-04-15 10:40:26.192,Translating さ．．．,49.4,6233.9,52.9,1101.7,0,60.4,1987.6,2048.0,56,N/A
2026-04-15 10:40:26.693,Translating あー．．．,53.1,6245.2,53.0,1101.7,0,60.4,1987.6,2048.0,56,N/A
2026-04-15 10:40:27.194,Translating あー．．．,36.5,6231.9,52.9,1101.7,0,60.4,1987.6,2048.0,56,N/A
2026-04-15 10:40:27.695,Translating あー．．．,51.1,6235.6,53.0,1101.7,0,60.4,1987.6,2048.0,56,N/A
2026-04-15 10:40:28.196,Translating こっち．．．,44.8,6256.1,53.1,1101.7,0,60.4,1987.6,2048.0,55,N/A
2026-04-15 10:40:28.697,Translating こっち．．．,47.6,6264.3,53.2,1101.7,0,60.4,1987.6,2048.0,56,N/A
2026-04-15 10:40:29.198,Translating こっち．．．,49.9,6262.9,53.2,1101.7,0,60.4,1987.6,2048.0,56,N/A
2026-04-15 10:40:29.699,Translating な．．．！！,43.3,6252.4,53.1,1101.7,0,60.4,1987.6,2048.0,56,N/A
2026-04-15 10:40:30.201,Translating な．．．！！,50.4,6250.7,53.1,1101.7,0,60.4,1987.6,2048.0,56,N/A
2026-04-15 10:40:30.702,Translating 何だ．．．！？,55.9,6245.9,53.0,1101.7,0,60.4,1987.6,2048.0,56,N/A
2026-04-15 10:40:31.203,Translating 何だ．．．！？,32.6,6236.7,53.0,1101.7,0,60.4,1987.6,2048.0,56,N/A
2026-04-15 10:40:31.704,Translating 何だ．．．！？,50.5,6236.9,53.0,1101.7,0,60.4,1987.6,2048.0,56,N/A
2026-04-15 10:40:32.205,Translating なっ．．．！！,45.1,6224.5,52.9,1101.7,0,60.4,1987.6,2048.0,56,N/A
2026-04-15 10:40:32.706,Translating なっ．．．！！,44.3,6228.5,52.9,1101.7,0,60.4,1987.6,2048.0,55,N/A
2026-04-15 10:40:33.207,Translating なっ．．．！！,50.0,6226.3,52.9,1101.7,0,60.4,1987.6,2048.0,56,N/A
2026-04-15 10:40:33.708,Translating 何！！だと．．．？,42.0,6250.5,53.1,1101.7,0,60.4,1987.6,2048.0,56,N/A
2026-04-15 10:40:34.209,Translating 何！！だと．．．？,49.8,6261.5,53.2,1101.7,0,60.4,1987.6,2048.0,55,N/A
2026-04-15 10:40:34.710,Translating キャキ,56.9,6268.4,53.2,1101.7,0,60.4,1987.6,2048.0,55,N/A
2026-04-15 10:40:35.211,Translating キャキ,34.4,6267.3,53.2,1101.7,0,60.4,1987.6,2048.0,55,N/A
2026-04-15 10:40:35.712,Translating キャキ,49.8,6267.5,53.2,1101.7,0,60.4,1987.6,2048.0,56,N/A
2026-04-15 10:40:36.214,Translating な．．．何．．．！？,43.1,6261.4,53.2,1101.7,0,60.4,1987.6,2048.0,56,N/A
2026-04-15 10:40:36.714,Translating な．．．何．．．！？,49.1,6261.4,53.2,1101.7,0,60.4,1987.6,2048.0,56,N/A
2026-04-15 10:40:37.216,Translating な．．．何．．．！？,50.1,6258.2,53.1,1101.7,0,60.4,1987.6,2048.0,55,N/A
2026-04-15 10:40:37.717,Translating 本物は．．．,42.1,6264.0,53.2,1101.8,0,60.4,1987.6,2048.0,56,N/A
2026-04-15 10:40:38.218,Translating 本物は．．．,50.4,6264.0,53.2,1101.8,0,60.4,1987.6,2048.0,56,N/A
2026-04-15 10:40:38.719,Translating 本物は．．．,49.7,6268.2,53.2,1101.8,0,60.4,1987.6,2048.0,56,N/A
2026-04-15 10:40:39.220,Translating しまったなァ．．．あんまりウルサイから思わず．．．,40.3,6282.7,53.4,1101.8,0,60.4,1987.6,2048.0,55,N/A
2026-04-15 10:40:39.721,Translating しまったなァ．．．あんまりウルサイから思わず．．．,50.0,6282.7,53.4,1101.8,0,60.4,1987.6,2048.0,55,N/A
2026-04-15 10:40:40.222,Translating しまったなァ．．．あんまりウルサイから思わず．．．,50.1,6283.1,53.4,1101.8,0,60.4,1987.6,2048.0,56,N/A
2026-04-15 10:40:40.723,Translating しまったなァ．．．あんまりウルサイから思わず．．．,50.4,6289.9,53.4,1101.8,0,60.4,1987.6,2048.0,56,N/A
2026-04-15 10:40:41.225,Translating しまったなァ．．．あんまりウルサイから思わず．．．,50.9,6289.5,53.4,1101.8,0,60.4,1987.6,2048.0,55,N/A
2026-04-15 10:40:41.726,Translating しまったなァ．．．あんまりウルサイから思わず．．．,49.7,6289.7,53.4,1101.8,0,60.4,1987.6,2048.0,56,N/A
2026-04-15 10:40:42.227,Translating まあいいか．．．獲物一匹残ったしねェ,42.5,6289.9,53.4,1101.8,0,60.4,1987.6,2048.0,56,N/A
2026-04-15 10:40:42.728,Translating まあいいか．．．獲物一匹残ったしねェ,46.0,6290.2,53.4,1101.8,0,60.4,1987.6,2048.0,55,N/A
2026-04-15 10:40:43.229,Translating まあいいか．．．獲物一匹残ったしねェ,50.4,6287.9,53.4,1101.8,0,60.4,1987.6,2048.0,56,N/A
2026-04-15 10:40:43.730,Translating まあいいか．．．獲物一匹残ったしねェ,49.9,6287.7,53.4,1101.8,0,60.4,1987.6,2048.0,56,N/A
2026-04-15 10:40:44.231,Translating まあいいか．．．獲物一匹残ったしねェ,50.8,6285.8,53.4,1101.8,0,60.4,1987.6,2048.0,55,N/A
2026-04-15 10:40:44.732,Translating まあいいか．．．獲物一匹残ったしねェ,49.9,6286.0,53.4,1101.8,0,60.4,1987.6,2048.0,56,N/A
2026-04-15 10:40:45.234,Translating えっ．．．えっ江戸屈指虎藤道場の門下だぞ！！,43.4,6285.4,53.4,1101.8,0,60.4,1987.6,2048.0,55,N/A
2026-04-15 10:40:45.734,Translating えっ．．．えっ江戸屈指虎藤道場の門下だぞ！！,46.9,6285.4,53.4,1101.8,0,60.4,1987.6,2048.0,55,N/A
2026-04-15 10:40:46.236,Translating えっ．．．えっ江戸屈指虎藤道場の門下だぞ！！,50.4,6284.8,53.4,1101.8,0,60.4,1987.6,2048.0,56,N/A
2026-04-15 10:40:46.737,Translating えっ．．．えっ江戸屈指虎藤道場の門下だぞ！！,49.8,6288.8,53.4,1101.8,0,60.4,1987.6,2048.0,55,N/A
2026-04-15 10:40:47.238,Translating えっ．．．えっ江戸屈指虎藤道場の門下だぞ！！,50.0,6278.6,53.3,1101.8,0,60.4,1987.6,2048.0,56,N/A
2026-04-15 10:40:47.739,Translating えっ．．．えっ江戸屈指虎藤道場の門下だぞ！！,50.6,6286.6,53.4,1101.8,0,60.4,1987.6,2048.0,55,N/A
2026-04-15 10:40:48.240,Translating えっ．．．えっ江戸屈指虎藤道場の門下だぞ！！,50.0,6271.4,53.3,1101.8,0,60.4,1987.6,2048.0,56,N/A
2026-04-15 10:40:48.742,Translating えっ．．．えっ江戸屈指虎藤道場の門下だぞ！！,49.8,6275.4,53.3,1101.8,0,60.4,1987.6,2048.0,56,N/A
2026-04-15 10:40:49.243,Translating 竹光は本当に飾りだよ鞘当てしていいカモを釣るための道具．．．,47.2,6258.0,53.1,1101.8,0,60.4,1987.6,2048.0,55,N/A
2026-04-15 10:40:49.744,Translating 竹光は本当に飾りだよ鞘当てしていいカモを釣るための道具．．．,46.1,6257.7,53.1,1101.8,0,60.4,1987.6,2048.0,55,N/A
2026-04-15 10:40:50.245,Translating 竹光は本当に飾りだよ鞘当てしていいカモを釣るための道具．．．,50.4,6257.4,53.1,1101.8,0,60.4,1987.6,2048.0,55,N/A
2026-04-15 10:40:50.746,Translating 竹光は本当に飾りだよ鞘当てしていいカモを釣るための道具．．．,51.0,6261.4,53.2,1101.8,0,60.4,1987.6,2048.0,56,N/A
2026-04-15 10:40:51.247,Translating 竹光は本当に飾りだよ鞘当てしていいカモを釣るための道具．．．,50.0,6260.8,53.2,1101.8,0,60.4,1987.6,2048.0,55,N/A
2026-04-15 10:40:51.748,Translating 竹光は本当に飾りだよ鞘当てしていいカモを釣るための道具．．．,49.7,6252.1,53.1,1101.8,0,60.4,1987.6,2048.0,55,N/A
2026-04-15 10:40:52.250,Translating 竹光は本当に飾りだよ鞘当てしていいカモを釣るための道具．．．,50.0,6256.2,53.1,1101.8,0,60.4,1987.6,2048.0,56,N/A
2026-04-15 10:40:52.751,Translating 竹光は本当に飾りだよ鞘当てしていいカモを釣るための道具．．．,50.2,6258.7,53.2,1101.8,0,60.4,1987.6,2048.0,56,N/A
2026-04-15 10:40:53.252,Translating 竹光は本当に飾りだよ鞘当てしていいカモを釣るための道具．．．,49.6,6257.3,53.1,1101.8,0,60.4,1987.6,2048.0,55,N/A
2026-04-15 10:40:53.753,Translating 刀無しでやる気か！？ナメるなよ！！,55.7,6252.0,53.1,1101.8,0,60.4,1987.6,2048.0,56,N/A
2026-04-15 10:40:54.254,Translating 刀無しでやる気か！？ナメるなよ！！,35.2,6250.2,53.1,1101.8,0,60.4,1987.6,2048.0,55,N/A
2026-04-15 10:40:54.755,Translating 刀無しでやる気か！？ナメるなよ！！,50.0,6250.2,53.1,1101.8,0,60.4,1987.6,2048.0,56,N/A
2026-04-15 10:40:55.256,Translating 刀無しでやる気か！？ナメるなよ！！,50.1,6250.2,53.1,1101.8,0,60.4,1987.6,2048.0,56,N/A
2026-04-15 10:40:55.757,Translating 刀無しでやる気か！？ナメるなよ！！,50.9,6250.8,53.1,1101.8,0,60.4,1987.6,2048.0,56,N/A
2026-04-15 10:40:56.259,Translating 刀無しでやる気か！？ナメるなよ！！,49.9,6253.5,53.1,1101.8,0,60.4,1987.6,2048.0,56,N/A
2026-04-15 10:40:56.760,Translating 刀無しでやる気か！？ナメるなよ！！,49.7,6253.5,53.1,1101.8,0,60.4,1987.6,2048.0,56,N/A
2026-04-15 10:40:57.261,Translating 刀無しでやる気か！？ナメるなよ！！,49.9,6250.8,53.1,1101.8,0,60.4,1987.6,2048.0,56,N/A
2026-04-15 10:40:57.762,Translating 何なんだコイツーー．．．！！,40.9,6244.3,53.0,1101.8,0,60.4,1987.6,2048.0,56,N/A
2026-04-15 10:40:58.263,Translating 何なんだコイツーー．．．！！,50.1,6245.0,53.0,1101.8,0,60.4,1987.6,2048.0,56,N/A
2026-04-15 10:40:58.764,Translating 何なんだコイツーー．．．！！,49.6,6245.0,53.0,1101.8,0,60.4,1987.6,2048.0,56,N/A
2026-04-15 10:40:59.265,BubbleTypesetter._apply_cleaning,50.4,6249.2,53.1,1108.4,0,60.4,1987.6,2048.0,56,N/A
2026-04-15 10:40:59.771,BubbleTypesetter._wrap_text_pixel_width,12.9,6249.9,53.1,1108.7,0,60.4,1987.6,2048.0,55,N/A
2026-04-15 10:41:00.335,BubbleTypesetter._process_bubble,12.8,6247.2,53.1,1108.7,0,60.4,1987.6,2048.0,55,N/A
2026-04-15 10:41:00.879,BubbleTypesetter._apply_cleaning,12.5,6247.2,53.1,1108.7,0,60.4,1987.6,2048.0,55,N/A
2026-04-15 10:41:01.385,BubbleTypesetter._apply_cleaning,12.5,6246.9,53.1,1108.7,0,60.4,1987.6,2048.0,55,N/A
2026-04-15 10:41:01.894,BubbleTypesetter._apply_cleaning,12.4,6246.8,53.1,1108.7,0,60.4,1987.6,2048.0,55,N/A
2026-04-15 10:41:02.397,BubbleTypesetter._process_bubble,12.9,6246.7,53.0,1108.7,0,60.4,1987.6,2048.0,55,N/A
2026-04-15 10:41:02.900,BubbleTypesetter._apply_cleaning,12.4,6246.7,53.0,1108.7,0,60.4,1987.6,2048.0,55,N/A
2026-04-15 10:41:03.683,yolo_start,0.0,5348.0,45.4,41.3,0,58.3,1989.7,2048.0,55,N/A
2026-04-15 10:41:04.185,EngineOCRFactory._setup_engine,34.8,5483.4,46.6,314.6,0,58.3,1989.7,2048.0,55,N/A
2026-04-15 10:41:04.694,EngineOCRFactory._setup_engine,12.4,5555.2,47.2,379.8,0,58.3,1989.7,2048.0,55,N/A
2026-04-15 10:41:05.210,EngineOCRFactory._setup_engine,12.3,5580.4,47.4,421.7,0,58.3,1989.7,2048.0,55,N/A
2026-04-15 10:41:05.716,EngineOCRFactory._run,26.6,5854.4,49.7,582.6,0,60.4,1987.6,2048.0,55,N/A
2026-04-15 10:41:06.217,EngineOCRFactory._run,47.4,5903.0,50.1,707.6,0,60.4,1987.6,2048.0,55,N/A
2026-04-15 10:41:06.720,EngineOCRFactory._run,39.0,5872.2,49.9,667.5,0,60.4,1987.6,2048.0,55,N/A
2026-04-15 10:41:07.222,EngineOCRFactory._run,3.5,5873.7,49.9,667.7,0,60.4,1987.6,2048.0,55,N/A
2026-04-15 10:41:07.724,EngineOCRFactory._run,1.5,5873.7,49.9,670.3,0,60.4,1987.6,2048.0,55,N/A
2026-04-15 10:41:08.226,EngineOCRFactory._run,8.0,5933.2,50.4,747.9,0,60.4,1987.6,2048.0,55,N/A
2026-04-15 10:41:08.727,EngineOCRFactory._run,33.3,6111.9,51.9,921.4,0,60.4,1987.6,2048.0,55,N/A
2026-04-15 10:41:09.228,EngineOCRFactory._run,32.6,6210.3,52.7,1018.1,0,60.4,1987.6,2048.0,55,N/A
2026-04-15 10:41:09.729,EngineOCRFactory._run,30.5,6221.3,52.8,1035.3,0,60.4,1987.6,2048.0,54,N/A
2026-04-15 10:41:10.230,MangaOCRExtractor.extract from ./tmp/yolo-1024-95pbt-5pbv-cpu/crops_Arisa_003_L/Arisa_003_L_bubble_001.png,50.9,6260.4,53.2,1076.4,0,60.4,1987.6,2048.0,55,N/A
2026-04-15 10:41:10.733,MangaOCRExtractor.extract from ./tmp/yolo-1024-95pbt-5pbv-cpu/crops_Arisa_003_L/Arisa_003_L_bubble_004.png,52.4,6265.6,53.2,1081.0,0,60.4,1987.6,2048.0,55,N/A
2026-04-15 10:41:11.234,MangaOCRExtractor.extract from ./tmp/yolo-1024-95pbt-5pbv-cpu/crops_Arisa_003_L/Arisa_003_L_bubble_005.png,51.0,6264.5,53.2,1081.0,0,60.4,1987.6,2048.0,55,N/A
2026-04-15 10:41:11.735,MangaOCRExtractor.extract from ./tmp/yolo-1024-95pbt-5pbv-cpu/crops_Arisa_003_L/Arisa_003_L_bubble_007.png,51.6,6264.5,53.2,1083.3,0,60.4,1987.6,2048.0,56,N/A
2026-04-15 10:41:12.236,MangaOCRExtractor.extract from ./tmp/yolo-1024-95pbt-5pbv-cpu/crops_Arisa_003_L/Arisa_003_L_bubble_008.png,51.0,6264.3,53.2,1083.4,0,60.4,1987.6,2048.0,56,N/A
2026-04-15 10:41:12.737,MangaOCRExtractor.extract from ./tmp/yolo-1024-95pbt-5pbv-cpu/crops_Arisa_003_L/Arisa_003_L_bubble_010.png,51.6,6264.3,53.2,1083.4,0,60.4,1987.6,2048.0,56,N/A
2026-04-15 10:41:13.238,MangaOCRExtractor.extract from ./tmp/yolo-1024-95pbt-5pbv-cpu/crops_Arisa_003_R/Arisa_003_R_bubble_011.png,51.1,6263.4,53.2,1083.4,0,60.4,1987.6,2048.0,56,N/A
2026-04-15 10:41:13.739,MangaOCRExtractor.extract from ./tmp/yolo-1024-95pbt-5pbv-cpu/crops_Arisa_003_R/Arisa_003_R_bubble_013.png,52.5,6265.5,53.2,1083.4,0,60.4,1987.6,2048.0,56,N/A
2026-04-15 10:41:14.240,MangaOCRExtractor.extract from ./tmp/yolo-1024-95pbt-5pbv-cpu/crops_Arisa_003_R/Arisa_003_R_bubble_013.png,50.4,6264.4,53.2,1083.4,0,60.4,1987.6,2048.0,56,N/A
2026-04-15 10:41:14.742,MangaOCRExtractor.extract from ./tmp/yolo-1024-95pbt-5pbv-cpu/crops_Arisa_003_R/Arisa_003_R_bubble_014.png,51.1,6266.3,53.2,1085.7,0,60.4,1987.6,2048.0,56,N/A
2026-04-15 10:41:15.243,MangaOCRExtractor.extract from ./tmp/yolo-1024-95pbt-5pbv-cpu/crops_Arisa_003_R/Arisa_003_R_bubble_015.png,51.4,6266.4,53.2,1085.7,0,60.4,1987.6,2048.0,56,N/A
2026-04-15 10:41:15.809,MangaOCRExtractor.extract from ./tmp/yolo-1024-95pbt-5pbv-cpu/crops_Arisa_003_R/Arisa_003_R_bubble_016.png,41.9,6269.1,53.2,1089.2,0,60.4,1987.6,2048.0,56,N/A
2026-04-15 10:41:16.319,Translating ふうっ,24.9,6287.8,53.4,1092.7,0,60.4,1987.6,2048.0,56,N/A
2026-04-15 10:41:16.820,Translating ふうっ,49.9,6292.0,53.4,1092.7,0,60.4,1987.6,2048.0,56,N/A
2026-04-15 10:41:17.322,Translating んあ？,48.3,6286.4,53.4,1092.7,0,60.4,1987.6,2048.0,56,N/A
2026-04-15 10:41:17.823,Translating んあ？,43.5,6286.4,53.4,1092.7,0,60.4,1987.6,2048.0,56,N/A
2026-04-15 10:41:18.324,Translating うまくいった．．．,57.7,6275.6,53.3,1092.7,0,60.4,1987.6,2048.0,56,N/A
2026-04-15 10:41:18.825,Translating うまくいった．．．,37.0,6280.0,53.3,1092.7,0,60.4,1987.6,2048.0,56,N/A
2026-04-15 10:41:19.326,Translating うまくいった．．．,50.1,6280.6,53.3,1092.7,0,60.4,1987.6,2048.0,56,N/A
2026-04-15 10:41:19.827,Translating 兄さん！！,56.6,6277.8,53.3,1092.7,0,60.4,1987.6,2048.0,56,N/A
2026-04-15 10:41:20.328,Translating 兄さん！！,35.8,6283.2,53.4,1092.7,0,60.4,1987.6,2048.0,56,N/A
2026-04-15 10:41:20.829,Translating 兄さん！！,49.9,6283.2,53.4,1092.7,0,60.4,1987.6,2048.0,56,N/A
2026-04-15 10:41:21.331,Translating 土手んとこで寝直してくるわ,44.1,6281.1,53.3,1092.7,0,60.4,1987.6,2048.0,56,N/A
2026-04-15 10:41:21.831,Translating 土手んとこで寝直してくるわ,48.4,6280.7,53.3,1092.7,0,60.4,1987.6,2048.0,56,N/A
2026-04-15 10:41:22.333,Translating 土手んとこで寝直してくるわ,50.6,6279.3,53.3,1092.7,0,60.4,1987.6,2048.0,56,N/A
2026-04-15 10:41:22.834,Translating 土手んとこで寝直してくるわ,50.5,6279.9,53.3,1092.7,0,60.4,1987.6,2048.0,56,N/A
2026-04-15 10:41:23.335,Translating 土手んとこで寝直してくるわ,49.9,6277.3,53.3,1092.7,0,60.4,1987.6,2048.0,56,N/A
2026-04-15 10:41:23.836,Translating 琴美おまえは先に自分の教室入ってろ,58.2,6255.0,53.1,1092.7,0,60.4,1987.6,2048.0,56,N/A
2026-04-15 10:41:24.337,Translating 琴美おまえは先に自分の教室入ってろ,33.0,6257.1,53.1,1092.7,0,60.4,1987.6,2048.0,56,N/A
2026-04-15 10:41:24.838,Translating 琴美おまえは先に自分の教室入ってろ,50.0,6257.1,53.1,1092.7,0,60.4,1987.6,2048.0,56,N/A
2026-04-15 10:41:25.340,Translating 琴美おまえは先に自分の教室入ってろ,50.0,6254.8,53.1,1092.7,0,60.4,1987.6,2048.0,56,N/A
2026-04-15 10:41:25.841,Translating 琴美おまえは先に自分の教室入ってろ,50.4,6252.8,53.1,1092.7,0,60.4,1987.6,2048.0,56,N/A
2026-04-15 10:41:26.342,Translating 兄さんがもう５分早く起きてくれたらこんな．．．,50.6,6235.6,53.0,1092.8,0,60.4,1987.6,2048.0,56,N/A
2026-04-15 10:41:26.845,Translating 兄さんがもう５分早く起きてくれたらこんな．．．,40.3,6255.1,53.1,1092.8,0,60.4,1987.6,2048.0,56,N/A
2026-04-15 10:41:27.345,Translating 兄さんがもう５分早く起きてくれたらこんな．．．,50.3,6255.2,53.1,1092.8,0,60.4,1987.6,2048.0,56,N/A
2026-04-15 10:41:27.847,Translating 兄さんがもう５分早く起きてくれたらこんな．．．,49.9,6255.3,53.1,1092.8,0,60.4,1987.6,2048.0,56,N/A
2026-04-15 10:41:28.348,Translating 兄さんがもう５分早く起きてくれたらこんな．．．,50.0,6255.5,53.1,1092.8,0,60.4,1987.6,2048.0,56,N/A
2026-04-15 10:41:28.849,Translating 兄さんがもう５分早く起きてくれたらこんな．．．,50.8,6255.8,53.1,1092.8,0,60.4,1987.6,2048.0,56,N/A
2026-04-15 10:41:29.350,Translating 兄さんがもう５分早く起きてくれたらこんな．．．,49.7,6255.7,53.1,1092.8,0,60.4,1987.6,2048.0,56,N/A
2026-04-15 10:41:29.851,Translating ってまだ寝足りないの！？,56.4,6253.8,53.1,1092.8,0,60.4,1987.6,2048.0,56,N/A
2026-04-15 10:41:30.353,Translating ってまだ寝足りないの！？,36.7,6243.9,53.0,1092.8,0,60.4,1987.6,2048.0,56,N/A
2026-04-15 10:41:30.854,Translating ってまだ寝足りないの！？,50.6,6248.4,53.1,1092.8,0,60.4,1987.6,2048.0,56,N/A
2026-04-15 10:41:31.355,Translating ってまだ寝足りないの！？,50.8,6250.3,53.1,1092.8,0,60.4,1987.6,2048.0,56,N/A
2026-04-15 10:41:31.856,Translating 卑怯なり報崎量一郎――っ！！,51.1,6234.8,52.9,1092.8,0,60.4,1987.6,2048.0,56,N/A
2026-04-15 10:41:32.357,Translating 卑怯なり報崎量一郎――っ！！,40.9,6246.6,53.0,1092.8,0,60.4,1987.6,2048.0,56,N/A
2026-04-15 10:41:32.858,Translating 卑怯なり報崎量一郎――っ！！,50.0,6246.6,53.0,1092.8,0,60.4,1987.6,2048.0,56,N/A
2026-04-15 10:41:33.359,Translating 卑怯なり報崎量一郎――っ！！,50.1,6246.9,53.1,1092.8,0,60.4,1987.6,2048.0,56,N/A
2026-04-15 10:41:33.860,Translating 卑怯なり報崎量一郎――っ！！,49.8,6247.1,53.1,1092.8,0,60.4,1987.6,2048.0,56,N/A
2026-04-15 10:41:34.362,Translating 卑怯なり報崎量一郎――っ！！,50.6,6247.3,53.1,1092.8,0,60.4,1987.6,2048.0,56,N/A
2026-04-15 10:41:34.863,Translating 卑怯なり報崎量一郎――っ！！,50.4,6251.5,53.1,1092.8,0,60.4,1987.6,2048.0,56,N/A
2026-04-15 10:41:35.364,Translating なにっ！？,54.0,6252.3,53.1,1092.8,0,60.4,1987.6,2048.0,56,N/A
2026-04-15 10:41:35.865,Translating なにっ！？,37.1,6236.0,53.0,1092.8,0,60.4,1987.6,2048.0,56,N/A
2026-04-15 10:41:36.366,Translating なにっ！？,50.1,6236.0,53.0,1092.8,0,60.4,1987.6,2048.0,56,N/A
2026-04-15 10:41:36.867,Translating 裏から来るとはコソクですわっ！！,42.9,6249.7,53.1,1092.8,0,60.4,1987.6,2048.0,56,N/A
2026-04-15 10:41:37.368,Translating 裏から来るとはコソクですわっ！！,50.3,6251.0,53.1,1092.8,0,60.4,1987.6,2048.0,56,N/A
2026-04-15 10:41:37.869,Translating 裏から来るとはコソクですわっ！！,50.5,6251.3,53.1,1092.8,0,60.4,1987.6,2048.0,56,N/A
2026-04-15 10:41:38.370,Translating 裏から来るとはコソクですわっ！！,50.0,6252.0,53.1,1092.8,0,60.4,1987.6,2048.0,56,N/A
2026-04-15 10:41:38.872,Translating 裏から来るとはコソクですわっ！！,49.6,6252.5,53.1,1092.8,0,60.4,1987.6,2048.0,56,N/A
2026-04-15 10:41:39.373,Translating この私生徒会長じきじきに取り締まってさしあげますわ！,51.4,6255.1,53.1,1092.8,0,60.4,1987.6,2048.0,56,N/A
2026-04-15 10:41:39.874,Translating この私生徒会長じきじきに取り締まってさしあげますわ！,40.6,6251.1,53.1,1092.8,0,60.4,1987.6,2048.0,56,N/A
2026-04-15 10:41:40.375,Translating この私生徒会長じきじきに取り締まってさしあげますわ！,50.4,6244.2,53.0,1092.8,0,60.4,1987.6,2048.0,56,N/A
2026-04-15 10:41:40.876,Translating この私生徒会長じきじきに取り締まってさしあげますわ！,50.0,6244.2,53.0,1092.8,0,60.4,1987.6,2048.0,56,N/A
2026-04-15 10:41:41.377,Translating この私生徒会長じきじきに取り締まってさしあげますわ！,50.4,6250.2,53.1,1092.8,0,60.4,1987.6,2048.0,56,N/A
2026-04-15 10:41:41.878,Translating この私生徒会長じきじきに取り締まってさしあげますわ！,49.5,6247.0,53.1,1092.8,0,60.4,1987.6,2048.0,56,N/A
2026-04-15 10:41:42.380,Translating この私生徒会長じきじきに取り締まってさしあげますわ！,50.1,6245.0,53.0,1092.8,0,60.4,1987.6,2048.0,56,N/A
2026-04-15 10:41:42.881,Translating 遅いっ！毎度担任の顔に泥を塗ってくれおって．．．！,53.5,6246.3,53.0,1092.8,0,60.4,1987.6,2048.0,56,N/A
2026-04-15 10:41:43.382,Translating 遅いっ！毎度担任の顔に泥を塗ってくれおって．．．！,40.0,6244.5,53.0,1092.8,0,60.4,1987.6,2048.0,56,N/A
2026-04-15 10:41:43.883,Translating 遅いっ！毎度担任の顔に泥を塗ってくれおって．．．！,50.0,6244.7,53.0,1092.8,0,60.4,1987.6,2048.0,56,N/A
2026-04-15 10:41:44.384,Translating 遅いっ！毎度担任の顔に泥を塗ってくれおって．．．！,50.7,6244.9,53.0,1092.8,0,60.4,1987.6,2048.0,56,N/A
2026-04-15 10:41:44.885,Translating 遅いっ！毎度担任の顔に泥を塗ってくれおって．．．！,49.5,6243.5,53.0,1092.8,0,60.4,1987.6,2048.0,56,N/A
2026-04-15 10:41:45.386,Translating 遅いっ！毎度担任の顔に泥を塗ってくれおって．．．！,50.1,6243.3,53.0,1092.8,0,60.4,1987.6,2048.0,56,N/A
2026-04-15 10:41:45.887,Translating 遅いっ！毎度担任の顔に泥を塗ってくれおって．．．！,49.8,6243.8,53.0,1092.8,0,60.4,1987.6,2048.0,56,N/A
2026-04-15 10:41:46.388,Translating 遅いっ！毎度担任の顔に泥を塗ってくれおって．．．！,50.7,6242.0,53.0,1092.8,0,60.4,1987.6,2048.0,56,N/A
2026-04-15 10:41:46.889,Translating 遅いっ！毎度担任の顔に泥を塗ってくれおって．．．！,49.9,6242.0,53.0,1092.8,0,60.4,1987.6,2048.0,56,N/A
2026-04-15 10:41:47.390,Translating 遅いっ！毎度担任の顔に泥を塗ってくれおって．．．！,50.0,6242.4,53.0,1092.8,0,60.4,1987.6,2048.0,56,N/A
2026-04-15 10:41:47.892,Translating 裏門だーー！お崎真一郎が裏門から侵入しましたー！！,40.6,6238.0,53.0,1092.8,0,60.4,1987.6,2048.0,56,N/A
2026-04-15 10:41:48.392,Translating 裏門だーー！お崎真一郎が裏門から侵入しましたー！！,50.1,6237.7,53.0,1092.8,0,60.4,1987.6,2048.0,56,N/A
2026-04-15 10:41:48.893,Translating 裏門だーー！お崎真一郎が裏門から侵入しましたー！！,50.2,6237.5,53.0,1092.8,0,60.4,1987.6,2048.0,56,N/A
2026-04-15 10:41:49.395,Translating 裏門だーー！お崎真一郎が裏門から侵入しましたー！！,50.4,6237.9,53.0,1092.8,0,60.4,1987.6,2048.0,56,N/A
2026-04-15 10:41:49.896,Translating 裏門だーー！お崎真一郎が裏門から侵入しましたー！！,50.5,6236.6,53.0,1092.8,0,60.4,1987.6,2048.0,56,N/A
2026-04-15 10:41:50.397,Translating 裏門だーー！お崎真一郎が裏門から侵入しましたー！！,49.9,6236.6,53.0,1092.8,0,60.4,1987.6,2048.0,56,N/A
2026-04-15 10:41:50.898,Translating 裏門だーー！お崎真一郎が裏門から侵入しましたー！！,49.9,6239.1,53.0,1092.8,0,60.4,1987.6,2048.0,56,N/A
2026-04-15 10:41:51.399,Translating 裏門だーー！お崎真一郎が裏門から侵入しましたー！！,50.4,6243.3,53.0,1092.8,0,60.4,1987.6,2048.0,56,N/A
2026-04-15 10:41:51.901,Translating 森崎眞一郎ーーっ！！,41.3,6252.2,53.1,1092.8,0,60.4,1987.6,2048.0,56,N/A
2026-04-15 10:41:52.402,Translating 森崎眞一郎ーーっ！！,49.9,6252.2,53.1,1092.8,0,60.4,1987.6,2048.0,56,N/A
2026-04-15 10:41:52.903,Translating 森崎眞一郎ーーっ！！,49.9,6249.8,53.1,1092.8,0,60.4,1987.6,2048.0,56,N/A
2026-04-15 10:41:53.404,Translating 森崎眞一郎ーーっ！！,50.0,6253.8,53.1,1092.8,0,60.4,1987.6,2048.0,56,N/A
2026-04-15 10:41:53.905,BubbleTypesetter._apply_cleaning,39.1,6245.8,53.0,1099.7,0,60.4,1987.6,2048.0,56,N/A
2026-04-15 10:41:54.406,BubbleTypesetter._apply_cleaning,12.7,6244.0,53.0,1099.8,0,60.4,1987.6,2048.0,56,N/A
2026-04-15 10:41:54.912,BubbleTypesetter._apply_cleaning,12.4,6244.0,53.0,1099.8,0,60.4,1987.6,2048.0,55,N/A
2026-04-15 10:41:55.419,BubbleTypesetter._process_bubble,12.7,6244.2,53.0,1099.8,0,60.4,1987.6,2048.0,55,N/A
2026-04-15 10:41:55.976,BubbleTypesetter._apply_cleaning,12.7,6244.2,53.0,1099.9,0,60.4,1987.6,2048.0,55,N/A
2026-04-15 10:41:56.921,yolo_start,0.0,5356.2,45.5,41.4,0,58.3,1989.7,2048.0,55,N/A
2026-04-15 10:41:57.423,EngineOCRFactory._setup_engine,31.5,5496.3,46.7,316.1,0,58.3,1989.7,2048.0,55,N/A
2026-04-15 10:41:57.939,EngineOCRFactory._setup_engine,12.6,5564.4,47.3,379.9,0,58.3,1989.7,2048.0,55,N/A
2026-04-15 10:41:58.442,EngineOCRFactory._setup_engine,12.7,5601.0,47.6,421.2,0,58.3,1989.7,2048.0,55,N/A
2026-04-15 10:41:58.945,EngineOCRFactory._run,25.3,5847.6,49.7,649.1,0,60.4,1987.6,2048.0,55,N/A
2026-04-15 10:41:59.446,EngineOCRFactory._run,47.5,5902.1,50.1,715.0,0,60.4,1987.6,2048.0,55,N/A
2026-04-15 10:41:59.952,EngineOCRFactory._run,40.6,5867.2,49.8,657.0,0,60.4,1987.6,2048.0,55,N/A
2026-04-15 10:42:00.466,EngineOCRFactory._run,3.2,5868.5,49.8,658.2,0,60.4,1987.6,2048.0,55,N/A
2026-04-15 10:42:00.972,EngineOCRFactory._run,2.5,5874.8,49.9,661.2,0,60.4,1987.6,2048.0,55,N/A
2026-04-15 10:42:01.477,EngineOCRFactory._run,12.6,6109.7,51.9,913.1,0,60.4,1987.6,2048.0,55,N/A
2026-04-15 10:42:01.978,EngineOCRFactory._run,49.3,6113.9,51.9,918.1,0,60.4,1987.6,2048.0,55,N/A
2026-04-15 10:42:02.479,EngineOCRFactory._run,23.9,6229.1,52.9,1452.7,0,60.4,1987.6,2048.0,55,N/A
2026-04-15 10:42:02.981,EngineOCRFactory._run,37.8,6263.1,53.2,1068.4,0,60.4,1987.6,2048.0,55,N/A
2026-04-15 10:42:03.482,MangaOCRExtractor.extract from ./tmp/yolo-1024-95pbt-5pbv-cpu/crops_Arisa_004_L/Arisa_004_L_bubble_002.png,52.0,6262.2,53.2,1068.4,0,60.4,1987.6,2048.0,55,N/A
2026-04-15 10:42:03.983,MangaOCRExtractor.extract from ./tmp/yolo-1024-95pbt-5pbv-cpu/crops_Arisa_004_L/Arisa_004_L_bubble_005.png,52.1,6262.5,53.2,1068.4,0,60.4,1987.6,2048.0,55,N/A
2026-04-15 10:42:04.484,MangaOCRExtractor.extract from ./tmp/yolo-1024-95pbt-5pbv-cpu/crops_Arisa_004_L/Arisa_004_L_bubble_007.png,51.9,6261.9,53.2,1068.5,0,60.4,1987.6,2048.0,56,N/A
2026-04-15 10:42:04.985,MangaOCRExtractor.extract from ./tmp/yolo-1024-95pbt-5pbv-cpu/crops_Arisa_004_L/Arisa_004_L_bubble_009.png,51.6,6263.6,53.2,1073.1,0,60.4,1987.6,2048.0,56,N/A
2026-04-15 10:42:05.486,MangaOCRExtractor.extract from ./tmp/yolo-1024-95pbt-5pbv-cpu/crops_Arisa_004_L/Arisa_004_L_bubble_011.png,52.0,6263.4,53.2,1073.1,0,60.4,1987.6,2048.0,56,N/A
2026-04-15 10:42:05.987,MangaOCRExtractor.extract from ./tmp/yolo-1024-95pbt-5pbv-cpu/crops_Arisa_004_R/Arisa_004_R_bubble_012.png,51.2,6262.9,53.2,1073.1,0,60.4,1987.6,2048.0,56,N/A
2026-04-15 10:42:06.488,MangaOCRExtractor.extract from ./tmp/yolo-1024-95pbt-5pbv-cpu/crops_Arisa_004_R/Arisa_004_R_bubble_013.png,51.5,6263.2,53.2,1073.1,0,60.4,1987.6,2048.0,56,N/A
2026-04-15 10:42:06.990,MangaOCRExtractor.extract from ./tmp/yolo-1024-95pbt-5pbv-cpu/crops_Arisa_004_R/Arisa_004_R_bubble_014.png,51.1,6262.8,53.2,1073.1,0,60.4,1987.6,2048.0,56,N/A
2026-04-15 10:42:07.491,MangaOCRExtractor.extract from ./tmp/yolo-1024-95pbt-5pbv-cpu/crops_Arisa_004_R/Arisa_004_R_bubble_016.png,52.6,6263.4,53.2,1073.1,0,60.4,1987.6,2048.0,56,N/A
2026-04-15 10:42:07.992,MangaOCRExtractor.extract from ./tmp/yolo-1024-95pbt-5pbv-cpu/crops_Arisa_004_R/Arisa_004_R_bubble_017.png,51.6,6265.1,53.2,1073.1,0,60.4,1987.6,2048.0,56,N/A
2026-04-15 10:42:08.493,MangaOCRExtractor.extract from ./tmp/yolo-1024-95pbt-5pbv-cpu/crops_Arisa_004_R/Arisa_004_R_bubble_018.png,51.6,6265.1,53.2,1073.1,0,60.4,1987.6,2048.0,56,N/A
2026-04-15 10:42:08.995,MangaOCRExtractor.extract from ./tmp/yolo-1024-95pbt-5pbv-cpu/crops_Arisa_004_R/Arisa_004_R_bubble_019.png,51.1,6264.3,53.2,1073.2,0,60.4,1987.6,2048.0,56,N/A
2026-04-15 10:42:09.496,MangaOCRExtractor.extract from ./tmp/yolo-1024-95pbt-5pbv-cpu/crops_Arisa_004_R/Arisa_004_R_bubble_019.png,50.4,6264.6,53.2,1073.2,0,60.4,1987.6,2048.0,56,N/A
2026-04-15 10:42:09.997,Translating はあ,20.4,6268.1,53.2,1080.1,0,60.4,1987.6,2048.0,56,N/A
2026-04-15 10:42:10.498,Translating はあ,43.8,6272.2,53.3,1080.1,0,60.4,1987.6,2048.0,56,N/A
2026-04-15 10:42:10.999,Translating はあ,59.0,6258.3,53.1,1080.1,0,60.4,1987.6,2048.0,56,N/A
2026-04-15 10:42:11.501,Translating はあ,32.0,6258.6,53.2,1080.1,0,60.4,1987.6,2048.0,56,N/A
2026-04-15 10:42:12.002,Translating ん？,56.6,6268.9,53.2,1080.1,0,60.4,1987.6,2048.0,56,N/A
2026-04-15 10:42:12.503,Translating ん？,36.7,6269.1,53.2,1080.1,0,60.4,1987.6,2048.0,56,N/A
2026-04-15 10:42:13.004,Translating きゃ,56.4,6266.6,53.2,1080.1,0,60.4,1987.6,2048.0,56,N/A
2026-04-15 10:42:13.505,Translating きゃ,32.6,6259.6,53.2,1080.1,0,60.4,1987.6,2048.0,56,N/A
2026-04-15 10:42:14.006,Translating ぐえ,57.2,6232.8,52.9,1080.1,0,60.4,1987.6,2048.0,56,N/A
2026-04-15 10:42:14.507,Translating ぐえ,35.8,6235.0,53.0,1080.1,0,60.4,1987.6,2048.0,56,N/A
2026-04-15 10:42:15.008,Translating 先生に怒られ,54.7,6235.9,53.0,1080.2,0,60.4,1987.6,2048.0,56,N/A
2026-04-15 10:42:15.509,Translating 先生に怒られ,35.6,6242.0,53.0,1080.2,0,60.4,1987.6,2048.0,56,N/A
2026-04-15 10:42:16.010,Translating 先生に怒られ,49.9,6235.6,53.0,1080.2,0,60.4,1987.6,2048.0,56,N/A
2026-04-15 10:42:16.511,Translating 先生に怒られ,49.9,6239.6,53.0,1080.2,0,60.4,1987.6,2048.0,56,N/A
2026-04-15 10:42:17.014,Translating おめえ！いった．．．,54.1,6239.5,53.0,1080.2,0,60.4,1987.6,2048.0,56,N/A
2026-04-15 10:42:17.515,Translating おめえ！いった．．．,39.3,6223.7,52.9,1080.2,0,60.4,1987.6,2048.0,56,N/A
2026-04-15 10:42:18.016,Translating おめえ！いった．．．,50.1,6223.7,52.9,1080.2,0,60.4,1987.6,2048.0,56,N/A
2026-04-15 10:42:18.517,Translating おめえ！いった．．．,50.0,6223.7,52.9,1080.2,0,60.4,1987.6,2048.0,56,N/A
2026-04-15 10:42:19.018,Translating うおっ,40.7,6238.0,53.0,1080.2,0,60.4,1987.6,2048.0,56,N/A
2026-04-15 10:42:19.519,Translating うおっ,50.0,6240.0,53.0,1080.2,0,60.4,1987.6,2048.0,56,N/A
2026-04-15 10:42:20.020,Translating きゃあああ,51.9,6248.2,53.1,1080.2,0,60.4,1987.6,2048.0,56,N/A
2026-04-15 10:42:20.521,Translating きゃあああ,40.4,6234.5,52.9,1080.2,0,60.4,1987.6,2048.0,56,N/A
2026-04-15 10:42:21.022,Translating きゃあああ,50.6,6230.5,52.9,1080.2,0,60.4,1987.6,2048.0,56,N/A
2026-04-15 10:42:21.523,Translating どうしよう．．．初日からぐすっ遅刻なんて．．．,50.9,6221.8,52.8,1080.2,0,60.4,1987.6,2048.0,56,N/A
2026-04-15 10:42:22.024,Translating どうしよう．．．初日からぐすっ遅刻なんて．．．,38.7,6234.0,52.9,1080.2,0,60.4,1987.6,2048.0,56,N/A
2026-04-15 10:42:22.525,Translating どうしよう．．．初日からぐすっ遅刻なんて．．．,50.5,6232.2,52.9,1080.2,0,60.4,1987.6,2048.0,56,N/A
2026-04-15 10:42:23.026,Translating どうしよう．．．初日からぐすっ遅刻なんて．．．,50.1,6230.2,52.9,1080.2,0,60.4,1987.6,2048.0,56,N/A
2026-04-15 10:42:23.528,Translating どうしよう．．．初日からぐすっ遅刻なんて．．．,49.7,6230.2,52.9,1080.2,0,60.4,1987.6,2048.0,56,N/A
2026-04-15 10:42:24.029,Translating どうしよう．．．初日からぐすっ遅刻なんて．．．,49.7,6236.2,53.0,1080.2,0,60.4,1987.6,2048.0,56,N/A
2026-04-15 10:42:24.530,Translating どうしよう．．．初日からぐすっ遅刻なんて．．．,51.4,6228.0,52.9,1080.2,0,60.4,1987.6,2048.0,56,N/A
2026-04-15 10:42:25.031,Translating あいつ．．．,55.8,6226.2,52.9,1080.2,0,60.4,1987.6,2048.0,56,N/A
2026-04-15 10:42:25.532,Translating あいつ．．．,33.5,6226.4,52.9,1080.2,0,60.4,1987.6,2048.0,56,N/A
2026-04-15 10:42:26.033,Translating あいつ．．．,50.0,6224.4,52.9,1080.2,0,60.4,1987.6,2048.0,56,N/A
2026-04-15 10:42:26.534,Translating あれっきり消息不明．．．,52.9,6223.7,52.9,1080.2,0,60.4,1987.6,2048.0,56,N/A
2026-04-15 10:42:27.035,Translating あれっきり消息不明．．．,40.4,6214.3,52.8,1080.2,0,60.4,1987.6,2048.0,56,N/A
2026-04-15 10:42:27.536,Translating あれっきり消息不明．．．,50.1,6214.3,52.8,1080.2,0,60.4,1987.6,2048.0,56,N/A
2026-04-15 10:42:28.038,Translating あれっきり消息不明．．．,50.1,6214.3,52.8,1080.2,0,60.4,1987.6,2048.0,56,N/A
2026-04-15 10:42:28.539,Translating 今頃どこでどーしてるんだろな．．．,53.1,6208.4,52.7,1080.2,0,60.4,1987.6,2048.0,56,N/A
2026-04-15 10:42:29.040,Translating 今頃どこでどーしてるんだろな．．．,39.9,6225.0,52.9,1080.2,0,60.4,1987.6,2048.0,56,N/A
2026-04-15 10:42:29.541,Translating 今頃どこでどーしてるんだろな．．．,50.1,6223.0,52.8,1080.2,0,60.4,1987.6,2048.0,56,N/A
2026-04-15 10:42:30.042,Translating 今頃どこでどーしてるんだろな．．．,49.9,6223.3,52.9,1080.2,0,60.4,1987.6,2048.0,56,N/A
2026-04-15 10:42:30.543,Translating 今頃どこでどーしてるんだろな．．．,50.0,6227.3,52.9,1080.2,0,60.4,1987.6,2048.0,56,N/A
2026-04-15 10:42:31.046,Translating 泣き虫はもう直ったか？,52.7,6223.5,52.9,1080.2,0,60.4,1987.6,2048.0,56,N/A
2026-04-15 10:42:31.547,Translating 泣き虫はもう直ったか？,41.0,6228.0,52.9,1080.2,0,60.4,1987.6,2048.0,56,N/A
2026-04-15 10:42:32.048,Translating 泣き虫はもう直ったか？,50.2,6228.2,52.9,1080.2,0,60.4,1987.6,2048.0,56,N/A
2026-04-15 10:42:32.550,Translating 泣き虫はもう直ったか？,50.2,6238.7,53.0,1080.2,0,60.4,1987.6,2048.0,56,N/A
2026-04-15 10:42:33.051,Translating 相変わらずあのへんてこなカチューシャしてんのかな．．．,53.0,6238.3,53.0,1080.2,0,60.4,1987.6,2048.0,56,N/A
2026-04-15 10:42:33.552,Translating 相変わらずあのへんてこなカチューシャしてんのかな．．．,40.4,6241.2,53.0,1080.2,0,60.4,1987.6,2048.0,56,N/A
2026-04-15 10:42:34.053,Translating 相変わらずあのへんてこなカチューシャしてんのかな．．．,50.0,6237.4,53.0,1080.2,0,60.4,1987.6,2048.0,56,N/A
2026-04-15 10:42:34.554,Translating 相変わらずあのへんてこなカチューシャしてんのかな．．．,50.2,6237.7,53.0,1080.2,0,60.4,1987.6,2048.0,56,N/A
2026-04-15 10:42:35.056,Translating 相変わらずあのへんてこなカチューシャしてんのかな．．．,50.1,6241.3,53.0,1080.2,0,60.4,1987.6,2048.0,56,N/A
2026-04-15 10:42:35.557,Translating 相変わらずあのへんてこなカチューシャしてんのかな．．．,50.5,6239.5,53.0,1080.2,0,60.4,1987.6,2048.0,56,N/A
2026-04-15 10:42:36.058,Translating 教えてもらった引っ越し先にはあいつの家はなくて,44.7,6219.0,52.8,1080.2,0,60.4,1987.6,2048.0,56,N/A
2026-04-15 10:42:36.559,Translating 教えてもらった引っ越し先にはあいつの家はなくて,44.6,6219.3,52.8,1080.2,0,60.4,1987.6,2048.0,56,N/A
2026-04-15 10:42:37.060,Translating 教えてもらった引っ越し先にはあいつの家はなくて,50.3,6217.4,52.8,1080.2,0,60.4,1987.6,2048.0,56,N/A
2026-04-15 10:42:37.561,Translating 教えてもらった引っ越し先にはあいつの家はなくて,49.7,6206.5,52.7,1080.2,0,60.4,1987.6,2048.0,56,N/A
2026-04-15 10:42:38.062,Translating 教えてもらった引っ越し先にはあいつの家はなくて,50.6,6206.3,52.7,1080.2,0,60.4,1987.6,2048.0,56,N/A
2026-04-15 10:42:38.563,Translating 教えてもらった引っ越し先にはあいつの家はなくて,49.9,6210.5,52.7,1080.2,0,60.4,1987.6,2048.0,56,N/A
2026-04-15 10:42:39.065,Translating なあ．．．どこかで元気に暮らしてんだろ．．．？,57.6,6193.4,52.6,1080.2,0,60.4,1987.6,2048.0,56,N/A
2026-04-15 10:42:39.566,Translating なあ．．．どこかで元気に暮らしてんだろ．．．？,34.7,6202.3,52.7,1080.2,0,60.4,1987.6,2048.0,56,N/A
2026-04-15 10:42:40.067,Translating なあ．．．どこかで元気に暮らしてんだろ．．．？,50.1,6194.3,52.6,1080.2,0,60.4,1987.6,2048.0,56,N/A
2026-04-15 10:42:40.568,Translating なあ．．．どこかで元気に暮らしてんだろ．．．？,50.0,6198.3,52.6,1080.2,0,60.4,1987.6,2048.0,56,N/A
2026-04-15 10:42:41.069,Translating なあ．．．どこかで元気に暮らしてんだろ．．．？,50.6,6198.8,52.6,1080.2,0,60.4,1987.6,2048.0,56,N/A
2026-04-15 10:42:41.570,Translating なあ．．．どこかで元気に暮らしてんだろ．．．？,50.0,6186.1,52.5,1080.2,0,60.4,1987.6,2048.0,56,N/A
2026-04-15 10:42:42.072,Translating なあ．．．どこかで元気に暮らしてんだろ．．．？,49.8,6195.6,52.6,1080.2,0,60.4,1987.6,2048.0,56,N/A
2026-04-15 10:42:42.573,Translating なあ．．．どこかで元気に暮らしてんだろ．．．？,49.9,6199.8,52.7,1080.2,0,60.4,1987.6,2048.0,56,N/A
2026-04-15 10:42:43.074,Translating なあ．．．どこかで元気に暮らしてんだろ．．．？泣き虫はもう直ったか？,52.6,6212.4,52.8,1080.2,0,60.4,1987.6,2048.0,56,N/A
2026-04-15 10:42:43.575,Translating なあ．．．どこかで元気に暮らしてんだろ．．．？泣き虫はもう直ったか？,37.8,6209.8,52.7,1080.2,0,60.4,1987.6,2048.0,56,N/A
2026-04-15 10:42:44.076,Translating なあ．．．どこかで元気に暮らしてんだろ．．．？泣き虫はもう直ったか？,50.0,6208.1,52.7,1080.2,0,60.4,1987.6,2048.0,56,N/A
2026-04-15 10:42:44.577,Translating なあ．．．どこかで元気に暮らしてんだろ．．．？泣き虫はもう直ったか？,50.4,6201.1,52.7,1080.2,0,60.4,1987.6,2048.0,56,N/A
2026-04-15 10:42:45.078,Translating なあ．．．どこかで元気に暮らしてんだろ．．．？泣き虫はもう直ったか？,49.8,6201.3,52.7,1080.2,0,60.4,1987.6,2048.0,56,N/A
2026-04-15 10:42:45.580,Translating なあ．．．どこかで元気に暮らしてんだろ．．．？泣き虫はもう直ったか？,50.0,6201.3,52.7,1080.2,0,60.4,1987.6,2048.0,56,N/A
2026-04-15 10:42:46.081,Translating なあ．．．どこかで元気に暮らしてんだろ．．．？泣き虫はもう直ったか？,50.3,6205.5,52.7,1080.2,0,60.4,1987.6,2048.0,56,N/A
2026-04-15 10:42:46.587,BubbleTypesetter._wrap_text_pixel_width,50.5,6186.8,52.5,1084.9,0,60.4,1987.6,2048.0,56,N/A
2026-04-15 10:42:47.139,BubbleTypesetter._process_bubble,12.4,6185.0,52.5,1087.2,0,60.4,1987.6,2048.0,56,N/A
2026-04-15 10:42:47.687,BubbleTypesetter._apply_cleaning,12.6,6183.5,52.5,1087.2,0,60.4,1987.6,2048.0,56,N/A
2026-04-15 10:42:48.193,BubbleTypesetter._wrap_text_pixel_width,12.6,6183.5,52.5,1087.2,0,60.4,1987.6,2048.0,56,N/A
2026-04-15 10:42:48.766,BubbleTypesetter._apply_cleaning,13.0,6183.5,52.5,1087.2,0,60.4,1987.6,2048.0,55,N/A
2026-04-15 10:42:49.772,yolo_start,50.0,5308.7,45.1,41.4,0,58.3,1989.7,2048.0,55,N/A
2026-04-15 10:42:50.276,EngineOCRFactory._setup_engine,33.3,5465.2,46.4,316.0,0,58.3,1989.7,2048.0,55,N/A
2026-04-15 10:42:50.796,EngineOCRFactory._setup_engine,12.7,5529.0,47.0,379.8,0,58.3,1989.7,2048.0,55,N/A
2026-04-15 10:42:51.299,EngineOCRFactory._setup_engine,12.2,5555.9,47.2,421.0,0,58.3,1989.7,2048.0,55,N/A
2026-04-15 10:42:51.807,EngineOCRFactory._run,24.8,5784.5,49.1,612.3,0,60.4,1987.6,2048.0,55,N/A
2026-04-15 10:42:52.308,EngineOCRFactory._run,46.8,5850.1,49.7,703.0,0,60.4,1987.6,2048.0,55,N/A
2026-04-15 10:42:52.811,EngineOCRFactory._run,39.2,5837.3,49.6,662.8,0,60.4,1987.6,2048.0,56,N/A
2026-04-15 10:42:53.319,EngineOCRFactory._run,3.2,5836.7,49.6,664.6,0,60.4,1987.6,2048.0,55,N/A
2026-04-15 10:42:53.827,EngineOCRFactory._run,4.2,5837.0,49.6,667.9,0,60.4,1987.6,2048.0,55,N/A
2026-04-15 10:42:54.328,EngineOCRFactory._run,16.0,6094.8,51.8,916.9,0,60.4,1987.6,2048.0,55,N/A
2026-04-15 10:42:54.829,EngineOCRFactory._run,50.1,6103.0,51.8,926.0,0,60.4,1987.6,2048.0,55,N/A
2026-04-15 10:42:55.330,EngineOCRFactory._run,18.0,6206.5,52.7,1451.5,0,60.4,1987.6,2048.0,55,N/A
2026-04-15 10:42:55.832,EngineOCRFactory._run,42.4,6237.7,53.0,1064.9,0,60.4,1987.6,2048.0,55,N/A
2026-04-15 10:42:56.333,MangaOCRExtractor.extract from ./tmp/yolo-1024-95pbt-5pbv-cpu/crops_ARMS_022_L/ARMS_022_L_bubble_002.png,51.5,6243.4,53.0,1071.8,0,60.4,1987.6,2048.0,55,N/A
2026-04-15 10:42:56.834,MangaOCRExtractor.extract from ./tmp/yolo-1024-95pbt-5pbv-cpu/crops_ARMS_022_L/ARMS_022_L_bubble_003.png,51.2,6245.8,53.0,1074.2,0,60.4,1987.6,2048.0,55,N/A
2026-04-15 10:42:57.335,MangaOCRExtractor.extract from ./tmp/yolo-1024-95pbt-5pbv-cpu/crops_ARMS_022_L/ARMS_022_L_bubble_004.png,50.9,6244.9,53.0,1074.2,0,60.4,1987.6,2048.0,56,N/A
2026-04-15 10:42:57.839,MangaOCRExtractor.extract from ./tmp/yolo-1024-95pbt-5pbv-cpu/crops_ARMS_022_R/ARMS_022_R_bubble_005.png,52.0,6245.5,53.0,1074.3,0,60.4,1987.6,2048.0,56,N/A
2026-04-15 10:42:58.345,Translating あの中心は．．．,15.9,6269.5,53.2,1081.2,0,60.4,1987.6,2048.0,56,N/A
2026-04-15 10:42:58.846,Translating あの中心は．．．,50.1,6270.0,53.2,1081.2,0,60.4,1987.6,2048.0,56,N/A
2026-04-15 10:42:59.347,Translating 超時空の閉じられた独立空間を作り出してる．．．,54.5,6255.6,53.1,1081.2,0,60.4,1987.6,2048.0,56,N/A
2026-04-15 10:42:59.848,Translating 超時空の閉じられた独立空間を作り出してる．．．,37.7,6256.1,53.1,1081.2,0,60.4,1987.6,2048.0,56,N/A
2026-04-15 10:43:00.349,Translating 超時空の閉じられた独立空間を作り出してる．．．,50.5,6257.3,53.1,1081.2,0,60.4,1987.6,2048.0,56,N/A
2026-04-15 10:43:00.850,Translating 超時空の閉じられた独立空間を作り出してる．．．,51.4,6264.8,53.2,1081.2,0,60.4,1987.6,2048.0,56,N/A
2026-04-15 10:43:01.352,Translating 超時空の閉じられた独立空間を作り出してる．．．,49.7,6268.8,53.2,1081.2,0,60.4,1987.6,2048.0,56,N/A
2026-04-15 10:43:01.853,Translating 超時空の閉じられた独立空間を作り出してる．．．,49.9,6269.0,53.2,1081.2,0,60.4,1987.6,2048.0,56,N/A
2026-04-15 10:43:02.354,Translating 超時空の閉じられた独立空間を作り出してる．．．,49.9,6268.3,53.2,1081.2,0,60.4,1987.6,2048.0,56,N/A
2026-04-15 10:43:02.855,Translating プレ．．．．．ジオメトリックホール．．．？外の世界！？,55.7,6240.4,53.0,1081.2,0,60.4,1987.6,2048.0,56,N/A
2026-04-15 10:43:03.356,Translating プレ．．．．．ジオメトリックホール．．．？外の世界！？,36.3,6244.4,53.0,1081.2,0,60.4,1987.6,2048.0,56,N/A
2026-04-15 10:43:03.857,Translating プレ．．．．．ジオメトリックホール．．．？外の世界！？,50.4,6243.9,53.0,1081.2,0,60.4,1987.6,2048.0,56,N/A
2026-04-15 10:43:04.358,Translating プレ．．．．．ジオメトリックホール．．．？外の世界！？,49.9,6243.6,53.0,1081.2,0,60.4,1987.6,2048.0,56,N/A
2026-04-15 10:43:04.860,Translating プレ．．．．．ジオメトリックホール．．．？外の世界！？,50.5,6248.0,53.1,1081.2,0,60.4,1987.6,2048.0,56,N/A
2026-04-15 10:43:05.361,Translating プレ．．．．．ジオメトリックホール．．．？外の世界！？,49.8,6247.1,53.1,1081.2,0,60.4,1987.6,2048.0,56,N/A
2026-04-15 10:43:05.862,Translating 公転する三位相Ｔ・Ｓ型マイクロブラックホール．．．！これが炉心？,42.1,6223.5,52.9,1081.3,0,60.4,1987.6,2048.0,56,N/A
2026-04-15 10:43:06.363,Translating 公転する三位相Ｔ・Ｓ型マイクロブラックホール．．．！これが炉心？,50.0,6223.5,52.9,1081.3,0,60.4,1987.6,2048.0,56,N/A
2026-04-15 10:43:06.864,Translating 公転する三位相Ｔ・Ｓ型マイクロブラックホール．．．！これが炉心？,50.1,6220.3,52.8,1081.3,0,60.4,1987.6,2048.0,56,N/A
2026-04-15 10:43:07.365,Translating 公転する三位相Ｔ・Ｓ型マイクロブラックホール．．．！これが炉心？,51.4,6220.3,52.8,1081.3,0,60.4,1987.6,2048.0,56,N/A
2026-04-15 10:43:07.866,Translating 公転する三位相Ｔ・Ｓ型マイクロブラックホール．．．！これが炉心？,49.8,6220.3,52.8,1081.3,0,60.4,1987.6,2048.0,56,N/A
2026-04-15 10:43:08.367,Translating 公転する三位相Ｔ・Ｓ型マイクロブラックホール．．．！これが炉心？,49.7,6219.9,52.8,1081.3,0,60.4,1987.6,2048.0,56,N/A
2026-04-15 10:43:08.869,Translating 公転する三位相Ｔ・Ｓ型マイクロブラックホール．．．！これが炉心？,49.8,6223.3,52.9,1081.3,0,60.4,1987.6,2048.0,56,N/A
2026-04-15 10:43:09.370,Translating 公転する三位相Ｔ・Ｓ型マイクロブラックホール．．．！これが炉心？,50.1,6217.4,52.8,1081.3,0,60.4,1987.6,2048.0,56,N/A
2026-04-15 10:43:09.871,Translating あれは．．．,56.1,6213.7,52.8,1081.3,0,60.4,1987.6,2048.0,56,N/A
2026-04-15 10:43:10.372,Translating あれは．．．,37.0,6236.7,53.0,1081.3,0,60.4,1987.6,2048.0,56,N/A
2026-04-15 10:43:10.873,Translating あれは．．．,50.1,6241.5,53.0,1081.3,0,60.4,1987.6,2048.0,56,N/A
2026-04-15 10:43:11.380,BubbleTypesetter._apply_cleaning,50.6,6232.0,52.9,1088.2,0,60.4,1987.6,2048.0,56,N/A
2026-04-15 10:43:11.915,BubbleTypesetter._apply_cleaning,12.6,6232.2,52.9,1088.3,0,60.4,1987.6,2048.0,56,N/A
2026-04-15 10:43:12.835,yolo_start,0.0,5353.7,45.5,41.3,0,58.3,1989.7,2048.0,56,N/A
2026-04-15 10:43:13.339,EngineOCRFactory._setup_engine,29.2,5502.6,46.7,316.2,0,58.3,1989.7,2048.0,55,N/A
2026-04-15 10:43:13.857,EngineOCRFactory._setup_engine,12.7,5563.7,47.2,379.7,0,58.3,1989.7,2048.0,55,N/A
2026-04-15 10:43:14.362,EngineOCRFactory._setup_engine,12.7,5590.2,47.5,422.4,0,58.3,1989.7,2048.0,55,N/A
2026-04-15 10:43:14.868,EngineOCRFactory._run,25.9,5804.3,49.3,620.0,0,60.4,1987.6,2048.0,55,N/A
2026-04-15 10:43:15.369,EngineOCRFactory._run,47.1,5917.3,50.3,720.1,0,60.4,1987.6,2048.0,55,N/A
2026-04-15 10:43:15.871,EngineOCRFactory._run,42.8,5882.2,50.0,683.5,0,60.4,1987.6,2048.0,56,N/A
2026-04-15 10:43:16.373,EngineOCRFactory._run,4.5,5881.8,50.0,685.7,0,60.4,1987.6,2048.0,56,N/A
2026-04-15 10:43:16.876,EngineOCRFactory._run,2.0,5882.0,50.0,688.3,0,60.4,1987.6,2048.0,55,N/A
2026-04-15 10:43:17.377,EngineOCRFactory._run,12.5,6108.5,51.9,910.1,0,60.4,1987.6,2048.0,55,N/A
2026-04-15 10:43:17.878,EngineOCRFactory._run,47.5,6134.2,52.1,936.3,0,60.4,1987.6,2048.0,55,N/A
2026-04-15 10:43:18.379,EngineOCRFactory._run,25.7,6245.6,53.0,1471.0,0,60.4,1987.6,2048.0,55,N/A
2026-04-15 10:43:18.880,EngineOCRFactory._run,37.8,6279.8,53.3,1079.7,0,60.4,1987.6,2048.0,55,N/A
2026-04-15 10:43:19.381,MangaOCRExtractor.extract from ./tmp/yolo-1024-95pbt-5pbv-cpu/crops_ARMS_023_L/ARMS_023_L_bubble_002.png,51.6,6280.5,53.3,1082.0,0,60.4,1987.6,2048.0,55,N/A
2026-04-15 10:43:19.882,MangaOCRExtractor.extract from ./tmp/yolo-1024-95pbt-5pbv-cpu/crops_ARMS_023_L/ARMS_023_L_bubble_004.png,51.9,6281.4,53.3,1084.4,0,60.4,1987.6,2048.0,56,N/A
2026-04-15 10:43:20.383,MangaOCRExtractor.extract from ./tmp/yolo-1024-95pbt-5pbv-cpu/crops_ARMS_023_L/ARMS_023_L_bubble_006.png,51.9,6283.3,53.4,1084.4,0,60.4,1987.6,2048.0,56,N/A
2026-04-15 10:43:20.884,MangaOCRExtractor.extract from ./tmp/yolo-1024-95pbt-5pbv-cpu/crops_ARMS_023_R/ARMS_023_R_bubble_008.png,51.9,6285.3,53.4,1086.7,0,60.4,1987.6,2048.0,56,N/A
2026-04-15 10:43:21.386,MangaOCRExtractor.extract from ./tmp/yolo-1024-95pbt-5pbv-cpu/crops_ARMS_023_R/ARMS_023_R_bubble_010.png,52.0,6285.2,53.4,1086.7,0,60.4,1987.6,2048.0,56,N/A
2026-04-15 10:43:21.887,MangaOCRExtractor.extract from ./tmp/yolo-1024-95pbt-5pbv-cpu/crops_ARMS_023_R/ARMS_023_R_bubble_012.png,52.6,6284.8,53.4,1086.7,0,60.4,1987.6,2048.0,56,N/A
2026-04-15 10:43:22.388,MangaOCRExtractor.extract from ./tmp/yolo-1024-95pbt-5pbv-cpu/crops_ARMS_023_R/ARMS_023_R_bubble_014.png,52.4,6275.6,53.3,1086.7,0,60.4,1987.6,2048.0,56,N/A
2026-04-15 10:43:22.889,MangaOCRExtractor.extract from ./tmp/yolo-1024-95pbt-5pbv-cpu/crops_ARMS_023_R/ARMS_023_R_bubble_015.png,51.6,6274.5,53.3,1086.7,0,60.4,1987.6,2048.0,56,N/A
2026-04-15 10:43:23.391,MangaOCRExtractor.extract from ./tmp/yolo-1024-95pbt-5pbv-cpu/crops_ARMS_023_R/ARMS_023_R_bubble_017.png,52.5,6274.5,53.3,1086.7,0,60.4,1987.6,2048.0,56,N/A
2026-04-15 10:43:23.892,MangaOCRExtractor.extract from ./tmp/yolo-1024-95pbt-5pbv-cpu/crops_ARMS_023_R/ARMS_023_R_bubble_018.png,51.4,6278.5,53.3,1086.7,0,60.4,1987.6,2048.0,56,N/A
2026-04-15 10:43:24.393,MangaOCRExtractor.extract from ./tmp/yolo-1024-95pbt-5pbv-cpu/crops_ARMS_023_R/ARMS_023_R_bubble_020.png,53.0,6277.6,53.3,1086.8,0,60.4,1987.6,2048.0,56,N/A
2026-04-15 10:43:24.894,MangaOCRExtractor.extract from ./tmp/yolo-1024-95pbt-5pbv-cpu/crops_ARMS_023_R/ARMS_023_R_bubble_021.png,51.7,6281.5,53.3,1089.1,0,60.4,1987.6,2048.0,56,N/A
2026-04-15 10:43:25.396,MangaOCRExtractor.extract from ./tmp/yolo-1024-95pbt-5pbv-cpu/crops_ARMS_023_R/ARMS_023_R_bubble_023.png,53.0,6281.7,53.3,1089.1,0,60.4,1987.6,2048.0,56,N/A
2026-04-15 10:43:25.897,MangaOCRExtractor.extract from ./tmp/yolo-1024-95pbt-5pbv-cpu/crops_ARMS_023_R/ARMS_023_R_bubble_024.png,51.6,6281.7,53.3,1089.1,0,60.4,1987.6,2048.0,56,N/A
2026-04-15 10:43:26.398,MangaOCRExtractor.extract from ./tmp/yolo-1024-95pbt-5pbv-cpu/crops_ARMS_023_R/ARMS_023_R_bubble_025.png,51.5,6281.3,53.3,1089.1,0,60.4,1987.6,2048.0,56,N/A
2026-04-15 10:43:26.899,Translating おいっ,30.3,6289.0,53.4,1096.0,0,60.4,1987.6,2048.0,56,N/A
2026-04-15 10:43:27.400,Translating おいっ,34.0,6289.2,53.4,1096.0,0,60.4,1987.6,2048.0,56,N/A
2026-04-15 10:43:27.901,Translating ェリーエリー,57.1,6283.0,53.4,1096.1,0,60.4,1987.6,2048.0,56,N/A
2026-04-15 10:43:28.402,Translating ェリーエリー,36.4,6283.1,53.4,1096.1,0,60.4,1987.6,2048.0,56,N/A
2026-04-15 10:43:28.903,Translating ェリーエリー,50.1,6291.4,53.4,1096.1,0,60.4,1987.6,2048.0,56,N/A
2026-04-15 10:43:29.404,Translating ェリーエリー,49.9,6296.1,53.5,1096.1,0,60.4,1987.6,2048.0,56,N/A
2026-04-15 10:43:29.906,Translating エリノアーディロン中尉！！,40.0,6264.9,53.2,1096.1,0,60.4,1987.6,2048.0,56,N/A
2026-04-15 10:43:30.407,Translating エリノアーディロン中尉！！,50.4,6264.9,53.2,1096.1,0,60.4,1987.6,2048.0,56,N/A
2026-04-15 10:43:30.908,Translating エリノアーディロン中尉！！,50.0,6257.6,53.1,1096.1,0,60.4,1987.6,2048.0,56,N/A
2026-04-15 10:43:31.409,Translating きゃあっ,49.8,6241.4,53.0,1096.1,0,60.4,1987.6,2048.0,56,N/A
2026-04-15 10:43:31.910,Translating きゃあっ,43.1,6241.1,53.0,1096.1,0,60.4,1987.6,2048.0,56,N/A
2026-04-15 10:43:32.411,Translating きゃあっ,49.9,6235.6,53.0,1096.1,0,60.4,1987.6,2048.0,56,N/A
2026-04-15 10:43:32.912,Translating ドク、,45.8,6261.7,53.2,1096.1,0,60.4,1987.6,2048.0,56,N/A
2026-04-15 10:43:33.413,Translating ドク、,44.7,6253.6,53.1,1096.1,0,60.4,1987.6,2048.0,56,N/A
2026-04-15 10:43:33.914,Translating ドクン,54.2,6252.8,53.1,1096.1,0,60.4,1987.6,2048.0,56,N/A
2026-04-15 10:43:34.415,Translating ドクン,35.8,6279.5,53.3,1096.1,0,60.4,1987.6,2048.0,56,N/A
2026-04-15 10:43:34.917,Translating ドクン,55.8,6284.7,53.4,1096.1,0,60.4,1987.6,2048.0,56,N/A
2026-04-15 10:43:35.418,Translating ドクン,39.8,6284.9,53.4,1096.1,0,60.4,1987.6,2048.0,56,N/A
2026-04-15 10:43:35.919,Translating ドクン,41.4,6280.9,53.3,1096.1,0,60.4,1987.6,2048.0,56,N/A
2026-04-15 10:43:36.420,Translating ドクン,51.7,6287.2,53.4,1096.1,0,60.4,1987.6,2048.0,56,N/A
2026-04-15 10:43:36.921,Translating ドクン,34.8,6285.3,53.4,1096.1,0,60.4,1987.6,2048.0,56,N/A
2026-04-15 10:43:37.422,Translating ドクン,48.6,6270.0,53.2,1096.1,0,60.4,1987.6,2048.0,56,N/A
2026-04-15 10:43:37.923,Translating ドクン,41.4,6278.0,53.3,1096.1,0,60.4,1987.6,2048.0,56,N/A
2026-04-15 10:43:38.424,Translating うっ！？,42.8,6259.5,53.2,1096.1,0,60.4,1987.6,2048.0,56,N/A
2026-04-15 10:43:38.925,Translating うっ！？,50.1,6260.2,53.2,1096.1,0,60.4,1987.6,2048.0,56,N/A
2026-04-15 10:43:39.426,Translating ドクン,53.5,6261.8,53.2,1096.1,0,60.4,1987.6,2048.0,56,N/A
2026-04-15 10:43:39.927,Translating ドクン,39.8,6287.0,53.4,1096.1,0,60.4,1987.6,2048.0,56,N/A
2026-04-15 10:43:40.428,Translating いや．．．,55.6,6289.6,53.4,1096.1,0,60.4,1987.6,2048.0,56,N/A
2026-04-15 10:43:40.929,Translating いや．．．,33.3,6292.3,53.4,1096.1,0,60.4,1987.6,2048.0,56,N/A
2026-04-15 10:43:41.430,Translating いや．．．,49.9,6292.1,53.4,1096.1,0,60.4,1987.6,2048.0,56,N/A
2026-04-15 10:43:41.932,Translating やめてっ,39.0,6289.2,53.4,1096.1,0,60.4,1987.6,2048.0,56,N/A
2026-04-15 10:43:42.432,Translating やめてっ,50.1,6289.4,53.4,1096.1,0,60.4,1987.6,2048.0,56,N/A
2026-04-15 10:43:42.934,Translating やめて,57.6,6287.6,53.4,1096.1,0,60.4,1987.6,2048.0,56,N/A
2026-04-15 10:43:43.435,Translating やめて,32.4,6278.0,53.3,1096.1,0,60.4,1987.6,2048.0,56,N/A
2026-04-15 10:43:43.936,Translating 侵入．．．．．．,56.5,6258.3,53.1,1096.1,0,60.4,1987.6,2048.0,56,N/A
2026-04-15 10:43:44.437,Translating 侵入．．．．．．,33.4,6276.4,53.3,1096.1,0,60.4,1987.6,2048.0,56,N/A
2026-04-15 10:43:44.938,Translating 侵入．．．．．．,50.0,6272.4,53.3,1096.1,0,60.4,1987.6,2048.0,56,N/A
2026-04-15 10:43:45.439,Translating 来ないで．．．,57.4,6283.4,53.4,1096.1,0,60.4,1987.6,2048.0,56,N/A
2026-04-15 10:43:45.940,Translating 来ないで．．．,33.2,6268.4,53.2,1096.1,0,60.4,1987.6,2048.0,56,N/A
2026-04-15 10:43:46.441,Translating 来ないで．．．,49.8,6268.6,53.2,1096.1,0,60.4,1987.6,2048.0,56,N/A
2026-04-15 10:43:46.943,Translating 来ないで．．．,50.7,6267.0,53.2,1096.1,0,60.4,1987.6,2048.0,56,N/A
2026-04-15 10:43:47.444,Translating さっきの．．．,53.1,6267.3,53.2,1096.1,0,60.4,1987.6,2048.0,56,N/A
2026-04-15 10:43:47.946,Translating さっきの．．．,39.3,6279.1,53.3,1096.1,0,60.4,1987.6,2048.0,56,N/A
2026-04-15 10:43:48.447,Translating さっきの．．．,50.1,6271.6,53.3,1096.1,0,60.4,1987.6,2048.0,56,N/A
2026-04-15 10:43:48.948,Translating この嫌な感じ．．．,48.9,6266.9,53.2,1096.2,0,60.4,1987.6,2048.0,56,N/A
2026-04-15 10:43:49.449,Translating この嫌な感じ．．．,39.9,6272.8,53.3,1096.2,0,60.4,1987.6,2048.0,56,N/A
2026-04-15 10:43:49.950,Translating この嫌な感じ．．．,50.0,6273.2,53.3,1096.2,0,60.4,1987.6,2048.0,56,N/A
2026-04-15 10:43:50.451,Translating ドクンドクシ,58.4,6279.0,53.3,1096.2,0,60.4,1987.6,2048.0,56,N/A
2026-04-15 10:43:50.953,Translating ドクンドクシ,34.7,6244.9,53.0,1096.2,0,60.4,1987.6,2048.0,56,N/A
2026-04-15 10:43:51.454,Translating ドクンドクシ,49.9,6244.8,53.0,1096.2,0,60.4,1987.6,2048.0,56,N/A
2026-04-15 10:43:51.955,Translating ビッグパン以前．．．？外からの．．．．．,58.4,6243.7,53.0,1096.2,0,60.4,1987.6,2048.0,56,N/A
2026-04-15 10:43:52.456,Translating ビッグパン以前．．．？外からの．．．．．,34.3,6262.1,53.2,1096.2,0,60.4,1987.6,2048.0,56,N/A
2026-04-15 10:43:52.957,Translating ビッグパン以前．．．？外からの．．．．．,50.9,6258.2,53.1,1096.2,0,60.4,1987.6,2048.0,56,N/A
2026-04-15 10:43:53.458,Translating ビッグパン以前．．．？外からの．．．．．,49.9,6266.2,53.2,1096.2,0,60.4,1987.6,2048.0,56,N/A
2026-04-15 10:43:53.959,Translating ビッグパン以前．．．？外からの．．．．．,50.9,6259.9,53.2,1096.2,0,60.4,1987.6,2048.0,56,N/A
2026-04-15 10:43:54.460,Translating あの穴から何かが．．．．．．千歩．．,56.0,6260.2,53.2,1096.2,0,60.4,1987.6,2048.0,56,N/A
2026-04-15 10:43:54.962,Translating あの穴から何かが．．．．．．千歩．．,33.1,6235.7,53.0,1096.2,0,60.4,1987.6,2048.0,56,N/A
2026-04-15 10:43:55.463,Translating あの穴から何かが．．．．．．千歩．．,50.1,6235.7,53.0,1096.2,0,60.4,1987.6,2048.0,56,N/A
2026-04-15 10:43:55.964,Translating あの穴から何かが．．．．．．千歩．．,50.1,6235.4,53.0,1096.2,0,60.4,1987.6,2048.0,56,N/A
2026-04-15 10:43:56.465,Translating あの穴から何かが．．．．．．千歩．．,49.9,6239.7,53.0,1096.2,0,60.4,1987.6,2048.0,56,N/A
2026-04-15 10:43:56.966,Translating あの穴から何かが．．．．．．千歩．．,50.6,6237.7,53.0,1096.2,0,60.4,1987.6,2048.0,56,N/A
2026-04-15 10:43:57.467,Translating やめてっじゃめて,53.6,6230.5,52.9,1096.2,0,60.4,1987.6,2048.0,56,N/A
2026-04-15 10:43:57.968,Translating やめてっじゃめて,37.5,6255.2,53.1,1096.2,0,60.4,1987.6,2048.0,56,N/A
2026-04-15 10:43:58.469,Translating やめてっじゃめて,49.9,6259.7,53.2,1096.2,0,60.4,1987.6,2048.0,56,N/A
2026-04-15 10:43:58.975,BubbleTypesetter._wrap_text_pixel_width,42.1,6239.9,53.0,1102.8,0,60.4,1987.6,2048.0,56,N/A
2026-04-15 10:43:59.522,BubbleTypesetter._apply_cleaning,12.5,6239.9,53.0,1103.2,0,60.4,1987.6,2048.0,56,N/A
2026-04-15 10:44:00.023,BubbleTypesetter._apply_cleaning,12.5,6240.0,53.0,1103.2,0,60.4,1987.6,2048.0,56,N/A
2026-04-15 10:44:00.523,BubbleTypesetter._apply_cleaning,12.5,6240.0,53.0,1103.2,0,60.4,1987.6,2048.0,56,N/A
2026-04-15 10:44:01.029,BubbleTypesetter._apply_cleaning,12.6,6238.0,53.0,1103.2,0,60.4,1987.6,2048.0,56,N/A
2026-04-15 10:44:01.556,BubbleTypesetter._apply_cleaning,12.3,6238.0,53.0,1103.2,0,60.4,1987.6,2048.0,56,N/A
2026-04-15 10:44:02.261,yolo_start,0.0,5338.1,45.3,41.4,0,58.3,1989.7,2048.0,55,N/A
2026-04-15 10:44:02.769,EngineOCRFactory._setup_engine,34.5,5483.3,46.6,316.3,0,58.3,1989.7,2048.0,55,N/A
2026-04-15 10:44:03.274,EngineOCRFactory._setup_engine,12.7,5551.1,47.1,379.9,0,58.3,1989.7,2048.0,55,N/A
2026-04-15 10:44:03.776,EngineOCRFactory._setup_engine,12.2,5579.6,47.4,422.7,0,58.3,1989.7,2048.0,55,N/A
2026-04-15 10:44:04.277,EngineOCRFactory._run,25.6,5821.3,49.4,649.7,0,60.4,1987.6,2048.0,55,N/A
2026-04-15 10:44:04.778,EngineOCRFactory._run,47.6,5896.6,50.1,711.6,0,60.4,1987.6,2048.0,55,N/A
2026-04-15 10:44:05.285,EngineOCRFactory._run,41.5,5867.0,49.8,681.8,0,60.4,1987.6,2048.0,56,N/A
2026-04-15 10:44:05.799,EngineOCRFactory._run,2.9,5874.9,49.9,684.6,0,60.4,1987.6,2048.0,56,N/A
2026-04-15 10:44:06.307,EngineOCRFactory._run,4.2,5874.7,49.9,688.6,0,60.4,1987.6,2048.0,55,N/A
2026-04-15 10:44:06.807,EngineOCRFactory._run,19.5,6101.5,51.8,928.0,0,60.4,1987.6,2048.0,55,N/A
2026-04-15 10:44:07.308,EngineOCRFactory._run,47.0,6131.7,52.1,960.8,0,60.4,1987.6,2048.0,55,N/A
2026-04-15 10:44:07.810,EngineOCRFactory._run,16.5,6211.5,52.8,1462.6,0,60.4,1987.6,2048.0,55,N/A
2026-04-15 10:44:08.313,EngineOCRFactory._run,48.4,6252.2,53.1,1071.3,0,60.4,1987.6,2048.0,55,N/A
2026-04-15 10:44:08.814,MangaOCRExtractor.extract from ./tmp/yolo-1024-95pbt-5pbv-cpu/crops_ARMS_024_L/ARMS_024_L_bubble_002.png,51.4,6258.1,53.1,1078.3,0,60.4,1987.6,2048.0,55,N/A
2026-04-15 10:44:09.315,MangaOCRExtractor.extract from ./tmp/yolo-1024-95pbt-5pbv-cpu/crops_ARMS_024_L/ARMS_024_L_bubble_004.png,51.9,6258.3,53.1,1078.3,0,60.4,1987.6,2048.0,56,N/A
2026-04-15 10:44:09.816,MangaOCRExtractor.extract from ./tmp/yolo-1024-95pbt-5pbv-cpu/crops_ARMS_024_L/ARMS_024_L_bubble_005.png,50.9,6258.3,53.1,1078.3,0,60.4,1987.6,2048.0,56,N/A
2026-04-15 10:44:10.317,MangaOCRExtractor.extract from ./tmp/yolo-1024-95pbt-5pbv-cpu/crops_ARMS_024_L/ARMS_024_L_bubble_006.png,51.1,6258.8,53.2,1078.3,0,60.4,1987.6,2048.0,56,N/A
2026-04-15 10:44:10.818,MangaOCRExtractor.extract from ./tmp/yolo-1024-95pbt-5pbv-cpu/crops_ARMS_024_L/ARMS_024_L_bubble_007.png,50.6,6258.8,53.2,1078.4,0,60.4,1987.6,2048.0,56,N/A
2026-04-15 10:44:11.319,MangaOCRExtractor.extract from ./tmp/yolo-1024-95pbt-5pbv-cpu/crops_ARMS_024_L/ARMS_024_L_bubble_007.png,50.5,6259.2,53.2,1080.7,0,60.4,1987.6,2048.0,56,N/A
2026-04-15 10:44:11.820,MangaOCRExtractor.extract from ./tmp/yolo-1024-95pbt-5pbv-cpu/crops_ARMS_024_L/ARMS_024_L_bubble_008.png,50.9,6259.2,53.2,1080.7,0,60.4,1987.6,2048.0,56,N/A
2026-04-15 10:44:12.321,MangaOCRExtractor.extract from ./tmp/yolo-1024-95pbt-5pbv-cpu/crops_ARMS_024_L/ARMS_024_L_bubble_008.png,50.4,6258.8,53.2,1080.7,0,60.4,1987.6,2048.0,56,N/A
2026-04-15 10:44:12.822,MangaOCRExtractor.extract from ./tmp/yolo-1024-95pbt-5pbv-cpu/crops_ARMS_024_R/ARMS_024_R_bubble_009.png,51.0,6258.8,53.2,1080.8,0,60.4,1987.6,2048.0,56,N/A
2026-04-15 10:44:13.323,MangaOCRExtractor.extract from ./tmp/yolo-1024-95pbt-5pbv-cpu/crops_ARMS_024_R/ARMS_024_R_bubble_011.png,52.2,6257.7,53.1,1080.8,0,60.4,1987.6,2048.0,56,N/A
2026-04-15 10:44:13.825,MangaOCRExtractor.extract from ./tmp/yolo-1024-95pbt-5pbv-cpu/crops_ARMS_024_R/ARMS_024_R_bubble_012.png,51.1,6257.7,53.1,1080.8,0,60.4,1987.6,2048.0,56,N/A
2026-04-15 10:44:14.326,MangaOCRExtractor.extract from ./tmp/yolo-1024-95pbt-5pbv-cpu/crops_ARMS_024_R/ARMS_024_R_bubble_013.png,51.5,6256.5,53.1,1080.8,0,60.4,1987.6,2048.0,56,N/A
2026-04-15 10:44:14.828,MangaOCRExtractor.extract from ./tmp/yolo-1024-95pbt-5pbv-cpu/crops_ARMS_024_R/ARMS_024_R_bubble_013.png,34.3,6260.0,53.2,1087.0,0,60.4,1987.6,2048.0,56,N/A
2026-04-15 10:44:15.329,Translating うっ,30.4,6262.5,53.2,1087.7,0,60.4,1987.6,2048.0,56,N/A
2026-04-15 10:44:15.830,Translating こんなもの野放しにしておけるか！,56.3,6270.7,53.3,1087.7,0,60.4,1987.6,2048.0,56,N/A
2026-04-15 10:44:16.332,Translating こんなもの野放しにしておけるか！,35.4,6285.7,53.4,1087.7,0,60.4,1987.6,2048.0,56,N/A
2026-04-15 10:44:16.833,Translating こんなもの野放しにしておけるか！,50.1,6285.7,53.4,1087.7,0,60.4,1987.6,2048.0,56,N/A
2026-04-15 10:44:17.334,Translating こんなもの野放しにしておけるか！,50.9,6289.9,53.4,1087.7,0,60.4,1987.6,2048.0,56,N/A
2026-04-15 10:44:17.835,Translating こんなもの野放しにしておけるか！,49.5,6289.7,53.4,1087.7,0,60.4,1987.6,2048.0,56,N/A
2026-04-15 10:44:18.336,Translating 一刻も早くこいつの命を断って．．．,51.7,6283.6,53.4,1087.7,0,60.4,1987.6,2048.0,56,N/A
2026-04-15 10:44:18.837,Translating 一刻も早くこいつの命を断って．．．,40.5,6283.6,53.4,1087.7,0,60.4,1987.6,2048.0,56,N/A
2026-04-15 10:44:19.338,Translating 一刻も早くこいつの命を断って．．．,50.4,6280.6,53.3,1087.7,0,60.4,1987.6,2048.0,56,N/A
2026-04-15 10:44:19.840,Translating 一刻も早くこいつの命を断って．．．,49.8,6280.1,53.3,1087.7,0,60.4,1987.6,2048.0,56,N/A
2026-04-15 10:44:20.341,Translating 一刻も早くこいつの命を断って．．．,51.0,6267.6,53.2,1087.7,0,60.4,1987.6,2048.0,56,N/A
2026-04-15 10:44:20.842,Translating 一刻も早くこいつの命を断って．．．,50.3,6255.9,53.1,1087.7,0,60.4,1987.6,2048.0,56,N/A
2026-04-15 10:44:21.343,Translating 一刻も早くこいつの命を断って．．．,50.0,6253.9,53.1,1087.7,0,60.4,1987.6,2048.0,56,N/A
2026-04-15 10:44:21.844,Translating そうだまったく異質なもの！,50.6,6239.7,53.0,1087.7,0,60.4,1987.6,2048.0,56,N/A
2026-04-15 10:44:22.345,Translating そうだまったく異質なもの！,38.5,6238.9,53.0,1087.7,0,60.4,1987.6,2048.0,56,N/A
2026-04-15 10:44:22.846,Translating そうだまったく異質なもの！,49.9,6238.9,53.0,1087.7,0,60.4,1987.6,2048.0,56,N/A
2026-04-15 10:44:23.348,Translating そうだまったく異質なもの！,51.2,6240.5,53.0,1087.7,0,60.4,1987.6,2048.0,56,N/A
2026-04-15 10:44:23.849,Translating ヘテロディックスーパーストリングチェーンをコントロールしてるのはどれなんだいったい？,56.9,6255.6,53.1,1087.7,0,60.4,1987.6,2048.0,56,N/A
2026-04-15 10:44:24.350,Translating ヘテロディックスーパーストリングチェーンをコントロールしてるのはどれなんだいったい？,35.6,6244.4,53.0,1087.7,0,60.4,1987.6,2048.0,56,N/A
2026-04-15 10:44:24.851,Translating ヘテロディックスーパーストリングチェーンをコントロールしてるのはどれなんだいったい？,50.5,6244.3,53.0,1087.7,0,60.4,1987.6,2048.0,56,N/A
2026-04-15 10:44:25.352,Translating ヘテロディックスーパーストリングチェーンをコントロールしてるのはどれなんだいったい？,50.1,6244.0,53.0,1087.7,0,60.4,1987.6,2048.0,56,N/A
2026-04-15 10:44:25.853,Translating ヘテロディックスーパーストリングチェーンをコントロールしてるのはどれなんだいったい？,50.0,6241.6,53.0,1087.7,0,60.4,1987.6,2048.0,56,N/A
2026-04-15 10:44:26.355,Translating ヘテロディックスーパーストリングチェーンをコントロールしてるのはどれなんだいったい？,51.0,6239.6,53.0,1087.7,0,60.4,1987.6,2048.0,56,N/A
2026-04-15 10:44:26.856,Translating ヘテロディックスーパーストリングチェーンをコントロールしてるのはどれなんだいったい？,49.7,6245.3,53.0,1087.7,0,60.4,1987.6,2048.0,56,N/A
2026-04-15 10:44:27.357,Translating それは――人類が知ってるどんな物ともちがう．．．異界の．．,41.6,6244.0,53.0,1087.7,0,60.4,1987.6,2048.0,56,N/A
2026-04-15 10:44:27.858,Translating それは――人類が知ってるどんな物ともちがう．．．異界の．．,48.9,6244.0,53.0,1087.7,0,60.4,1987.6,2048.0,56,N/A
2026-04-15 10:44:28.359,Translating それは――人類が知ってるどんな物ともちがう．．．異界の．．,50.3,6243.8,53.0,1087.7,0,60.4,1987.6,2048.0,56,N/A
2026-04-15 10:44:28.860,Translating それは――人類が知ってるどんな物ともちがう．．．異界の．．,50.0,6243.3,53.0,1087.7,0,60.4,1987.6,2048.0,56,N/A
2026-04-15 10:44:29.361,Translating それは――人類が知ってるどんな物ともちがう．．．異界の．．,50.0,6243.6,53.0,1087.7,0,60.4,1987.6,2048.0,56,N/A
2026-04-15 10:44:29.863,Translating それは――人類が知ってるどんな物ともちがう．．．異界の．．,50.6,6243.8,53.0,1087.7,0,60.4,1987.6,2048.0,56,N/A
2026-04-15 10:44:30.363,Translating それは――人類が知ってるどんな物ともちがう．．．異界の．．,50.0,6239.4,53.0,1087.7,0,60.4,1987.6,2048.0,56,N/A
2026-04-15 10:44:30.865,Translating ２０１６年１０月２０日（土）ファットナックリーナリンゴーランチーン市場は、お客様にお願いしますので、ご利用いただくださいましたが、,55.3,6241.4,53.0,1087.7,0,60.4,1987.6,2048.0,56,N/A
2026-04-15 10:44:31.366,Translating ２０１６年１０月２０日（土）ファットナックリーナリンゴーランチーン市場は、お客様にお願いしますので、ご利用いただくださいましたが、,37.7,6236.3,53.0,1087.7,0,60.4,1987.6,2048.0,56,N/A
2026-04-15 10:44:31.867,Translating ２０１６年１０月２０日（土）ファットナックリーナリンゴーランチーン市場は、お客様にお願いしますので、ご利用いただくださいましたが、,50.0,6233.9,52.9,1087.7,0,60.4,1987.6,2048.0,56,N/A
2026-04-15 10:44:32.368,Translating ２０１６年１０月２０日（土）ファットナックリーナリンゴーランチーン市場は、お客様にお願いしますので、ご利用いただくださいましたが、,50.4,6233.3,52.9,1087.7,0,60.4,1987.6,2048.0,56,N/A
2026-04-15 10:44:32.869,Translating ２０１６年１０月２０日（土）ファットナックリーナリンゴーランチーン市場は、お客様にお願いしますので、ご利用いただくださいましたが、,50.0,6233.3,52.9,1087.7,0,60.4,1987.6,2048.0,56,N/A
2026-04-15 10:44:33.370,Translating ２０１６年１０月２０日（土）ファットナックリーナリンゴーランチーン市場は、お客様にお願いしますので、ご利用いただくださいましたが、,50.2,6232.3,52.9,1087.7,0,60.4,1987.6,2048.0,56,N/A
2026-04-15 10:44:33.871,Translating ２０１６年１０月２０日（土）ファットナックリーナリンゴーランチーン市場は、お客様にお願いしますので、ご利用いただくださいましたが、,50.3,6232.6,52.9,1087.7,0,60.4,1987.6,2048.0,56,N/A
2026-04-15 10:44:34.373,Translating ２０１６年１０月２０日（土）ファットナックリーナリンゴーランチーン市場は、お客様にお願いしますので、ご利用いただくださいましたが、,51.1,6232.3,52.9,1087.7,0,60.4,1987.6,2048.0,56,N/A
2026-04-15 10:44:34.874,Translating ２０１６年１０月２０日（土）ファットナックリーナリンゴーランチーン市場は、お客様にお願いしますので、ご利用いただくださいましたが、,49.9,6232.0,52.9,1087.7,0,60.4,1987.6,2048.0,56,N/A
2026-04-15 10:44:35.375,Translating ２０１６年１０月２０日（土）ファットナックリーナリンゴーランチーン市場は、お客様にお願いしますので、ご利用いただくださいましたが、,49.8,6235.7,53.0,1087.7,0,60.4,1987.6,2048.0,56,N/A
2026-04-15 10:44:35.876,Translating ２０１６年１０月２０日（土）ファットナックリーナリンゴーランチーン市場は、お客様にお願いしますので、ご利用いただくださいましたが、,49.9,6235.9,53.0,1087.7,0,60.4,1987.6,2048.0,56,N/A
2026-04-15 10:44:36.377,Translating ２０１６年１０月２０日（土）ファットナックリーナリンゴーランチーン市場は、お客様にお願いしますので、ご利用いただくださいましたが、,50.6,6225.7,52.9,1087.7,0,60.4,1987.6,2048.0,56,N/A
2026-04-15 10:44:36.878,Translating ２０１６年１０月２０日（土）ファットナックリーナリンゴーランチーン市場は、お客様にお願いしますので、ご利用いただくださいましたが、,49.6,6225.3,52.9,1087.7,0,60.4,1987.6,2048.0,56,N/A
2026-04-15 10:44:37.380,Translating ２０１６年１０月２０日（土）ファットナックリーナリンゴーランチーン市場は、お客様にお願いしますので、ご利用いただくださいましたが、,50.4,6224.9,52.9,1087.7,0,60.4,1987.6,2048.0,56,N/A
2026-04-15 10:44:37.881,Translating ２０１６年１０月２０日（土）ファットナックリーナリンゴーランチーン市場は、お客様にお願いしますので、ご利用いただくださいましたが、,50.9,6224.4,52.9,1087.7,0,60.4,1987.6,2048.0,56,N/A
2026-04-15 10:44:38.382,Translating これは人間が作りだした物じゃない！！今日は人類のないか！！そんなものを好きだったんでしょうか聞こえるんだろうかわからない？これらはシートの後に集中してるのか．．,42.6,6250.3,53.1,1087.8,0,60.4,1987.6,2048.0,56,N/A
2026-04-15 10:44:38.883,Translating これは人間が作りだした物じゃない！！今日は人類のないか！！そんなものを好きだったんでしょうか聞こえるんだろうかわからない？これらはシートの後に集中してるのか．．,50.0,6250.3,53.1,1087.8,0,60.4,1987.6,2048.0,56,N/A
2026-04-15 10:44:39.384,Translating これは人間が作りだした物じゃない！！今日は人類のないか！！そんなものを好きだったんでしょうか聞こえるんだろうかわからない？これらはシートの後に集中してるのか．．,50.1,6256.2,53.1,1087.8,0,60.4,1987.6,2048.0,56,N/A
2026-04-15 10:44:39.885,Translating これは人間が作りだした物じゃない！！今日は人類のないか！！そんなものを好きだったんでしょうか聞こえるんだろうかわからない？これらはシートの後に集中してるのか．．,50.1,6255.8,53.1,1087.8,0,60.4,1987.6,2048.0,56,N/A
2026-04-15 10:44:40.386,Translating これは人間が作りだした物じゃない！！今日は人類のないか！！そんなものを好きだったんでしょうか聞こえるんだろうかわからない？これらはシートの後に集中してるのか．．,50.4,6255.8,53.1,1087.8,0,60.4,1987.6,2048.0,56,N/A
2026-04-15 10:44:40.887,Translating これは人間が作りだした物じゃない！！今日は人類のないか！！そんなものを好きだったんでしょうか聞こえるんだろうかわからない？これらはシートの後に集中してるのか．．,49.9,6255.1,53.1,1087.8,0,60.4,1987.6,2048.0,56,N/A
2026-04-15 10:44:41.388,Translating これは人間が作りだした物じゃない！！今日は人類のないか！！そんなものを好きだったんでしょうか聞こえるんだろうかわからない？これらはシートの後に集中してるのか．．,49.9,6255.6,53.1,1087.8,0,60.4,1987.6,2048.0,56,N/A
2026-04-15 10:44:41.890,Translating これは人間が作りだした物じゃない！！今日は人類のないか！！そんなものを好きだったんでしょうか聞こえるんだろうかわからない？これらはシートの後に集中してるのか．．,49.9,6255.5,53.1,1087.8,0,60.4,1987.6,2048.0,56,N/A
2026-04-15 10:44:42.391,Translating これは人間が作りだした物じゃない！！今日は人類のないか！！そんなものを好きだったんでしょうか聞こえるんだろうかわからない？これらはシートの後に集中してるのか．．,50.6,6255.3,53.1,1087.8,0,60.4,1987.6,2048.0,56,N/A
2026-04-15 10:44:42.892,Translating これは人間が作りだした物じゃない！！今日は人類のないか！！そんなものを好きだったんでしょうか聞こえるんだろうかわからない？これらはシートの後に集中してるのか．．,49.7,6259.0,53.2,1087.8,0,60.4,1987.6,2048.0,56,N/A
2026-04-15 10:44:43.393,Translating これは人間が作りだした物じゃない！！今日は人類のないか！！そんなものを好きだったんでしょうか聞こえるんだろうかわからない？これらはシートの後に集中してるのか．．,50.0,6261.2,53.2,1087.8,0,60.4,1987.6,2048.0,56,N/A
2026-04-15 10:44:43.894,Translating これは人間が作りだした物じゃない！！今日は人類のないか！！そんなものを好きだったんでしょうか聞こえるんだろうかわからない？これらはシートの後に集中してるのか．．,50.2,6262.4,53.2,1087.8,0,60.4,1987.6,2048.0,56,N/A
2026-04-15 10:44:44.396,Translating これは人間が作りだした物じゃない！！今日は人類のないか！！そんなものを好きだったんでしょうか聞こえるんだろうかわからない？これらはシートの後に集中してるのか．．,50.4,6250.7,53.1,1087.8,0,60.4,1987.6,2048.0,56,N/A
2026-04-15 10:44:44.897,Translating これは人間が作りだした物じゃない！！今日は人類のないか！！そんなものを好きだったんでしょうか聞こえるんだろうかわからない？これらはシートの後に集中してるのか．．,49.9,6261.2,53.2,1087.8,0,60.4,1987.6,2048.0,56,N/A
2026-04-15 10:44:45.398,Translating おい！,43.1,6254.4,53.1,1087.8,0,60.4,1987.6,2048.0,56,N/A
2026-04-15 10:44:45.899,Translating おい！,47.0,6254.6,53.1,1087.8,0,60.4,1987.6,2048.0,56,N/A
2026-04-15 10:44:46.400,Translating はやく．．．．．．,50.4,6240.9,53.0,1087.8,0,60.4,1987.6,2048.0,56,N/A
2026-04-15 10:44:46.901,Translating はやく．．．．．．,43.1,6240.9,53.0,1087.8,0,60.4,1987.6,2048.0,56,N/A
2026-04-15 10:44:47.402,Translating はやく．．．．．．,50.1,6240.0,53.0,1087.8,0,60.4,1987.6,2048.0,56,N/A
2026-04-15 10:44:47.903,Translating 止めなくちゃ．．．,50.0,6249.1,53.1,1087.8,0,60.4,1987.6,2048.0,56,N/A
2026-04-15 10:44:48.404,Translating 止めなくちゃ．．．,39.8,6248.8,53.1,1087.8,0,60.4,1987.6,2048.0,56,N/A
2026-04-15 10:44:48.905,Translating 止めなくちゃ．．．,49.8,6249.2,53.1,1087.8,0,60.4,1987.6,2048.0,56,N/A
2026-04-15 10:44:49.407,Translating こいつの息の根を．．．,55.9,6245.7,53.0,1087.8,0,60.4,1987.6,2048.0,56,N/A
2026-04-15 10:44:49.908,Translating こいつの息の根を．．．,36.5,6245.7,53.0,1087.8,0,60.4,1987.6,2048.0,56,N/A
2026-04-15 10:44:50.409,Translating こいつの息の根を．．．,50.3,6246.7,53.0,1087.8,0,60.4,1987.6,2048.0,56,N/A
2026-04-15 10:44:50.910,Translating こいつの息の根を．．．,50.3,6247.1,53.1,1087.8,0,60.4,1987.6,2048.0,56,N/A
2026-04-15 10:44:51.412,Translating こいつの息の根を．．．,49.9,6251.1,53.1,1087.8,0,60.4,1987.6,2048.0,56,N/A
2026-04-15 10:44:51.913,Translating なんでもいいからコントロールモジュールをぶっこわせＣＮＳユニットだ！！,51.1,6239.4,53.0,1087.8,0,60.4,1987.6,2048.0,56,N/A
2026-04-15 10:44:52.414,Translating なんでもいいからコントロールモジュールをぶっこわせＣＮＳユニットだ！！,39.8,6232.3,52.9,1087.8,0,60.4,1987.6,2048.0,56,N/A
2026-04-15 10:44:52.915,Translating なんでもいいからコントロールモジュールをぶっこわせＣＮＳユニットだ！！,50.0,6232.1,52.9,1087.8,0,60.4,1987.6,2048.0,56,N/A
2026-04-15 10:44:53.416,Translating なんでもいいからコントロールモジュールをぶっこわせＣＮＳユニットだ！！,50.2,6232.0,52.9,1087.8,0,60.4,1987.6,2048.0,56,N/A
2026-04-15 10:44:53.917,Translating なんでもいいからコントロールモジュールをぶっこわせＣＮＳユニットだ！！,50.6,6226.1,52.9,1087.8,0,60.4,1987.6,2048.0,56,N/A
2026-04-15 10:44:54.418,Translating なんでもいいからコントロールモジュールをぶっこわせＣＮＳユニットだ！！,50.0,6220.8,52.8,1087.8,0,60.4,1987.6,2048.0,56,N/A
2026-04-15 10:44:54.919,BubbleTypesetter._typeset,51.0,6220.1,52.8,1087.8,0,60.4,1987.6,2048.0,56,N/A
2026-04-15 10:44:55.420,BubbleTypesetter._apply_cleaning,30.8,6217.6,52.8,1094.7,0,60.4,1987.6,2048.0,56,N/A
2026-04-15 10:44:55.926,BubbleTypesetter._wrap_text_pixel_width,12.8,6217.6,52.8,1094.7,0,60.4,1987.6,2048.0,56,N/A
2026-04-15 10:44:56.473,BubbleTypesetter._wrap_text_pixel_width,12.5,6217.8,52.8,1094.7,0,60.4,1987.6,2048.0,56,N/A
2026-04-15 10:44:57.052,BubbleTypesetter._apply_cleaning,12.4,6218.1,52.8,1094.8,0,60.4,1987.6,2048.0,56,N/A
2026-04-15 10:44:58.183,yolo_start,0.0,5336.1,45.3,41.4,0,58.3,1989.7,2048.0,56,N/A
2026-04-15 10:44:58.687,EngineOCRFactory._setup_engine,33.4,5492.6,46.6,316.4,0,58.3,1989.7,2048.0,56,N/A
2026-04-15 10:44:59.201,EngineOCRFactory._setup_engine,12.4,5556.4,47.2,379.9,0,58.3,1989.7,2048.0,56,N/A
2026-04-15 10:44:59.702,EngineOCRFactory._setup_engine,12.9,5582.1,47.4,421.1,0,58.3,1989.7,2048.0,55,N/A
2026-04-15 10:45:00.208,EngineOCRFactory._run,25.7,5849.7,49.7,659.2,0,60.4,1987.6,2048.0,55,N/A
2026-04-15 10:45:00.709,EngineOCRFactory._run,47.0,5880.1,49.9,698.0,0,60.4,1987.6,2048.0,56,N/A
2026-04-15 10:45:01.210,EngineOCRFactory._run,43.3,5947.5,50.5,742.2,0,60.4,1987.6,2048.0,56,N/A
2026-04-15 10:45:01.712,EngineOCRFactory._run,4.2,5948.8,50.5,744.3,0,60.4,1987.6,2048.0,56,N/A
2026-04-15 10:45:02.214,EngineOCRFactory._run,1.7,5950.4,50.5,746.9,0,60.4,1987.6,2048.0,55,N/A
2026-04-15 10:45:02.716,EngineOCRFactory._run,11.2,6047.1,51.4,847.9,0,60.4,1987.6,2048.0,55,N/A
2026-04-15 10:45:03.217,EngineOCRFactory._run,40.9,6138.5,52.1,936.9,0,60.4,1987.6,2048.0,55,N/A
2026-04-15 10:45:03.719,EngineOCRFactory._run,28.9,6246.7,53.1,1325.3,0,60.4,1987.6,2048.0,55,N/A
2026-04-15 10:45:04.222,EngineOCRFactory._run,30.3,6246.7,53.1,1051.5,0,60.4,1987.6,2048.0,55,N/A
2026-04-15 10:45:04.723,MangaOCRExtractor.extract from ./tmp/yolo-1024-95pbt-5pbv-cpu/crops_ARMS_025_L/ARMS_025_L_bubble_001.png,51.2,6280.2,53.3,1089.6,0,60.4,1987.6,2048.0,55,N/A
2026-04-15 10:45:05.224,MangaOCRExtractor.extract from ./tmp/yolo-1024-95pbt-5pbv-cpu/crops_ARMS_025_L/ARMS_025_L_bubble_003.png,51.4,6280.5,53.3,1091.9,0,60.4,1987.6,2048.0,56,N/A
2026-04-15 10:45:05.725,MangaOCRExtractor.extract from ./tmp/yolo-1024-95pbt-5pbv-cpu/crops_ARMS_025_L/ARMS_025_L_bubble_005.png,52.2,6281.8,53.3,1091.9,0,60.4,1987.6,2048.0,56,N/A
2026-04-15 10:45:06.227,MangaOCRExtractor.extract from ./tmp/yolo-1024-95pbt-5pbv-cpu/crops_ARMS_025_L/ARMS_025_L_bubble_007.png,51.7,6281.5,53.3,1094.3,0,60.4,1987.6,2048.0,56,N/A
2026-04-15 10:45:06.728,MangaOCRExtractor.extract from ./tmp/yolo-1024-95pbt-5pbv-cpu/crops_ARMS_025_L/ARMS_025_L_bubble_008.png,51.0,6281.2,53.3,1094.3,0,60.4,1987.6,2048.0,56,N/A
2026-04-15 10:45:07.229,MangaOCRExtractor.extract from ./tmp/yolo-1024-95pbt-5pbv-cpu/crops_ARMS_025_L/ARMS_025_L_bubble_009.png,51.0,6280.2,53.3,1094.3,0,60.4,1987.6,2048.0,57,N/A
2026-04-15 10:45:07.730,MangaOCRExtractor.extract from ./tmp/yolo-1024-95pbt-5pbv-cpu/crops_ARMS_025_R/ARMS_025_R_bubble_011.png,52.1,6280.7,53.3,1094.3,0,60.4,1987.6,2048.0,57,N/A
2026-04-15 10:45:08.232,MangaOCRExtractor.extract from ./tmp/yolo-1024-95pbt-5pbv-cpu/crops_ARMS_025_R/ARMS_025_R_bubble_013.png,52.1,6276.3,53.3,1094.3,0,60.4,1987.6,2048.0,56,N/A
2026-04-15 10:45:08.733,MangaOCRExtractor.extract from ./tmp/yolo-1024-95pbt-5pbv-cpu/crops_ARMS_025_R/ARMS_025_R_bubble_014.png,51.5,6276.6,53.3,1094.3,0,60.4,1987.6,2048.0,56,N/A
2026-04-15 10:45:09.235,MangaOCRExtractor.extract from ./tmp/yolo-1024-95pbt-5pbv-cpu/crops_ARMS_025_R/ARMS_025_R_bubble_016.png,52.1,6273.8,53.3,1094.3,0,60.4,1987.6,2048.0,56,N/A
2026-04-15 10:45:09.737,MangaOCRExtractor.extract from ./tmp/yolo-1024-95pbt-5pbv-cpu/crops_ARMS_025_R/ARMS_025_R_bubble_017.png,51.7,6275.0,53.3,1094.3,0,60.4,1987.6,2048.0,56,N/A
2026-04-15 10:45:10.238,MangaOCRExtractor.extract from ./tmp/yolo-1024-95pbt-5pbv-cpu/crops_ARMS_025_R/ARMS_025_R_bubble_018.png,51.2,6274.9,53.3,1094.3,0,60.4,1987.6,2048.0,56,N/A
2026-04-15 10:45:10.739,MangaOCRExtractor.extract from ./tmp/yolo-1024-95pbt-5pbv-cpu/crops_ARMS_025_R/ARMS_025_R_bubble_019.png,51.2,6268.0,53.2,1094.4,0,60.4,1987.6,2048.0,56,N/A
2026-04-15 10:45:11.240,MangaOCRExtractor.extract from ./tmp/yolo-1024-95pbt-5pbv-cpu/crops_ARMS_025_R/ARMS_025_R_bubble_020.png,51.4,6268.0,53.2,1094.4,0,60.4,1987.6,2048.0,56,N/A
2026-04-15 10:45:11.742,MangaOCRExtractor.extract from ./tmp/yolo-1024-95pbt-5pbv-cpu/crops_ARMS_025_R/ARMS_025_R_bubble_021.png,51.5,6267.4,53.2,1094.4,0,60.4,1987.6,2048.0,56,N/A
2026-04-15 10:45:12.243,MangaOCRExtractor.extract from ./tmp/yolo-1024-95pbt-5pbv-cpu/crops_ARMS_025_R/ARMS_025_R_bubble_022.png,51.1,6267.2,53.2,1094.4,0,60.4,1987.6,2048.0,56,N/A
2026-04-15 10:45:12.744,MangaOCRExtractor.extract from ./tmp/yolo-1024-95pbt-5pbv-cpu/crops_ARMS_025_R/ARMS_025_R_bubble_023.png,51.5,6267.5,53.2,1094.4,0,60.4,1987.6,2048.0,56,N/A
2026-04-15 10:45:13.246,MangaOCRExtractor.extract from ./tmp/yolo-1024-95pbt-5pbv-cpu/crops_ARMS_025_R/ARMS_025_R_bubble_024.png,51.0,6267.3,53.2,1096.7,0,60.4,1987.6,2048.0,56,N/A
2026-04-15 10:45:13.747,MangaOCRExtractor.extract from ./tmp/yolo-1024-95pbt-5pbv-cpu/crops_ARMS_025_R/ARMS_025_R_bubble_025.png,52.1,6269.0,53.2,1096.8,0,60.4,1987.6,2048.0,56,N/A
2026-04-15 10:45:14.248,MangaOCRExtractor.extract from ./tmp/yolo-1024-95pbt-5pbv-cpu/crops_ARMS_025_R/ARMS_025_R_bubble_025.png,49.1,6267.6,53.2,1099.0,0,60.4,1987.6,2048.0,56,N/A
2026-04-15 10:45:14.758,Translating フォーストダウン．．．,16.7,6282.2,53.4,1103.6,0,60.4,1987.6,2048.0,56,N/A
2026-04-15 10:45:15.258,Translating フォーストダウン．．．,50.1,6282.0,53.3,1103.6,0,60.4,1987.6,2048.0,56,N/A
2026-04-15 10:45:15.760,Translating はやく,55.7,6281.3,53.3,1103.6,0,60.4,1987.6,2048.0,56,N/A
2026-04-15 10:45:16.261,Translating はやく,35.9,6276.0,53.3,1103.6,0,60.4,1987.6,2048.0,56,N/A
2026-04-15 10:45:16.762,Translating 不時着！,51.2,6278.6,53.3,1103.6,0,60.4,1987.6,2048.0,56,N/A
2026-04-15 10:45:17.263,Translating 不時着！,39.7,6259.0,53.2,1103.6,0,60.4,1987.6,2048.0,56,N/A
2026-04-15 10:45:17.764,Translating 不時着！,49.9,6258.5,53.2,1103.6,0,60.4,1987.6,2048.0,56,N/A
2026-04-15 10:45:18.266,Translating はやくやれ！,58.1,6266.7,53.2,1103.6,0,60.4,1987.6,2048.0,56,N/A
2026-04-15 10:45:18.767,Translating はやくやれ！,34.7,6276.3,53.3,1103.6,0,60.4,1987.6,2048.0,56,N/A
2026-04-15 10:45:19.268,Translating はやくやれ！,49.9,6276.3,53.3,1103.6,0,60.4,1987.6,2048.0,56,N/A
2026-04-15 10:45:19.769,Translating そんなむちゃな,57.9,6278.7,53.3,1103.6,0,60.4,1987.6,2048.0,56,N/A
2026-04-15 10:45:20.270,Translating そんなむちゃな,33.3,6280.8,53.3,1103.6,0,60.4,1987.6,2048.0,56,N/A
2026-04-15 10:45:20.771,Translating そんなむちゃな,50.5,6280.8,53.3,1103.6,0,60.4,1987.6,2048.0,56,N/A
2026-04-15 10:45:21.272,Translating こっちは今度攻撃されたらもう終りだ！,53.8,6280.3,53.3,1103.6,0,60.4,1987.6,2048.0,56,N/A
2026-04-15 10:45:21.773,Translating こっちは今度攻撃されたらもう終りだ！,36.1,6247.4,53.1,1103.6,0,60.4,1987.6,2048.0,56,N/A
2026-04-15 10:45:22.274,Translating こっちは今度攻撃されたらもう終りだ！,50.2,6247.4,53.1,1103.6,0,60.4,1987.6,2048.0,56,N/A
2026-04-15 10:45:22.775,Translating こっちは今度攻撃されたらもう終りだ！,50.0,6252.1,53.1,1103.6,0,60.4,1987.6,2048.0,56,N/A
2026-04-15 10:45:23.276,Translating こっちは今度攻撃されたらもう終りだ！,49.8,6241.8,53.0,1103.6,0,60.4,1987.6,2048.0,56,N/A
2026-04-15 10:45:23.777,Translating こっちは今度攻撃されたらもう終りだ！,50.4,6246.0,53.0,1103.6,0,60.4,1987.6,2048.0,56,N/A
2026-04-15 10:45:24.279,Translating なんでもいいから全部ぶった切れ！！,40.2,6272.0,53.3,1103.6,0,60.4,1987.6,2048.0,56,N/A
2026-04-15 10:45:24.780,Translating なんでもいいから全部ぶった切れ！！,50.3,6272.3,53.3,1103.6,0,60.4,1987.6,2048.0,56,N/A
2026-04-15 10:45:25.281,Translating なんでもいいから全部ぶった切れ！！,50.0,6270.4,53.3,1103.6,0,60.4,1987.6,2048.0,56,N/A
2026-04-15 10:45:25.782,Translating マイクロブラックホールの爆発だってありうるぜ！,52.8,6267.4,53.2,1103.6,0,60.4,1987.6,2048.0,56,N/A
2026-04-15 10:45:26.283,Translating マイクロブラックホールの爆発だってありうるぜ！,39.4,6267.4,53.2,1103.6,0,60.4,1987.6,2048.0,56,N/A
2026-04-15 10:45:26.784,Translating マイクロブラックホールの爆発だってありうるぜ！,50.1,6267.8,53.2,1103.6,0,60.4,1987.6,2048.0,56,N/A
2026-04-15 10:45:27.285,Translating マイクロブラックホールの爆発だってありうるぜ！,50.7,6271.1,53.3,1103.6,0,60.4,1987.6,2048.0,56,N/A
2026-04-15 10:45:27.786,Translating マイクロブラックホールの爆発だってありうるぜ！,50.0,6281.0,53.3,1103.6,0,60.4,1987.6,2048.0,56,N/A
2026-04-15 10:45:28.287,Translating マイクロブラックホールの爆発だってありうるぜ！,49.7,6280.1,53.3,1103.6,0,60.4,1987.6,2048.0,56,N/A
2026-04-15 10:45:28.789,Translating いいからぶちかませエリー,47.0,6281.1,53.3,1103.6,0,60.4,1987.6,2048.0,56,N/A
2026-04-15 10:45:29.290,Translating いいからぶちかませエリー,45.7,6258.1,53.1,1103.6,0,60.4,1987.6,2048.0,56,N/A
2026-04-15 10:45:29.793,Translating いいからぶちかませエリー,50.4,6258.3,53.1,1103.6,0,60.4,1987.6,2048.0,56,N/A
2026-04-15 10:45:30.294,Translating いいからぶちかませエリー,50.4,6261.5,53.2,1103.6,0,60.4,1987.6,2048.0,56,N/A
2026-04-15 10:45:30.796,Translating いいからぶちかませエリー,49.9,6257.0,53.1,1103.6,0,60.4,1987.6,2048.0,56,N/A
2026-04-15 10:45:31.297,Translating ちっ,41.0,6236.7,53.0,1103.7,0,60.4,1987.6,2048.0,56,N/A
2026-04-15 10:45:31.798,Translating ちっ,50.0,6240.7,53.0,1103.7,0,60.4,1987.6,2048.0,56,N/A
2026-04-15 10:45:32.299,Translating ん？,54.2,6241.1,53.0,1103.7,0,60.4,1987.6,2048.0,56,N/A
2026-04-15 10:45:32.800,Translating ん？,36.6,6255.6,53.1,1103.7,0,60.4,1987.6,2048.0,56,N/A
2026-04-15 10:45:33.301,Translating リー？,57.6,6263.2,53.2,1103.7,0,60.4,1987.6,2048.0,56,N/A
2026-04-15 10:45:33.802,Translating リー？,35.5,6255.4,53.1,1103.7,0,60.4,1987.6,2048.0,56,N/A
2026-04-15 10:45:34.303,Translating きもちわるいは,54.7,6254.8,53.1,1103.7,0,60.4,1987.6,2048.0,56,N/A
2026-04-15 10:45:34.805,Translating きもちわるいは,35.3,6278.8,53.3,1103.7,0,60.4,1987.6,2048.0,56,N/A
2026-04-15 10:45:35.305,Translating きもちわるいは,50.0,6278.8,53.3,1103.7,0,60.4,1987.6,2048.0,56,N/A
2026-04-15 10:45:35.806,Translating やばいな．．．,56.0,6282.7,53.4,1103.7,0,60.4,1987.6,2048.0,56,N/A
2026-04-15 10:45:36.307,Translating やばいな．．．,35.6,6272.5,53.3,1103.7,0,60.4,1987.6,2048.0,56,N/A
2026-04-15 10:45:36.809,Translating やばいな．．．,51.1,6272.2,53.3,1103.7,0,60.4,1987.6,2048.0,56,N/A
2026-04-15 10:45:37.310,Translating やばいな．．．,49.6,6272.2,53.3,1103.7,0,60.4,1987.6,2048.0,56,N/A
2026-04-15 10:45:37.811,Translating 不時着するぞ！,38.0,6272.5,53.3,1103.7,0,60.4,1987.6,2048.0,56,N/A
2026-04-15 10:45:38.312,Translating 不時着するぞ！,50.2,6272.3,53.3,1103.7,0,60.4,1987.6,2048.0,56,N/A
2026-04-15 10:45:38.813,Translating 不時着するぞ！,49.7,6272.6,53.3,1103.7,0,60.4,1987.6,2048.0,56,N/A
2026-04-15 10:45:39.314,Translating 時空の計算をめちゃくちゃにしてやれっ！,53.3,6272.5,53.3,1103.7,0,60.4,1987.6,2048.0,56,N/A
2026-04-15 10:45:39.815,Translating 時空の計算をめちゃくちゃにしてやれっ！,35.6,6259.8,53.2,1103.7,0,60.4,1987.6,2048.0,56,N/A
2026-04-15 10:45:40.316,Translating 時空の計算をめちゃくちゃにしてやれっ！,50.1,6259.7,53.2,1103.7,0,60.4,1987.6,2048.0,56,N/A
2026-04-15 10:45:40.818,Translating 時空の計算をめちゃくちゃにしてやれっ！,50.5,6259.6,53.2,1103.7,0,60.4,1987.6,2048.0,56,N/A
2026-04-15 10:45:41.319,Translating 時空の計算をめちゃくちゃにしてやれっ！,49.9,6259.0,53.2,1103.7,0,60.4,1987.6,2048.0,56,N/A
2026-04-15 10:45:41.820,Translating 時空の計算をめちゃくちゃにしてやれっ！,49.6,6258.7,53.2,1103.7,0,60.4,1987.6,2048.0,56,N/A
2026-04-15 10:45:42.329,Translating 手応えがあったこれがたぶんそうだ．．．,55.1,6255.3,53.1,1103.7,0,60.4,1987.6,2048.0,56,N/A
2026-04-15 10:45:42.831,Translating 手応えがあったこれがたぶんそうだ．．．,37.6,6243.1,53.0,1103.7,0,60.4,1987.6,2048.0,56,N/A
2026-04-15 10:45:43.333,Translating 手応えがあったこれがたぶんそうだ．．．,50.0,6242.7,53.0,1103.7,0,60.4,1987.6,2048.0,56,N/A
2026-04-15 10:45:43.834,Translating 手応えがあったこれがたぶんそうだ．．．,50.1,6242.4,53.0,1103.7,0,60.4,1987.6,2048.0,56,N/A
2026-04-15 10:45:44.335,Translating 手応えがあったこれがたぶんそうだ．．．,49.9,6242.2,53.0,1103.7,0,60.4,1987.6,2048.0,56,N/A
2026-04-15 10:45:44.836,Translating 手応えがあったこれがたぶんそうだ．．．,49.9,6242.5,53.0,1103.7,0,60.4,1987.6,2048.0,56,N/A
2026-04-15 10:45:45.337,Translating 左側トーラスのＮＥＲにとぎれ！どんどん降下してます,49.5,6261.4,53.2,1103.7,0,60.4,1987.6,2048.0,56,N/A
2026-04-15 10:45:45.838,Translating 左側トーラスのＮＥＲにとぎれ！どんどん降下してます,41.9,6246.7,53.0,1103.7,0,60.4,1987.6,2048.0,56,N/A
2026-04-15 10:45:46.339,Translating 左側トーラスのＮＥＲにとぎれ！どんどん降下してます,50.1,6245.2,53.0,1103.7,0,60.4,1987.6,2048.0,56,N/A
2026-04-15 10:45:46.840,Translating 左側トーラスのＮＥＲにとぎれ！どんどん降下してます,50.5,6245.0,53.0,1103.7,0,60.4,1987.6,2048.0,56,N/A
2026-04-15 10:45:47.342,Translating 左側トーラスのＮＥＲにとぎれ！どんどん降下してます,49.8,6253.0,53.1,1103.7,0,60.4,1987.6,2048.0,56,N/A
2026-04-15 10:45:47.843,Translating 左側トーラスのＮＥＲにとぎれ！どんどん降下してます,49.9,6240.5,53.0,1103.7,0,60.4,1987.6,2048.0,56,N/A
2026-04-15 10:45:48.344,Translating 左側トーラスのＮＥＲにとぎれ！どんどん降下してます,50.5,6248.4,53.1,1103.7,0,60.4,1987.6,2048.0,56,N/A
2026-04-15 10:45:48.845,Translating 左側トーラスのＮＥＲにとぎれ！どんどん降下してます,50.1,6252.8,53.1,1103.7,0,60.4,1987.6,2048.0,56,N/A
2026-04-15 10:45:49.346,Translating スーパーストリングチェーンを暴走状態にしてーそいつの位臓にメスを入れろう,43.3,6259.8,53.2,1103.7,0,60.4,1987.6,2048.0,56,N/A
2026-04-15 10:45:49.847,Translating スーパーストリングチェーンを暴走状態にしてーそいつの位臓にメスを入れろう,49.9,6261.5,53.2,1103.7,0,60.4,1987.6,2048.0,56,N/A
2026-04-15 10:45:50.348,Translating スーパーストリングチェーンを暴走状態にしてーそいつの位臓にメスを入れろう,50.1,6261.4,53.2,1103.7,0,60.4,1987.6,2048.0,56,N/A
2026-04-15 10:45:50.849,Translating スーパーストリングチェーンを暴走状態にしてーそいつの位臓にメスを入れろう,50.0,6261.7,53.2,1103.7,0,60.4,1987.6,2048.0,56,N/A
2026-04-15 10:45:51.350,Translating スーパーストリングチェーンを暴走状態にしてーそいつの位臓にメスを入れろう,49.9,6255.8,53.1,1103.7,0,60.4,1987.6,2048.0,56,N/A
2026-04-15 10:45:51.851,Translating スーパーストリングチェーンを暴走状態にしてーそいつの位臓にメスを入れろう,50.9,6262.2,53.2,1103.7,0,60.4,1987.6,2048.0,56,N/A
2026-04-15 10:45:52.353,Translating スーパーストリングチェーンを暴走状態にしてーそいつの位臓にメスを入れろう,49.8,6265.7,53.2,1103.7,0,60.4,1987.6,2048.0,56,N/A
2026-04-15 10:45:52.854,Translating スーパーストリングチェーンを暴走状態にしてーそいつの位臓にメスを入れろう,50.0,6257.1,53.1,1103.7,0,60.4,1987.6,2048.0,56,N/A
2026-04-15 10:45:53.355,Translating スーパーストリングチェーンを暴走状態にしてーそいつの位臓にメスを入れろう,49.9,6253.7,53.1,1103.7,0,60.4,1987.6,2048.0,56,N/A
2026-04-15 10:45:53.856,Translating スーパーストリングチェーンを暴走状態にしてーそいつの位臓にメスを入れろう,50.4,6253.3,53.1,1103.7,0,60.4,1987.6,2048.0,56,N/A
2026-04-15 10:45:54.357,Translating ボスモノボール放射がバーカー限界の１０万倍もあります,56.6,6251.9,53.1,1103.7,0,60.4,1987.6,2048.0,56,N/A
2026-04-15 10:45:54.858,Translating ボスモノボール放射がバーカー限界の１０万倍もあります,35.7,6249.9,53.1,1103.7,0,60.4,1987.6,2048.0,56,N/A
2026-04-15 10:45:55.359,Translating ボスモノボール放射がバーカー限界の１０万倍もあります,50.0,6249.9,53.1,1103.7,0,60.4,1987.6,2048.0,56,N/A
2026-04-15 10:45:55.860,Translating ボスモノボール放射がバーカー限界の１０万倍もあります,50.0,6258.8,53.2,1103.7,0,60.4,1987.6,2048.0,56,N/A
2026-04-15 10:45:56.362,Translating ボスモノボール放射がバーカー限界の１０万倍もあります,49.6,6260.6,53.2,1103.7,0,60.4,1987.6,2048.0,56,N/A
2026-04-15 10:45:56.863,Translating ボスモノボール放射がバーカー限界の１０万倍もあります,50.3,6262.0,53.2,1103.7,0,60.4,1987.6,2048.0,56,N/A
2026-04-15 10:45:57.364,Translating ボスモノボール放射がバーカー限界の１０万倍もあります,50.2,6264.4,53.2,1103.7,0,60.4,1987.6,2048.0,56,N/A
2026-04-15 10:45:57.865,Translating ボスモノボール放射がバーカー限界の１０万倍もあります,49.9,6264.4,53.2,1103.7,0,60.4,1987.6,2048.0,56,N/A
2026-04-15 10:45:58.366,Translating くそったれぇ！ショックにそなえろ！！,53.4,6265.6,53.2,1103.7,0,60.4,1987.6,2048.0,56,N/A
2026-04-15 10:45:58.867,Translating くそったれぇ！ショックにそなえろ！！,39.4,6258.9,53.2,1103.7,0,60.4,1987.6,2048.0,56,N/A
2026-04-15 10:45:59.368,Translating くそったれぇ！ショックにそなえろ！！,50.0,6258.6,53.2,1103.7,0,60.4,1987.6,2048.0,56,N/A
2026-04-15 10:45:59.869,Translating くそったれぇ！ショックにそなえろ！！,52.4,6257.0,53.1,1103.7,0,60.4,1987.6,2048.0,56,N/A
2026-04-15 10:46:00.370,Translating くそったれぇ！ショックにそなえろ！！,50.1,6257.0,53.1,1103.7,0,60.4,1987.6,2048.0,56,N/A
2026-04-15 10:46:00.871,Translating そいつをぶった切れ者り込んだ人間のシステムを利用するんだ！,53.6,6258.0,53.1,1103.7,0,60.4,1987.6,2048.0,56,N/A
2026-04-15 10:46:01.373,Translating そいつをぶった切れ者り込んだ人間のシステムを利用するんだ！,39.5,6248.2,53.1,1103.7,0,60.4,1987.6,2048.0,56,N/A
2026-04-15 10:46:01.874,Translating そいつをぶった切れ者り込んだ人間のシステムを利用するんだ！,50.1,6248.2,53.1,1103.7,0,60.4,1987.6,2048.0,56,N/A
2026-04-15 10:46:02.375,Translating そいつをぶった切れ者り込んだ人間のシステムを利用するんだ！,50.5,6248.1,53.1,1103.7,0,60.4,1987.6,2048.0,56,N/A
2026-04-15 10:46:02.876,Translating そいつをぶった切れ者り込んだ人間のシステムを利用するんだ！,50.7,6248.4,53.1,1103.7,0,60.4,1987.6,2048.0,56,N/A
2026-04-15 10:46:03.377,Translating そいつをぶった切れ者り込んだ人間のシステムを利用するんだ！,50.0,6254.1,53.1,1103.7,0,60.4,1987.6,2048.0,56,N/A
2026-04-15 10:46:03.878,Translating そいつをぶった切れ者り込んだ人間のシステムを利用するんだ！,49.9,6241.3,53.0,1103.7,0,60.4,1987.6,2048.0,56,N/A
2026-04-15 10:46:04.380,Translating そいつをぶった切れ者り込んだ人間のシステムを利用するんだ！,49.6,6240.5,53.0,1103.7,0,60.4,1987.6,2048.0,56,N/A
2026-04-15 10:46:04.881,Translating そいつをぶった切れ者り込んだ人間のシステムを利用するんだ！,50.6,6229.8,52.9,1103.7,0,60.4,1987.6,2048.0,56,N/A
2026-04-15 10:46:05.382,Translating 神経らしきものが何本もあるどれを切ったら機能停止するんだ？,43.0,6242.0,53.0,1103.7,0,60.4,1987.6,2048.0,56,N/A
2026-04-15 10:46:05.883,Translating 神経らしきものが何本もあるどれを切ったら機能停止するんだ？,50.4,6242.2,53.0,1103.7,0,60.4,1987.6,2048.0,56,N/A
2026-04-15 10:46:06.384,Translating 神経らしきものが何本もあるどれを切ったら機能停止するんだ？,50.1,6242.2,53.0,1103.7,0,60.4,1987.6,2048.0,56,N/A
2026-04-15 10:46:06.885,Translating 神経らしきものが何本もあるどれを切ったら機能停止するんだ？,50.0,6242.5,53.0,1103.7,0,60.4,1987.6,2048.0,56,N/A
2026-04-15 10:46:07.387,Translating 神経らしきものが何本もあるどれを切ったら機能停止するんだ？,49.7,6242.7,53.0,1103.7,0,60.4,1987.6,2048.0,56,N/A
2026-04-15 10:46:07.888,Translating 神経らしきものが何本もあるどれを切ったら機能停止するんだ？,50.3,6245.0,53.0,1103.7,0,60.4,1987.6,2048.0,56,N/A
2026-04-15 10:46:08.389,Translating 神経らしきものが何本もあるどれを切ったら機能停止するんだ？,49.6,6245.1,53.0,1103.7,0,60.4,1987.6,2048.0,56,N/A
2026-04-15 10:46:08.890,Translating そういうことを言えば、そんなことだったのですが、このブログで見ていただきましたが、,58.3,6233.8,52.9,1103.7,0,60.4,1987.6,2048.0,56,N/A
2026-04-15 10:46:09.392,Translating そういうことを言えば、そんなことだったのですが、このブログで見ていただきましたが、,35.0,6230.0,52.9,1103.7,0,60.4,1987.6,2048.0,56,N/A
2026-04-15 10:46:09.893,Translating そういうことを言えば、そんなことだったのですが、このブログで見ていただきましたが、,50.3,6230.0,52.9,1103.7,0,60.4,1987.6,2048.0,56,N/A
2026-04-15 10:46:10.394,Translating そういうことを言えば、そんなことだったのですが、このブログで見ていただきましたが、,50.0,6230.0,52.9,1103.7,0,60.4,1987.6,2048.0,56,N/A
2026-04-15 10:46:10.895,Translating そういうことを言えば、そんなことだったのですが、このブログで見ていただきましたが、,50.6,6230.3,52.9,1103.7,0,60.4,1987.6,2048.0,56,N/A
2026-04-15 10:46:11.396,Translating そういうことを言えば、そんなことだったのですが、このブログで見ていただきましたが、,49.6,6230.3,52.9,1103.7,0,60.4,1987.6,2048.0,56,N/A
2026-04-15 10:46:11.897,Translating そういうことを言えば、そんなことだったのですが、このブログで見ていただきましたが、,50.0,6232.0,52.9,1103.7,0,60.4,1987.6,2048.0,56,N/A
2026-04-15 10:46:12.398,Translating そういうことを言えば、そんなことだったのですが、このブログで見ていただきましたが、,49.6,6231.8,52.9,1103.7,0,60.4,1987.6,2048.0,56,N/A
2026-04-15 10:46:12.899,Translating そういうことを言えば、そんなことだったのですが、このブログで見ていただきましたが、,50.5,6223.2,52.9,1103.7,0,60.4,1987.6,2048.0,56,N/A
2026-04-15 10:46:13.400,BubbleTypesetter._apply_cleaning,57.4,6227.2,52.9,1103.8,0,60.4,1987.6,2048.0,56,N/A
2026-04-15 10:46:13.901,BubbleTypesetter._apply_cleaning,12.3,6227.4,52.9,1110.8,0,60.4,1987.6,2048.0,56,N/A
2026-04-15 10:46:14.407,BubbleTypesetter._apply_cleaning,12.5,6227.4,52.9,1110.8,0,60.4,1987.6,2048.0,56,N/A
2026-04-15 10:46:14.936,BubbleTypesetter._apply_cleaning,12.9,6225.1,52.9,1110.8,0,60.4,1987.6,2048.0,56,N/A
2026-04-15 10:46:15.437,BubbleTypesetter._apply_cleaning,12.5,6225.1,52.9,1110.8,0,60.4,1987.6,2048.0,56,N/A
2026-04-15 10:46:15.941,BubbleTypesetter._apply_cleaning,12.6,6225.1,52.9,1110.8,0,60.4,1987.6,2048.0,56,N/A
2026-04-15 10:46:16.448,BubbleTypesetter._apply_cleaning,12.9,6225.1,52.9,1110.8,0,60.4,1987.6,2048.0,56,N/A
2026-04-15 10:46:16.991,BubbleTypesetter._apply_cleaning,12.6,6224.5,52.9,1110.8,0,60.4,1987.6,2048.0,56,N/A
2026-04-15 10:46:17.492,BubbleTypesetter._apply_cleaning,12.5,6224.7,52.9,1110.8,0,60.4,1987.6,2048.0,56,N/A
2026-04-15 10:46:18.335,yolo_start,0.0,5336.0,45.3,41.4,0,58.3,1989.7,2048.0,56,N/A
2026-04-15 10:46:18.839,EngineOCRFactory._setup_engine,34.2,5469.4,46.4,309.2,0,58.3,1989.7,2048.0,56,N/A
2026-04-15 10:46:19.345,EngineOCRFactory._setup_engine,12.8,5536.2,47.0,376.1,0,58.3,1989.7,2048.0,55,N/A
2026-04-15 10:46:19.850,EngineOCRFactory._setup_engine,12.2,5570.3,47.3,419.2,0,58.3,1989.7,2048.0,55,N/A
2026-04-15 10:46:20.360,EngineOCRFactory._run,22.5,5797.9,49.2,593.1,0,60.4,1987.6,2048.0,55,N/A
2026-04-15 10:46:20.861,EngineOCRFactory._run,45.7,5834.5,49.5,656.0,0,60.4,1987.6,2048.0,56,N/A
2026-04-15 10:46:21.363,EngineOCRFactory._run,45.6,5906.8,50.2,731.1,0,60.4,1987.6,2048.0,56,N/A
2026-04-15 10:46:21.864,EngineOCRFactory._run,4.5,5850.3,49.7,662.1,0,60.4,1987.6,2048.0,56,N/A
2026-04-15 10:46:22.367,EngineOCRFactory._run,2.2,5850.3,49.7,665.0,0,60.4,1987.6,2048.0,55,N/A
2026-04-15 10:46:22.869,EngineOCRFactory._run,12.9,6109.0,51.9,919.9,0,60.4,1987.6,2048.0,55,N/A
2026-04-15 10:46:23.369,EngineOCRFactory._run,49.0,6113.0,51.9,922.5,0,60.4,1987.6,2048.0,55,N/A
2026-04-15 10:46:23.871,EngineOCRFactory._run,23.7,6221.6,52.8,1457.1,0,60.4,1987.6,2048.0,55,N/A
2026-04-15 10:46:24.372,EngineOCRFactory._run,33.9,6261.7,53.2,1065.8,0,60.4,1987.6,2048.0,55,N/A
2026-04-15 10:46:24.873,MangaOCRExtractor.extract from ./tmp/yolo-1024-95pbt-5pbv-cpu/crops_BurariTessenTorimonocho_002_L/BurariTessenTorimonocho_002_L_bubble_002.png,52.1,6273.9,53.3,1075.2,0,60.4,1987.6,2048.0,55,N/A
2026-04-15 10:46:25.374,MangaOCRExtractor.extract from ./tmp/yolo-1024-95pbt-5pbv-cpu/crops_BurariTessenTorimonocho_002_L/BurariTessenTorimonocho_002_L_bubble_003.png,50.5,6277.9,53.3,1077.5,0,60.4,1987.6,2048.0,56,N/A
2026-04-15 10:46:25.875,MangaOCRExtractor.extract from ./tmp/yolo-1024-95pbt-5pbv-cpu/crops_BurariTessenTorimonocho_002_L/BurariTessenTorimonocho_002_L_bubble_004.png,51.4,6278.1,53.3,1077.5,0,60.4,1987.6,2048.0,56,N/A
2026-04-15 10:46:26.376,MangaOCRExtractor.extract from ./tmp/yolo-1024-95pbt-5pbv-cpu/crops_BurariTessenTorimonocho_002_L/BurariTessenTorimonocho_002_L_bubble_005.png,50.9,6278.1,53.3,1077.5,0,60.4,1987.6,2048.0,56,N/A
2026-04-15 10:46:26.878,MangaOCRExtractor.extract from ./tmp/yolo-1024-95pbt-5pbv-cpu/crops_BurariTessenTorimonocho_002_L/BurariTessenTorimonocho_002_L_bubble_006.png,51.1,6277.9,53.3,1077.5,0,60.4,1987.6,2048.0,56,N/A
2026-04-15 10:46:27.379,MangaOCRExtractor.extract from ./tmp/yolo-1024-95pbt-5pbv-cpu/crops_BurariTessenTorimonocho_002_L/BurariTessenTorimonocho_002_L_bubble_007.png,51.1,6277.4,53.3,1077.5,0,60.4,1987.6,2048.0,56,N/A
2026-04-15 10:46:27.880,MangaOCRExtractor.extract from ./tmp/yolo-1024-95pbt-5pbv-cpu/crops_BurariTessenTorimonocho_002_L/BurariTessenTorimonocho_002_L_bubble_007.png,50.4,6277.6,53.3,1077.6,0,60.4,1987.6,2048.0,56,N/A
2026-04-15 10:46:28.382,MangaOCRExtractor.extract from ./tmp/yolo-1024-95pbt-5pbv-cpu/crops_BurariTessenTorimonocho_002_L/BurariTessenTorimonocho_002_L_bubble_008.png,50.9,6277.5,53.3,1077.6,0,60.4,1987.6,2048.0,56,N/A
2026-04-15 10:46:28.883,MangaOCRExtractor.extract from ./tmp/yolo-1024-95pbt-5pbv-cpu/crops_BurariTessenTorimonocho_002_L/BurariTessenTorimonocho_002_L_bubble_008.png,50.4,6277.7,53.3,1079.9,0,60.4,1987.6,2048.0,56,N/A
2026-04-15 10:46:29.384,MangaOCRExtractor.extract from ./tmp/yolo-1024-95pbt-5pbv-cpu/crops_BurariTessenTorimonocho_002_R/BurariTessenTorimonocho_002_R_bubble_010.png,51.9,6276.0,53.3,1079.9,0,60.4,1987.6,2048.0,56,N/A
2026-04-15 10:46:29.887,MangaOCRExtractor.extract from ./tmp/yolo-1024-95pbt-5pbv-cpu/crops_BurariTessenTorimonocho_002_R/BurariTessenTorimonocho_002_R_bubble_011.png,53.1,6273.6,53.3,1080.0,0,60.4,1987.6,2048.0,57,N/A
2026-04-15 10:46:30.405,Translating 守銭奴ねェ,15.4,6297.6,53.5,1086.8,0,60.4,1987.6,2048.0,56,N/A
2026-04-15 10:46:30.905,Translating 守銭奴ねェ,48.8,6304.0,53.5,1086.8,0,60.4,1987.6,2048.0,56,N/A
2026-04-15 10:46:31.407,Translating 守銭奴ねェ,49.7,6301.5,53.5,1086.8,0,60.4,1987.6,2048.0,57,N/A
2026-04-15 10:46:31.908,Translating 守銭奴ねェ,50.0,6300.9,53.5,1086.8,0,60.4,1987.6,2048.0,57,N/A
2026-04-15 10:46:32.409,Translating で．．．下手人の女ってのは？,45.0,6299.6,53.5,1086.9,0,60.4,1987.6,2048.0,56,N/A
2026-04-15 10:46:32.910,Translating で．．．下手人の女ってのは？,44.5,6299.0,53.5,1086.9,0,60.4,1987.6,2048.0,56,N/A
2026-04-15 10:46:33.411,Translating で．．．下手人の女ってのは？,50.1,6296.6,53.5,1086.9,0,60.4,1987.6,2048.0,56,N/A
2026-04-15 10:46:33.912,Translating で．．．下手人の女ってのは？,50.4,6301.0,53.5,1086.9,0,60.4,1987.6,2048.0,56,N/A
2026-04-15 10:46:34.413,Translating で．．．下手人の女ってのは？,49.7,6305.1,53.5,1086.9,0,60.4,1987.6,2048.0,56,N/A
2026-04-15 10:46:34.915,Translating ハイ名前をお光といいます同じ長屋の住人だそうで．．．,43.4,6271.6,53.3,1086.9,0,60.4,1987.6,2048.0,56,N/A
2026-04-15 10:46:35.415,Translating ハイ名前をお光といいます同じ長屋の住人だそうで．．．,48.3,6271.6,53.3,1086.9,0,60.4,1987.6,2048.0,56,N/A
2026-04-15 10:46:35.916,Translating ハイ名前をお光といいます同じ長屋の住人だそうで．．．,50.1,6268.8,53.2,1086.9,0,60.4,1987.6,2048.0,56,N/A
2026-04-15 10:46:36.418,Translating ハイ名前をお光といいます同じ長屋の住人だそうで．．．,49.9,6268.5,53.2,1086.9,0,60.4,1987.6,2048.0,56,N/A
2026-04-15 10:46:36.919,Translating ハイ名前をお光といいます同じ長屋の住人だそうで．．．,50.0,6267.5,53.2,1086.9,0,60.4,1987.6,2048.0,56,N/A
2026-04-15 10:46:37.420,Translating ハイ名前をお光といいます同じ長屋の住人だそうで．．．,49.7,6267.4,53.2,1086.9,0,60.4,1987.6,2048.0,56,N/A
2026-04-15 10:46:37.921,Translating ハイ名前をお光といいます同じ長屋の住人だそうで．．．,50.3,6267.8,53.2,1086.9,0,60.4,1987.6,2048.0,56,N/A
2026-04-15 10:46:38.423,Translating よくよく金に困っての凶行ってやつだよくある話よ,57.2,6252.7,53.1,1086.9,0,60.4,1987.6,2048.0,56,N/A
2026-04-15 10:46:38.924,Translating よくよく金に困っての凶行ってやつだよくある話よ,34.0,6270.4,53.3,1086.9,0,60.4,1987.6,2048.0,56,N/A
2026-04-15 10:46:39.425,Translating よくよく金に困っての凶行ってやつだよくある話よ,49.9,6270.4,53.3,1086.9,0,60.4,1987.6,2048.0,56,N/A
2026-04-15 10:46:39.926,Translating よくよく金に困っての凶行ってやつだよくある話よ,50.2,6269.0,53.2,1086.9,0,60.4,1987.6,2048.0,56,N/A
2026-04-15 10:46:40.428,Translating よくよく金に困っての凶行ってやつだよくある話よ,50.2,6267.4,53.2,1086.9,0,60.4,1987.6,2048.0,56,N/A
2026-04-15 10:46:40.929,Translating よくよく金に困っての凶行ってやつだよくある話よ,50.0,6248.4,53.1,1086.9,0,60.4,1987.6,2048.0,56,N/A
2026-04-15 10:46:41.430,Translating よくよく金に困っての凶行ってやつだよくある話よ,50.1,6244.2,53.0,1086.9,0,60.4,1987.6,2048.0,56,N/A
2026-04-15 10:46:41.931,Translating よくよく金に困っての凶行ってやつだよくある話よ,49.9,6248.7,53.1,1086.9,0,60.4,1987.6,2048.0,56,N/A
2026-04-15 10:46:42.432,Translating よくよく金に困っての凶行ってやつだよくある話よ,49.8,6242.8,53.0,1086.9,0,60.4,1987.6,2048.0,56,N/A
2026-04-15 10:46:42.934,Translating なるほど．．．ホトケのそばには空のサイフ．．．下手人の手には血のついた銭か．．,49.1,6248.5,53.1,1086.9,0,60.4,1987.6,2048.0,56,N/A
2026-04-15 10:46:43.435,Translating なるほど．．．ホトケのそばには空のサイフ．．．下手人の手には血のついた銭か．．,40.0,6240.2,53.0,1086.9,0,60.4,1987.6,2048.0,56,N/A
2026-04-15 10:46:43.936,Translating なるほど．．．ホトケのそばには空のサイフ．．．下手人の手には血のついた銭か．．,50.4,6237.8,53.0,1086.9,0,60.4,1987.6,2048.0,56,N/A
2026-04-15 10:46:44.437,Translating なるほど．．．ホトケのそばには空のサイフ．．．下手人の手には血のついた銭か．．,50.0,6237.8,53.0,1086.9,0,60.4,1987.6,2048.0,56,N/A
2026-04-15 10:46:44.939,Translating なるほど．．．ホトケのそばには空のサイフ．．．下手人の手には血のついた銭か．．,50.3,6238.1,53.0,1086.9,0,60.4,1987.6,2048.0,56,N/A
2026-04-15 10:46:45.440,Translating なるほど．．．ホトケのそばには空のサイフ．．．下手人の手には血のついた銭か．．,50.7,6238.1,53.0,1086.9,0,60.4,1987.6,2048.0,56,N/A
2026-04-15 10:46:45.941,Translating なるほど．．．ホトケのそばには空のサイフ．．．下手人の手には血のついた銭か．．,50.0,6242.3,53.0,1086.9,0,60.4,1987.6,2048.0,56,N/A
2026-04-15 10:46:46.442,Translating なるほど．．．ホトケのそばには空のサイフ．．．下手人の手には血のついた銭か．．,49.8,6242.8,53.0,1086.9,0,60.4,1987.6,2048.0,56,N/A
2026-04-15 10:46:46.944,Translating なるほど．．．ホトケのそばには空のサイフ．．．下手人の手には血のついた銭か．．,50.3,6247.7,53.1,1086.9,0,60.4,1987.6,2048.0,56,N/A
2026-04-15 10:46:47.445,Translating なるほど．．．ホトケのそばには空のサイフ．．．下手人の手には血のついた銭か．．,49.9,6241.9,53.0,1086.9,0,60.4,1987.6,2048.0,56,N/A
2026-04-15 10:46:47.946,Translating なるほど．．．ホトケのそばには空のサイフ．．．下手人の手には血のついた銭か．．,50.2,6243.4,53.0,1086.9,0,60.4,1987.6,2048.0,56,N/A
2026-04-15 10:46:48.447,Translating お．．．おいなんだよ！！周り込むなってイテテテこの野郎ひっかきやがってちくしょう,50.4,6238.2,53.0,1086.9,0,60.4,1987.6,2048.0,56,N/A
2026-04-15 10:46:48.948,Translating お．．．おいなんだよ！！周り込むなってイテテテこの野郎ひっかきやがってちくしょう,40.6,6242.9,53.0,1086.9,0,60.4,1987.6,2048.0,56,N/A
2026-04-15 10:46:49.449,Translating お．．．おいなんだよ！！周り込むなってイテテテこの野郎ひっかきやがってちくしょう,50.2,6242.9,53.0,1086.9,0,60.4,1987.6,2048.0,56,N/A
2026-04-15 10:46:49.950,Translating お．．．おいなんだよ！！周り込むなってイテテテこの野郎ひっかきやがってちくしょう,50.4,6242.9,53.0,1086.9,0,60.4,1987.6,2048.0,56,N/A
2026-04-15 10:46:50.451,Translating お．．．おいなんだよ！！周り込むなってイテテテこの野郎ひっかきやがってちくしょう,49.7,6247.1,53.1,1086.9,0,60.4,1987.6,2048.0,56,N/A
2026-04-15 10:46:50.952,Translating お．．．おいなんだよ！！周り込むなってイテテテこの野郎ひっかきやがってちくしょう,50.9,6238.1,53.0,1086.9,0,60.4,1987.6,2048.0,56,N/A
2026-04-15 10:46:51.454,Translating お．．．おいなんだよ！！周り込むなってイテテテこの野郎ひっかきやがってちくしょう,49.6,6242.1,53.0,1086.9,0,60.4,1987.6,2048.0,56,N/A
2026-04-15 10:46:51.955,Translating お．．．おいなんだよ！！周り込むなってイテテテこの野郎ひっかきやがってちくしょう,50.0,6229.9,52.9,1086.9,0,60.4,1987.6,2048.0,56,N/A
2026-04-15 10:46:52.456,Translating お．．．おいなんだよ！！周り込むなってイテテテこの野郎ひっかきやがってちくしょう,49.8,6225.5,52.9,1086.9,0,60.4,1987.6,2048.0,56,N/A
2026-04-15 10:46:52.957,Translating お．．．おいなんだよ！！周り込むなってイテテテこの野郎ひっかきやがってちくしょう,50.4,6229.2,52.9,1086.9,0,60.4,1987.6,2048.0,56,N/A
2026-04-15 10:46:53.459,Translating 前は家族と暮らしていたんですが今は一人身で夜腰で食べてたみたいですどうもどこぞに借金があって金には不自由をしてたと言うんでずが．．．,57.0,6226.0,52.9,1086.9,0,60.4,1987.6,2048.0,56,N/A
2026-04-15 10:46:53.960,Translating 前は家族と暮らしていたんですが今は一人身で夜腰で食べてたみたいですどうもどこぞに借金があって金には不自由をしてたと言うんでずが．．．,36.7,6232.1,52.9,1086.9,0,60.4,1987.6,2048.0,56,N/A
2026-04-15 10:46:54.461,Translating 前は家族と暮らしていたんですが今は一人身で夜腰で食べてたみたいですどうもどこぞに借金があって金には不自由をしてたと言うんでずが．．．,50.1,6232.1,52.9,1086.9,0,60.4,1987.6,2048.0,56,N/A
2026-04-15 10:46:54.962,Translating 前は家族と暮らしていたんですが今は一人身で夜腰で食べてたみたいですどうもどこぞに借金があって金には不自由をしてたと言うんでずが．．．,50.3,6232.2,52.9,1086.9,0,60.4,1987.6,2048.0,56,N/A
2026-04-15 10:46:55.463,Translating 前は家族と暮らしていたんですが今は一人身で夜腰で食べてたみたいですどうもどこぞに借金があって金には不自由をしてたと言うんでずが．．．,50.1,6232.2,52.9,1086.9,0,60.4,1987.6,2048.0,56,N/A
2026-04-15 10:46:55.964,Translating 前は家族と暮らしていたんですが今は一人身で夜腰で食べてたみたいですどうもどこぞに借金があって金には不自由をしてたと言うんでずが．．．,50.0,6232.0,52.9,1086.9,0,60.4,1987.6,2048.0,56,N/A
2026-04-15 10:46:56.465,Translating 前は家族と暮らしていたんですが今は一人身で夜腰で食べてたみたいですどうもどこぞに借金があって金には不自由をしてたと言うんでずが．．．,50.1,6232.0,52.9,1086.9,0,60.4,1987.6,2048.0,56,N/A
2026-04-15 10:46:56.966,Translating 前は家族と暮らしていたんですが今は一人身で夜腰で食べてたみたいですどうもどこぞに借金があって金には不自由をしてたと言うんでずが．．．,49.9,6232.6,52.9,1086.9,0,60.4,1987.6,2048.0,56,N/A
2026-04-15 10:46:57.467,Translating 前は家族と暮らしていたんですが今は一人身で夜腰で食べてたみたいですどうもどこぞに借金があって金には不自由をしてたと言うんでずが．．．,50.9,6238.7,53.0,1086.9,0,60.4,1987.6,2048.0,56,N/A
2026-04-15 10:46:57.969,Translating 前は家族と暮らしていたんですが今は一人身で夜腰で食べてたみたいですどうもどこぞに借金があって金には不自由をしてたと言うんでずが．．．,50.0,6239.9,53.0,1086.9,0,60.4,1987.6,2048.0,56,N/A
2026-04-15 10:46:58.470,Translating 前は家族と暮らしていたんですが今は一人身で夜腰で食べてたみたいですどうもどこぞに借金があって金には不自由をしてたと言うんでずが．．．,49.9,6241.3,53.0,1086.9,0,60.4,1987.6,2048.0,56,N/A
2026-04-15 10:46:58.971,Translating 前は家族と暮らしていたんですが今は一人身で夜腰で食べてたみたいですどうもどこぞに借金があって金には不自由をしてたと言うんでずが．．．,50.1,6242.0,53.0,1086.9,0,60.4,1987.6,2048.0,56,N/A
2026-04-15 10:46:59.472,Translating 前は家族と暮らしていたんですが今は一人身で夜腰で食べてたみたいですどうもどこぞに借金があって金には不自由をしてたと言うんでずが．．．,49.9,6238.4,53.0,1086.9,0,60.4,1987.6,2048.0,56,N/A
2026-04-15 10:46:59.973,Translating 前は家族と暮らしていたんですが今は一人身で夜腰で食べてたみたいですどうもどこぞに借金があって金には不自由をしてたと言うんでずが．．．,50.2,6238.2,53.0,1086.9,0,60.4,1987.6,2048.0,56,N/A
2026-04-15 10:47:00.474,Translating 前は家族と暮らしていたんですが今は一人身で夜腰で食べてたみたいですどうもどこぞに借金があって金には不自由をしてたと言うんでずが．．．,49.5,6228.6,52.9,1086.9,0,60.4,1987.6,2048.0,56,N/A
2026-04-15 10:47:00.976,Translating 前は家族と暮らしていたんですが今は一人身で夜腰で食べてたみたいですどうもどこぞに借金があって金には不自由をしてたと言うんでずが．．．,51.0,6227.8,52.9,1086.9,0,60.4,1987.6,2048.0,56,N/A
2026-04-15 10:47:01.477,Translating 実はこの殺された弥吉ってのが、アタ名を守姫城の弥吉と呼ばれてましてゆすりたかりはもちろん後のためならなんでもする結構な感じったそうです,46.2,6222.6,52.8,1086.9,0,60.4,1987.6,2048.0,56,N/A
2026-04-15 10:47:01.978,Translating 実はこの殺された弥吉ってのが、アタ名を守姫城の弥吉と呼ばれてましてゆすりたかりはもちろん後のためならなんでもする結構な感じったそうです,42.5,6225.8,52.9,1086.9,0,60.4,1987.6,2048.0,56,N/A
2026-04-15 10:47:02.479,Translating 実はこの殺された弥吉ってのが、アタ名を守姫城の弥吉と呼ばれてましてゆすりたかりはもちろん後のためならなんでもする結構な感じったそうです,50.1,6225.8,52.9,1086.9,0,60.4,1987.6,2048.0,56,N/A
2026-04-15 10:47:02.980,Translating 実はこの殺された弥吉ってのが、アタ名を守姫城の弥吉と呼ばれてましてゆすりたかりはもちろん後のためならなんでもする結構な感じったそうです,50.3,6225.8,52.9,1086.9,0,60.4,1987.6,2048.0,56,N/A
2026-04-15 10:47:03.481,Translating 実はこの殺された弥吉ってのが、アタ名を守姫城の弥吉と呼ばれてましてゆすりたかりはもちろん後のためならなんでもする結構な感じったそうです,49.9,6225.8,52.9,1086.9,0,60.4,1987.6,2048.0,56,N/A
2026-04-15 10:47:03.982,Translating 実はこの殺された弥吉ってのが、アタ名を守姫城の弥吉と呼ばれてましてゆすりたかりはもちろん後のためならなんでもする結構な感じったそうです,50.4,6226.1,52.9,1086.9,0,60.4,1987.6,2048.0,56,N/A
2026-04-15 10:47:04.484,Translating 実はこの殺された弥吉ってのが、アタ名を守姫城の弥吉と呼ばれてましてゆすりたかりはもちろん後のためならなんでもする結構な感じったそうです,49.5,6222.7,52.8,1086.9,0,60.4,1987.6,2048.0,56,N/A
2026-04-15 10:47:04.985,Translating 実はこの殺された弥吉ってのが、アタ名を守姫城の弥吉と呼ばれてましてゆすりたかりはもちろん後のためならなんでもする結構な感じったそうです,50.1,6223.2,52.9,1086.9,0,60.4,1987.6,2048.0,56,N/A
2026-04-15 10:47:05.486,Translating 実はこの殺された弥吉ってのが、アタ名を守姫城の弥吉と呼ばれてましてゆすりたかりはもちろん後のためならなんでもする結構な感じったそうです,50.3,6215.6,52.8,1086.9,0,60.4,1987.6,2048.0,56,N/A
2026-04-15 10:47:05.987,Translating 実はこの殺された弥吉ってのが、アタ名を守姫城の弥吉と呼ばれてましてゆすりたかりはもちろん後のためならなんでもする結構な感じったそうです,49.9,6215.4,52.8,1086.9,0,60.4,1987.6,2048.0,56,N/A
2026-04-15 10:47:06.488,Translating 実はこの殺された弥吉ってのが、アタ名を守姫城の弥吉と呼ばれてましてゆすりたかりはもちろん後のためならなんでもする結構な感じったそうです,50.0,6215.4,52.8,1086.9,0,60.4,1987.6,2048.0,56,N/A
2026-04-15 10:47:06.989,Translating 実はこの殺された弥吉ってのが、アタ名を守姫城の弥吉と呼ばれてましてゆすりたかりはもちろん後のためならなんでもする結構な感じったそうです,50.0,6215.9,52.8,1086.9,0,60.4,1987.6,2048.0,56,N/A
2026-04-15 10:47:07.491,Translating 実はこの殺された弥吉ってのが、アタ名を守姫城の弥吉と呼ばれてましてゆすりたかりはもちろん後のためならなんでもする結構な感じったそうです,49.7,6207.6,52.7,1086.9,0,60.4,1987.6,2048.0,56,N/A
2026-04-15 10:47:07.992,Translating 実はこの殺された弥吉ってのが、アタ名を守姫城の弥吉と呼ばれてましてゆすりたかりはもちろん後のためならなんでもする結構な感じったそうです,50.1,6207.6,52.7,1086.9,0,60.4,1987.6,2048.0,56,N/A
2026-04-15 10:47:08.493,Translating 実はこの殺された弥吉ってのが、アタ名を守姫城の弥吉と呼ばれてましてゆすりたかりはもちろん後のためならなんでもする結構な感じったそうです,49.8,6196.6,52.6,1086.9,0,60.4,1987.6,2048.0,56,N/A
2026-04-15 10:47:08.994,Translating 実はこの殺された弥吉ってのが、アタ名を守姫城の弥吉と呼ばれてましてゆすりたかりはもちろん後のためならなんでもする結構な感じったそうです,50.9,6201.5,52.7,1086.9,0,60.4,1987.6,2048.0,56,N/A
2026-04-15 10:47:09.495,Translating 実はこの殺された弥吉ってのが、アタ名を守姫城の弥吉と呼ばれてましてゆすりたかりはもちろん後のためならなんでもする結構な感じったそうです,49.7,6201.5,52.7,1086.9,0,60.4,1987.6,2048.0,56,N/A
2026-04-15 10:47:09.996,Translating 実はこの殺された弥吉ってのが、アタ名を守姫城の弥吉と呼ばれてましてゆすりたかりはもちろん後のためならなんでもする結構な感じったそうです,49.9,6201.5,52.7,1086.9,0,60.4,1987.6,2048.0,56,N/A
2026-04-15 10:47:10.498,Translating 第七席,54.0,6193.1,52.6,1086.9,0,60.4,1987.6,2048.0,56,N/A
2026-04-15 10:47:10.999,Translating 第七席,38.0,6206.5,52.7,1086.9,0,60.4,1987.6,2048.0,56,N/A
2026-04-15 10:47:11.500,Translating 死んだ好きの傍に佇む一人の女の姿があった．．．,61.1,6214.0,52.8,1086.9,0,60.4,1987.6,2048.0,56,N/A
2026-04-15 10:47:12.001,Translating 死んだ好きの傍に佇む一人の女の姿があった．．．,34.0,6212.3,52.8,1086.9,0,60.4,1987.6,2048.0,56,N/A
2026-04-15 10:47:12.502,Translating 死んだ好きの傍に佇む一人の女の姿があった．．．,50.1,6212.3,52.8,1086.9,0,60.4,1987.6,2048.0,56,N/A
2026-04-15 10:47:13.003,Translating 死んだ好きの傍に佇む一人の女の姿があった．．．,50.2,6211.9,52.8,1086.9,0,60.4,1987.6,2048.0,56,N/A
2026-04-15 10:47:13.504,Translating 死んだ好きの傍に佇む一人の女の姿があった．．．,49.7,6211.9,52.8,1086.9,0,60.4,1987.6,2048.0,56,N/A
2026-04-15 10:47:14.005,Translating 死んだ好きの傍に佇む一人の女の姿があった．．．,49.9,6218.7,52.8,1086.9,0,60.4,1987.6,2048.0,56,N/A
2026-04-15 10:47:14.507,Translating 死んだ好きの傍に佇む一人の女の姿があった．．．,50.3,6205.8,52.7,1086.9,0,60.4,1987.6,2048.0,56,N/A
2026-04-15 10:47:15.008,Translating ．．．なに,52.0,6205.5,52.7,1086.9,0,60.4,1987.6,2048.0,56,N/A
2026-04-15 10:47:15.509,Translating ．．．なに,42.0,6206.1,52.7,1086.9,0,60.4,1987.6,2048.0,56,N/A
2026-04-15 10:47:16.010,BubbleTypesetter._apply_cleaning,56.3,6204.7,52.7,1087.1,0,60.4,1987.6,2048.0,56,N/A
2026-04-15 10:47:16.512,BubbleTypesetter._apply_cleaning,18.9,6204.7,52.7,1094.0,0,60.4,1987.6,2048.0,56,N/A
2026-04-15 10:47:17.019,BubbleTypesetter._wrap_text_pixel_width,12.4,6204.6,52.7,1094.0,0,60.4,1987.6,2048.0,56,N/A
2026-04-15 10:47:17.561,BubbleTypesetter._wrap_text_pixel_width,12.6,6204.6,52.7,1094.0,0,60.4,1987.6,2048.0,56,N/A
2026-04-15 10:47:18.154,BubbleTypesetter._process_bubble,13.0,6204.6,52.7,1094.0,0,60.4,1987.6,2048.0,56,N/A
2026-04-15 10:47:19.216,yolo_start,0.0,5331.5,45.3,41.4,0,58.3,1989.7,2048.0,56,N/A
2026-04-15 10:47:19.727,EngineOCRFactory._setup_engine,33.1,5480.3,46.5,316.5,0,58.3,1989.7,2048.0,56,N/A
2026-04-15 10:47:20.231,EngineOCRFactory._setup_engine,12.4,5547.4,47.1,379.8,0,58.3,1989.7,2048.0,56,N/A
2026-04-15 10:47:20.733,EngineOCRFactory._setup_engine,12.2,5570.3,47.3,422.4,0,58.3,1989.7,2048.0,56,N/A
2026-04-15 10:47:21.237,EngineOCRFactory._run,25.1,5820.7,49.4,646.1,0,60.4,1987.6,2048.0,55,N/A
2026-04-15 10:47:21.738,EngineOCRFactory._run,41.8,5829.0,49.5,650.6,0,60.4,1987.6,2048.0,56,N/A
2026-04-15 10:47:22.239,EngineOCRFactory._run,9.0,5840.5,49.6,656.6,0,60.4,1987.6,2048.0,56,N/A
2026-04-15 10:47:22.741,EngineOCRFactory._run,2.0,5841.3,49.6,659.2,0,60.4,1987.6,2048.0,55,N/A
2026-04-15 10:47:23.243,EngineOCRFactory._run,7.7,5936.5,50.4,745.5,0,60.4,1987.6,2048.0,55,N/A
2026-04-15 10:47:23.744,EngineOCRFactory._run,31.3,6127.5,52.0,935.1,0,60.4,1987.6,2048.0,55,N/A
2026-04-15 10:47:24.244,EngineOCRFactory._run,34.4,6215.2,52.8,1025.4,0,60.4,1987.6,2048.0,55,N/A
2026-04-15 10:47:24.745,EngineOCRFactory._run,28.3,6231.7,52.9,1048.7,0,60.4,1987.6,2048.0,55,N/A
2026-04-15 10:47:25.246,MangaOCRExtractor.extract from ./tmp/yolo-1024-95pbt-5pbv-cpu/crops_BurariTessenTorimonocho_003/BurariTessenTorimonocho_003_bubble_001.png,51.5,6282.4,53.4,1085.4,0,60.4,1987.6,2048.0,55,N/A
2026-04-15 10:47:25.747,MangaOCRExtractor.extract from ./tmp/yolo-1024-95pbt-5pbv-cpu/crops_BurariTessenTorimonocho_003/BurariTessenTorimonocho_003_bubble_003.png,51.7,6282.4,53.4,1085.4,0,60.4,1987.6,2048.0,56,N/A
2026-04-15 10:47:26.248,MangaOCRExtractor.extract from ./tmp/yolo-1024-95pbt-5pbv-cpu/crops_BurariTessenTorimonocho_003/BurariTessenTorimonocho_003_bubble_004.png,51.1,6283.4,53.4,1085.4,0,60.4,1987.6,2048.0,56,N/A
2026-04-15 10:47:26.750,MangaOCRExtractor.extract from ./tmp/yolo-1024-95pbt-5pbv-cpu/crops_BurariTessenTorimonocho_003/BurariTessenTorimonocho_003_bubble_006.png,51.6,6283.4,53.4,1085.4,0,60.4,1987.6,2048.0,56,N/A
2026-04-15 10:47:27.251,MangaOCRExtractor.extract from ./tmp/yolo-1024-95pbt-5pbv-cpu/crops_BurariTessenTorimonocho_003/BurariTessenTorimonocho_003_bubble_008.png,52.0,6285.3,53.4,1090.1,0,60.4,1987.6,2048.0,56,N/A
2026-04-15 10:47:27.752,MangaOCRExtractor.extract from ./tmp/yolo-1024-95pbt-5pbv-cpu/crops_BurariTessenTorimonocho_003/BurariTessenTorimonocho_003_bubble_009.png,50.7,6285.3,53.4,1090.1,0,60.4,1987.6,2048.0,56,N/A
2026-04-15 10:47:28.253,MangaOCRExtractor.extract from ./tmp/yolo-1024-95pbt-5pbv-cpu/crops_BurariTessenTorimonocho_003/BurariTessenTorimonocho_003_bubble_010.png,51.1,6285.3,53.4,1090.1,0,60.4,1987.6,2048.0,57,N/A
2026-04-15 10:47:28.755,MangaOCRExtractor.extract from ./tmp/yolo-1024-95pbt-5pbv-cpu/crops_BurariTessenTorimonocho_003/BurariTessenTorimonocho_003_bubble_011.png,50.9,6285.3,53.4,1090.1,0,60.4,1987.6,2048.0,57,N/A
2026-04-15 10:47:29.256,MangaOCRExtractor.extract from ./tmp/yolo-1024-95pbt-5pbv-cpu/crops_BurariTessenTorimonocho_003/BurariTessenTorimonocho_003_bubble_012.png,52.1,6283.5,53.4,1090.1,0,60.4,1987.6,2048.0,57,N/A
2026-04-15 10:47:29.758,MangaOCRExtractor.extract from ./tmp/yolo-1024-95pbt-5pbv-cpu/crops_BurariTessenTorimonocho_003/BurariTessenTorimonocho_003_bubble_014.png,52.4,6283.5,53.4,1090.1,0,60.4,1987.6,2048.0,57,N/A
2026-04-15 10:47:30.259,MangaOCRExtractor.extract from ./tmp/yolo-1024-95pbt-5pbv-cpu/crops_BurariTessenTorimonocho_003/BurariTessenTorimonocho_003_bubble_014.png,50.4,6280.8,53.3,1090.1,0,60.4,1987.6,2048.0,56,N/A
2026-04-15 10:47:30.760,Translating のけーハゲー,19.7,6292.6,53.4,1097.1,0,60.4,1987.6,2048.0,56,N/A
2026-04-15 10:47:31.261,Translating のけーハゲー,45.5,6288.1,53.4,1097.1,0,60.4,1987.6,2048.0,56,N/A
2026-04-15 10:47:31.762,Translating のけーハゲー,49.6,6288.3,53.4,1097.1,0,60.4,1987.6,2048.0,56,N/A
2026-04-15 10:47:32.263,Translating のけーハゲー,50.5,6284.7,53.4,1097.1,0,60.4,1987.6,2048.0,56,N/A
2026-04-15 10:47:32.765,Translating 単純な殺しだ目撃者もいる,54.0,6280.9,53.3,1097.1,0,60.4,1987.6,2048.0,56,N/A
2026-04-15 10:47:33.266,Translating 単純な殺しだ目撃者もいる,37.8,6282.2,53.4,1097.1,0,60.4,1987.6,2048.0,56,N/A
2026-04-15 10:47:33.767,Translating 単純な殺しだ目撃者もいる,50.1,6282.2,53.4,1097.1,0,60.4,1987.6,2048.0,56,N/A
2026-04-15 10:47:34.268,Translating 単純な殺しだ目撃者もいる,50.0,6282.9,53.4,1097.1,0,60.4,1987.6,2048.0,56,N/A
2026-04-15 10:47:34.770,Translating 単純な殺しだ目撃者もいる,49.8,6289.4,53.4,1097.1,0,60.4,1987.6,2048.0,56,N/A
2026-04-15 10:47:35.271,Translating 単純な殺しだ目撃者もいる,50.9,6274.2,53.3,1097.1,0,60.4,1987.6,2048.0,56,N/A
2026-04-15 10:47:35.772,Translating 遊んでおいきよ．．．,54.7,6270.9,53.3,1097.1,0,60.4,1987.6,2048.0,56,N/A
2026-04-15 10:47:36.273,Translating 遊んでおいきよ．．．,37.2,6247.5,53.1,1097.1,0,60.4,1987.6,2048.0,56,N/A
2026-04-15 10:47:36.774,Translating 遊んでおいきよ．．．,50.0,6247.5,53.1,1097.1,0,60.4,1987.6,2048.0,56,N/A
2026-04-15 10:47:37.275,Translating 遊んでおいきよ．．．,49.9,6249.8,53.1,1097.1,0,60.4,1987.6,2048.0,56,N/A
2026-04-15 10:47:37.777,Translating 遊んでおいきよ．．．,51.0,6237.8,53.0,1097.1,0,60.4,1987.6,2048.0,56,N/A
2026-04-15 10:47:38.278,Translating 下手人ってのは．．．？,42.5,6250.8,53.1,1097.1,0,60.4,1987.6,2048.0,56,N/A
2026-04-15 10:47:38.779,Translating 下手人ってのは．．．？,50.1,6250.8,53.1,1097.1,0,60.4,1987.6,2048.0,56,N/A
2026-04-15 10:47:39.280,Translating 下手人ってのは．．．？,50.2,6249.9,53.1,1097.1,0,60.4,1987.6,2048.0,56,N/A
2026-04-15 10:47:39.781,Translating 下手人ってのは．．．？,49.5,6249.6,53.1,1097.1,0,60.4,1987.6,2048.0,56,N/A
2026-04-15 10:47:40.282,Translating 下手人ってのは．．．？,50.3,6253.6,53.1,1097.1,0,60.4,1987.6,2048.0,56,N/A
2026-04-15 10:47:40.783,Translating おーい見えねーぞ,56.5,6259.9,53.2,1097.1,0,60.4,1987.6,2048.0,56,N/A
2026-04-15 10:47:41.284,Translating おーい見えねーぞ,37.3,6260.1,53.2,1097.1,0,60.4,1987.6,2048.0,56,N/A
2026-04-15 10:47:41.785,Translating おーい見えねーぞ,49.8,6259.7,53.2,1097.1,0,60.4,1987.6,2048.0,56,N/A
2026-04-15 10:47:42.287,Translating おーい見えねーぞ,49.9,6257.8,53.1,1097.1,0,60.4,1987.6,2048.0,56,N/A
2026-04-15 10:47:42.788,Translating な．．．なんでェ乱暴なやろーだなー,50.0,6257.8,53.1,1097.1,0,60.4,1987.6,2048.0,56,N/A
2026-04-15 10:47:43.289,Translating な．．．なんでェ乱暴なやろーだなー,39.8,6253.5,53.1,1097.1,0,60.4,1987.6,2048.0,56,N/A
2026-04-15 10:47:43.790,Translating な．．．なんでェ乱暴なやろーだなー,50.0,6253.5,53.1,1097.1,0,60.4,1987.6,2048.0,56,N/A
2026-04-15 10:47:44.291,Translating な．．．なんでェ乱暴なやろーだなー,50.1,6253.5,53.1,1097.1,0,60.4,1987.6,2048.0,56,N/A
2026-04-15 10:47:44.792,Translating な．．．なんでェ乱暴なやろーだなー,50.5,6252.9,53.1,1097.1,0,60.4,1987.6,2048.0,56,N/A
2026-04-15 10:47:45.294,Translating な．．．なんでェ乱暴なやろーだなー,50.1,6254.1,53.1,1097.1,0,60.4,1987.6,2048.0,56,N/A
2026-04-15 10:47:45.795,Translating お光さんが．．．殺しを．．．,49.0,6250.3,53.1,1097.2,0,60.4,1987.6,2048.0,56,N/A
2026-04-15 10:47:46.296,Translating お光さんが．．．殺しを．．．,39.7,6249.5,53.1,1097.2,0,60.4,1987.6,2048.0,56,N/A
2026-04-15 10:47:46.797,Translating お光さんが．．．殺しを．．．,50.1,6249.5,53.1,1097.2,0,60.4,1987.6,2048.0,56,N/A
2026-04-15 10:47:47.298,Translating お光さんが．．．殺しを．．．,49.9,6244.6,53.0,1097.2,0,60.4,1987.6,2048.0,56,N/A
2026-04-15 10:47:47.799,Translating お光さんが．．．殺しを．．．,51.0,6232.3,52.9,1097.2,0,60.4,1987.6,2048.0,56,N/A
2026-04-15 10:47:48.301,Translating お光さんが．．．殺しを．．．,50.1,6232.7,52.9,1097.2,0,60.4,1987.6,2048.0,56,N/A
2026-04-15 10:47:48.802,Translating お光さんが．．．殺しを．．．,49.6,6232.7,52.9,1097.2,0,60.4,1987.6,2048.0,56,N/A
2026-04-15 10:47:49.303,Translating 桜の木の下でかいそいつもオツだねェ,43.9,6228.4,52.9,1097.2,0,60.4,1987.6,2048.0,56,N/A
2026-04-15 10:47:49.804,Translating 桜の木の下でかいそいつもオツだねェ,46.6,6228.4,52.9,1097.2,0,60.4,1987.6,2048.0,56,N/A
2026-04-15 10:47:50.305,Translating 桜の木の下でかいそいつもオツだねェ,50.2,6226.4,52.9,1097.2,0,60.4,1987.6,2048.0,56,N/A
2026-04-15 10:47:50.806,Translating 桜の木の下でかいそいつもオツだねェ,50.9,6228.4,52.9,1097.2,0,60.4,1987.6,2048.0,56,N/A
2026-04-15 10:47:51.308,Translating 桜の木の下でかいそいつもオツだねェ,49.9,6223.4,52.9,1097.2,0,60.4,1987.6,2048.0,56,N/A
2026-04-15 10:47:51.809,Translating 桜の木の下でかいそいつもオツだねェ,49.7,6223.4,52.9,1097.2,0,60.4,1987.6,2048.0,56,N/A
2026-04-15 10:47:52.310,Translating 桜の木の下でかいそいつもオツだねェ,50.0,6224.4,52.9,1097.2,0,60.4,1987.6,2048.0,56,N/A
2026-04-15 10:47:52.811,Translating ン．．．どうした鉄扇！顔色が悪いぞ．．．,51.2,6233.6,52.9,1097.2,0,60.4,1987.6,2048.0,56,N/A
2026-04-15 10:47:53.312,Translating ン．．．どうした鉄扇！顔色が悪いぞ．．．,39.9,6224.8,52.9,1097.2,0,60.4,1987.6,2048.0,56,N/A
2026-04-15 10:47:53.813,Translating ン．．．どうした鉄扇！顔色が悪いぞ．．．,50.0,6224.8,52.9,1097.2,0,60.4,1987.6,2048.0,56,N/A
2026-04-15 10:47:54.314,Translating ン．．．どうした鉄扇！顔色が悪いぞ．．．,50.7,6233.0,52.9,1097.2,0,60.4,1987.6,2048.0,56,N/A
2026-04-15 10:47:54.816,Translating ン．．．どうした鉄扇！顔色が悪いぞ．．．,49.8,6237.0,53.0,1097.2,0,60.4,1987.6,2048.0,56,N/A
2026-04-15 10:47:55.317,Translating ン．．．どうした鉄扇！顔色が悪いぞ．．．,49.9,6233.2,52.9,1097.2,0,60.4,1987.6,2048.0,56,N/A
2026-04-15 10:47:55.818,Translating ン．．．どうした鉄扇！顔色が悪いぞ．．．,50.1,6237.2,53.0,1097.2,0,60.4,1987.6,2048.0,56,N/A
2026-04-15 10:47:56.319,Translating おう．．．どうした鉄の字そんなにあわてて,52.6,6225.2,52.9,1097.2,0,60.4,1987.6,2048.0,56,N/A
2026-04-15 10:47:56.820,Translating おう．．．どうした鉄の字そんなにあわてて,38.3,6252.3,53.1,1097.2,0,60.4,1987.6,2048.0,56,N/A
2026-04-15 10:47:57.321,Translating おう．．．どうした鉄の字そんなにあわてて,50.4,6252.9,53.1,1097.2,0,60.4,1987.6,2048.0,56,N/A
2026-04-15 10:47:57.822,Translating おう．．．どうした鉄の字そんなにあわてて,49.9,6250.6,53.1,1097.2,0,60.4,1987.6,2048.0,56,N/A
2026-04-15 10:47:58.324,Translating おう．．．どうした鉄の字そんなにあわてて,49.9,6255.7,53.1,1097.2,0,60.4,1987.6,2048.0,56,N/A
2026-04-15 10:47:58.825,Translating おう．．．どうした鉄の字そんなにあわてて,50.3,6255.9,53.1,1097.2,0,60.4,1987.6,2048.0,56,N/A
2026-04-15 10:47:59.326,Translating おう．．．どうした鉄の字そんなにあわてて,49.6,6255.9,53.1,1097.2,0,60.4,1987.6,2048.0,56,N/A
2026-04-15 10:47:59.827,Translating おう．．．どうした鉄の字そんなにあわてて,50.4,6254.8,53.1,1097.2,0,60.4,1987.6,2048.0,56,N/A
2026-04-15 10:48:00.328,Translating ど．．．どうしたお姉ちゃん！！おい！！,54.8,6228.0,52.9,1097.2,0,60.4,1987.6,2048.0,56,N/A
2026-04-15 10:48:00.829,Translating ど．．．どうしたお姉ちゃん！！おい！！,39.2,6229.7,52.9,1097.2,0,60.4,1987.6,2048.0,56,N/A
2026-04-15 10:48:01.330,Translating ど．．．どうしたお姉ちゃん！！おい！！,50.3,6223.5,52.9,1097.2,0,60.4,1987.6,2048.0,56,N/A
2026-04-15 10:48:01.831,Translating ど．．．どうしたお姉ちゃん！！おい！！,51.0,6220.7,52.8,1097.2,0,60.4,1987.6,2048.0,56,N/A
2026-04-15 10:48:02.333,Translating ど．．．どうしたお姉ちゃん！！おい！！,50.1,6221.2,52.8,1097.2,0,60.4,1987.6,2048.0,56,N/A
2026-04-15 10:48:02.834,Translating ど．．．どうしたお姉ちゃん！！おい！！,49.5,6221.3,52.8,1097.2,0,60.4,1987.6,2048.0,56,N/A
2026-04-15 10:48:03.335,Translating 残念ながら今回ばかりはお前の出る幕はなさそうだぜ,53.0,6224.5,52.9,1097.2,0,60.4,1987.6,2048.0,56,N/A
2026-04-15 10:48:03.836,Translating 残念ながら今回ばかりはお前の出る幕はなさそうだぜ,38.8,6226.3,52.9,1097.2,0,60.4,1987.6,2048.0,56,N/A
2026-04-15 10:48:04.337,Translating 残念ながら今回ばかりはお前の出る幕はなさそうだぜ,50.2,6224.6,52.9,1097.2,0,60.4,1987.6,2048.0,56,N/A
2026-04-15 10:48:04.838,Translating 残念ながら今回ばかりはお前の出る幕はなさそうだぜ,50.5,6225.0,52.9,1097.2,0,60.4,1987.6,2048.0,56,N/A
2026-04-15 10:48:05.339,Translating 残念ながら今回ばかりはお前の出る幕はなさそうだぜ,50.0,6224.6,52.9,1097.2,0,60.4,1987.6,2048.0,56,N/A
2026-04-15 10:48:05.841,Translating 残念ながら今回ばかりはお前の出る幕はなさそうだぜ,49.6,6224.9,52.9,1097.2,0,60.4,1987.6,2048.0,56,N/A
2026-04-15 10:48:06.341,Translating 残念ながら今回ばかりはお前の出る幕はなさそうだぜ,50.2,6219.6,52.8,1097.2,0,60.4,1987.6,2048.0,56,N/A
2026-04-15 10:48:06.843,Translating ご．．．ごめんなさいごめれなさーい,54.3,6218.8,52.8,1097.2,0,60.4,1987.6,2048.0,56,N/A
2026-04-15 10:48:07.344,Translating ご．．．ごめんなさいごめれなさーい,39.9,6220.4,52.8,1097.2,0,60.4,1987.6,2048.0,56,N/A
2026-04-15 10:48:07.845,Translating ご．．．ごめんなさいごめれなさーい,50.0,6220.4,52.8,1097.2,0,60.4,1987.6,2048.0,56,N/A
2026-04-15 10:48:08.346,Translating ご．．．ごめんなさいごめれなさーい,50.6,6222.4,52.8,1097.2,0,60.4,1987.6,2048.0,56,N/A
2026-04-15 10:48:08.847,Translating ご．．．ごめんなさいごめれなさーい,49.8,6226.1,52.9,1097.2,0,60.4,1987.6,2048.0,56,N/A
2026-04-15 10:48:09.348,Translating ご．．．ごめんなさいごめれなさーい,50.9,6220.8,52.8,1097.2,0,60.4,1987.6,2048.0,56,N/A
2026-04-15 10:48:09.849,Translating ご．．．ごめんなさいごめれなさーい,49.7,6224.8,52.9,1097.2,0,60.4,1987.6,2048.0,56,N/A
2026-04-15 10:48:10.351,Translating ああ．．．お光って夜鷹だ．．今は奉行所の仮牢に入れてある,47.3,6218.3,52.8,1097.2,0,60.4,1987.6,2048.0,56,N/A
2026-04-15 10:48:10.852,Translating ああ．．．お光って夜鷹だ．．今は奉行所の仮牢に入れてある,46.5,6225.4,52.9,1097.2,0,60.4,1987.6,2048.0,56,N/A
2026-04-15 10:48:11.353,Translating ああ．．．お光って夜鷹だ．．今は奉行所の仮牢に入れてある,50.4,6225.8,52.9,1097.2,0,60.4,1987.6,2048.0,56,N/A
2026-04-15 10:48:11.854,Translating ああ．．．お光って夜鷹だ．．今は奉行所の仮牢に入れてある,50.0,6225.8,52.9,1097.2,0,60.4,1987.6,2048.0,56,N/A
2026-04-15 10:48:12.355,Translating ああ．．．お光って夜鷹だ．．今は奉行所の仮牢に入れてある,49.7,6223.9,52.9,1097.2,0,60.4,1987.6,2048.0,56,N/A
2026-04-15 10:48:12.856,Translating ああ．．．お光って夜鷹だ．．今は奉行所の仮牢に入れてある,51.1,6231.2,52.9,1097.2,0,60.4,1987.6,2048.0,56,N/A
2026-04-15 10:48:13.357,Translating ああ．．．お光って夜鷹だ．．今は奉行所の仮牢に入れてある,49.6,6235.2,53.0,1097.2,0,60.4,1987.6,2048.0,56,N/A
2026-04-15 10:48:13.859,Translating ああ．．．お光って夜鷹だ．．今は奉行所の仮牢に入れてある,49.7,6226.7,52.9,1097.2,0,60.4,1987.6,2048.0,56,N/A
2026-04-15 10:48:14.360,Translating ああ．．．お光って夜鷹だ．．今は奉行所の仮牢に入れてある,50.1,6227.0,52.9,1097.2,0,60.4,1987.6,2048.0,56,N/A
2026-04-15 10:48:14.866,BubbleTypesetter._wrap_text_pixel_width,56.4,6220.8,52.8,1099.2,0,60.4,1987.6,2048.0,56,N/A
2026-04-15 10:48:15.404,BubbleTypesetter._wrap_text_pixel_width,12.6,6221.8,52.8,1104.2,0,60.4,1987.6,2048.0,56,N/A
2026-04-15 10:48:15.976,BubbleTypesetter._wrap_text_pixel_width,12.6,6221.0,52.8,1104.3,0,60.4,1987.6,2048.0,56,N/A
2026-04-15 10:48:16.533,BubbleTypesetter._apply_cleaning,12.7,6221.5,52.8,1104.3,0,60.4,1987.6,2048.0,56,N/A
2026-04-15 10:48:17.039,BubbleTypesetter._apply_cleaning,12.4,6219.5,52.8,1104.3,0,60.4,1987.6,2048.0,56,N/A
2026-04-15 10:48:17.551,BubbleTypesetter._process_bubble,12.7,6219.0,52.8,1104.3,0,60.4,1987.6,2048.0,56,N/A
2026-04-15 10:48:18.736,yolo_start,0.0,5322.8,45.2,41.4,0,58.3,1989.7,2048.0,56,N/A
2026-04-15 10:48:19.238,EngineOCRFactory._setup_engine,33.2,5471.2,46.5,313.8,0,58.3,1989.7,2048.0,56,N/A
2026-04-15 10:48:19.740,EngineOCRFactory._setup_engine,12.7,5527.3,46.9,377.7,0,58.3,1989.7,2048.0,56,N/A
2026-04-15 10:48:20.246,EngineOCRFactory._setup_engine,12.4,5555.8,47.2,419.9,0,58.3,1989.7,2048.0,55,N/A
2026-04-15 10:48:20.747,EngineOCRFactory._run,23.4,5757.2,48.9,598.9,0,60.4,1987.6,2048.0,55,N/A
2026-04-15 10:48:21.249,EngineOCRFactory._run,47.4,5848.0,49.7,701.7,0,60.4,1987.6,2048.0,56,N/A
2026-04-15 10:48:21.750,EngineOCRFactory._run,43.9,5824.1,49.5,671.3,0,60.4,1987.6,2048.0,56,N/A
2026-04-15 10:48:22.251,EngineOCRFactory._run,4.0,5832.6,49.5,673.3,0,60.4,1987.6,2048.0,56,N/A
2026-04-15 10:48:22.753,EngineOCRFactory._run,1.8,5841.2,49.6,675.9,0,60.4,1987.6,2048.0,55,N/A
2026-04-15 10:48:23.255,EngineOCRFactory._run,5.0,5841.4,49.6,678.9,0,60.4,1987.6,2048.0,55,N/A
2026-04-15 10:48:23.756,EngineOCRFactory._run,22.7,6083.7,51.7,923.4,0,60.4,1987.6,2048.0,55,N/A
2026-04-15 10:48:24.257,EngineOCRFactory._run,43.4,6155.6,52.3,992.0,0,60.4,1987.6,2048.0,55,N/A
2026-04-15 10:48:24.764,EngineOCRFactory._run,18.5,6195.8,52.6,1035.1,0,60.4,1987.6,2048.0,55,N/A
2026-04-15 10:48:25.274,MangaOCRExtractor.extract from ./tmp/yolo-1024-95pbt-5pbv-cpu/crops_BurariTessenTorimonocho_004_L/BurariTessenTorimonocho_004_L_bubble_001.png,50.0,6231.3,52.9,1066.8,0,60.4,1987.6,2048.0,55,N/A
2026-04-15 10:48:25.776,MangaOCRExtractor.extract from ./tmp/yolo-1024-95pbt-5pbv-cpu/crops_BurariTessenTorimonocho_004_L/BurariTessenTorimonocho_004_L_bubble_003.png,51.6,6231.4,52.9,1066.8,0,60.4,1987.6,2048.0,55,N/A
2026-04-15 10:48:26.277,MangaOCRExtractor.extract from ./tmp/yolo-1024-95pbt-5pbv-cpu/crops_BurariTessenTorimonocho_004_L/BurariTessenTorimonocho_004_L_bubble_004.png,51.2,6232.5,52.9,1066.8,0,60.4,1987.6,2048.0,56,N/A
2026-04-15 10:48:26.778,MangaOCRExtractor.extract from ./tmp/yolo-1024-95pbt-5pbv-cpu/crops_BurariTessenTorimonocho_004_L/BurariTessenTorimonocho_004_L_bubble_005.png,51.2,6232.7,52.9,1066.8,0,60.4,1987.6,2048.0,56,N/A
2026-04-15 10:48:27.279,MangaOCRExtractor.extract from ./tmp/yolo-1024-95pbt-5pbv-cpu/crops_BurariTessenTorimonocho_004_L/BurariTessenTorimonocho_004_L_bubble_007.png,52.1,6234.9,52.9,1069.2,0,60.4,1987.6,2048.0,56,N/A
2026-04-15 10:48:27.780,MangaOCRExtractor.extract from ./tmp/yolo-1024-95pbt-5pbv-cpu/crops_BurariTessenTorimonocho_004_L/BurariTessenTorimonocho_004_L_bubble_008.png,50.8,6234.9,52.9,1069.2,0,60.4,1987.6,2048.0,56,N/A
2026-04-15 10:48:28.281,MangaOCRExtractor.extract from ./tmp/yolo-1024-95pbt-5pbv-cpu/crops_BurariTessenTorimonocho_004_L/BurariTessenTorimonocho_004_L_bubble_009.png,51.5,6235.3,53.0,1069.2,0,60.4,1987.6,2048.0,56,N/A
2026-04-15 10:48:28.782,MangaOCRExtractor.extract from ./tmp/yolo-1024-95pbt-5pbv-cpu/crops_BurariTessenTorimonocho_004_R/BurariTessenTorimonocho_004_R_bubble_010.png,50.8,6237.2,53.0,1071.5,0,60.4,1987.6,2048.0,57,N/A
2026-04-15 10:48:29.284,MangaOCRExtractor.extract from ./tmp/yolo-1024-95pbt-5pbv-cpu/crops_BurariTessenTorimonocho_004_R/BurariTessenTorimonocho_004_R_bubble_011.png,51.5,6236.0,53.0,1071.5,0,60.4,1987.6,2048.0,57,N/A
2026-04-15 10:48:29.785,MangaOCRExtractor.extract from ./tmp/yolo-1024-95pbt-5pbv-cpu/crops_BurariTessenTorimonocho_004_R/BurariTessenTorimonocho_004_R_bubble_012.png,50.9,6236.0,53.0,1071.5,0,60.4,1987.6,2048.0,57,N/A
2026-04-15 10:48:30.286,MangaOCRExtractor.extract from ./tmp/yolo-1024-95pbt-5pbv-cpu/crops_BurariTessenTorimonocho_004_R/BurariTessenTorimonocho_004_R_bubble_013.png,51.6,6234.0,52.9,1071.6,0,60.4,1987.6,2048.0,57,N/A
2026-04-15 10:48:30.788,MangaOCRExtractor.extract from ./tmp/yolo-1024-95pbt-5pbv-cpu/crops_BurariTessenTorimonocho_004_R/BurariTessenTorimonocho_004_R_bubble_014.png,51.4,6234.0,52.9,1071.6,0,60.4,1987.6,2048.0,57,N/A
2026-04-15 10:48:31.300,MangaOCRExtractor.extract from ./tmp/yolo-1024-95pbt-5pbv-cpu/crops_BurariTessenTorimonocho_004_R/BurariTessenTorimonocho_004_R_bubble_015.png,51.3,6232.1,52.9,1071.6,0,60.4,1987.6,2048.0,56,N/A
2026-04-15 10:48:31.801,MangaOCRExtractor.extract from ./tmp/yolo-1024-95pbt-5pbv-cpu/crops_BurariTessenTorimonocho_004_R/BurariTessenTorimonocho_004_R_bubble_016.png,51.5,6232.1,52.9,1071.6,0,60.4,1987.6,2048.0,57,N/A
2026-04-15 10:48:32.303,MangaOCRExtractor.extract from ./tmp/yolo-1024-95pbt-5pbv-cpu/crops_BurariTessenTorimonocho_004_R/BurariTessenTorimonocho_004_R_bubble_016.png,50.1,6230.5,52.9,1071.6,0,60.4,1987.6,2048.0,56,N/A
2026-04-15 10:48:32.804,Translating お光さん！,32.6,6234.1,52.9,1078.5,0,60.4,1987.6,2048.0,56,N/A
2026-04-15 10:48:33.305,Translating お光さん！,32.7,6236.5,53.0,1078.5,0,60.4,1987.6,2048.0,56,N/A
2026-04-15 10:48:33.806,Translating お光さん！,50.1,6240.7,53.0,1078.5,0,60.4,1987.6,2048.0,56,N/A
2026-04-15 10:48:34.307,Translating お光さん！,50.2,6248.7,53.1,1078.5,0,60.4,1987.6,2048.0,56,N/A
2026-04-15 10:48:34.808,Translating お光さん！！,46.4,6259.1,53.2,1078.5,0,60.4,1987.6,2048.0,56,N/A
2026-04-15 10:48:35.309,Translating お光さん！！,46.4,6256.8,53.1,1078.5,0,60.4,1987.6,2048.0,56,N/A
2026-04-15 10:48:35.810,Translating お光さん！！,50.7,6256.6,53.1,1078.5,0,60.4,1987.6,2048.0,57,N/A
2026-04-15 10:48:36.312,Translating かわいそうに．．．,58.5,6229.9,52.9,1078.5,0,60.4,1987.6,2048.0,56,N/A
2026-04-15 10:48:36.813,Translating かわいそうに．．．,31.6,6242.6,53.0,1078.5,0,60.4,1987.6,2048.0,56,N/A
2026-04-15 10:48:37.314,Translating かわいそうに．．．,50.0,6243.2,53.0,1078.5,0,60.4,1987.6,2048.0,56,N/A
2026-04-15 10:48:37.815,Translating は．．．放して下さいお願いですから！！,59.4,6245.4,53.0,1078.5,0,60.4,1987.6,2048.0,57,N/A
2026-04-15 10:48:38.316,Translating は．．．放して下さいお願いですから！！,33.2,6233.7,52.9,1078.5,0,60.4,1987.6,2048.0,56,N/A
2026-04-15 10:48:38.817,Translating は．．．放して下さいお願いですから！！,50.1,6235.1,53.0,1078.5,0,60.4,1987.6,2048.0,56,N/A
2026-04-15 10:48:39.318,Translating は．．．放して下さいお願いですから！！,50.0,6234.6,52.9,1078.5,0,60.4,1987.6,2048.0,56,N/A
2026-04-15 10:48:39.819,Translating あたし達にホンのちょっとでも余裕があればねェ,57.1,6245.2,53.0,1078.5,0,60.4,1987.6,2048.0,56,N/A
2026-04-15 10:48:40.321,Translating あたし達にホンのちょっとでも余裕があればねェ,35.5,6247.5,53.1,1078.5,0,60.4,1987.6,2048.0,56,N/A
2026-04-15 10:48:40.822,Translating あたし達にホンのちょっとでも余裕があればねェ,50.3,6248.7,53.1,1078.5,0,60.4,1987.6,2048.0,56,N/A
2026-04-15 10:48:41.323,Translating あたし達にホンのちょっとでも余裕があればねェ,50.0,6247.6,53.1,1078.5,0,60.4,1987.6,2048.0,56,N/A
2026-04-15 10:48:41.824,Translating あたし達にホンのちょっとでも余裕があればねェ,49.9,6242.9,53.0,1078.5,0,60.4,1987.6,2048.0,56,N/A
2026-04-15 10:48:42.326,Translating あたし達にホンのちょっとでも余裕があればねェ,50.3,6243.9,53.0,1078.5,0,60.4,1987.6,2048.0,56,N/A
2026-04-15 10:48:42.827,Translating それでも利息を払うので精一杯みたいだったよ．．．,56.6,6249.4,53.1,1078.5,0,60.4,1987.6,2048.0,56,N/A
2026-04-15 10:48:43.328,Translating それでも利息を払うので精一杯みたいだったよ．．．,35.8,6242.8,53.0,1078.5,0,60.4,1987.6,2048.0,56,N/A
2026-04-15 10:48:43.829,Translating それでも利息を払うので精一杯みたいだったよ．．．,50.4,6242.8,53.0,1078.5,0,60.4,1987.6,2048.0,56,N/A
2026-04-15 10:48:44.330,Translating それでも利息を払うので精一杯みたいだったよ．．．,50.0,6242.2,53.0,1078.5,0,60.4,1987.6,2048.0,56,N/A
2026-04-15 10:48:44.831,Translating それでも利息を払うので精一杯みたいだったよ．．．,49.9,6243.0,53.0,1078.5,0,60.4,1987.6,2048.0,56,N/A
2026-04-15 10:48:45.333,Translating それでも利息を払うので精一杯みたいだったよ．．．,50.5,6245.5,53.0,1078.5,0,60.4,1987.6,2048.0,56,N/A
2026-04-15 10:48:45.833,Translating それでも利息を払うので精一杯みたいだったよ．．．,50.0,6240.7,53.0,1078.5,0,60.4,1987.6,2048.0,56,N/A
2026-04-15 10:48:46.335,Translating 私が働かないとあの子が．．．お幸が．．．！！,47.6,6221.5,52.8,1078.6,0,60.4,1987.6,2048.0,56,N/A
2026-04-15 10:48:46.836,Translating 私が働かないとあの子が．．．お幸が．．．！！,42.6,6227.2,52.9,1078.6,0,60.4,1987.6,2048.0,56,N/A
2026-04-15 10:48:47.337,Translating 私が働かないとあの子が．．．お幸が．．．！！,50.6,6229.4,52.9,1078.6,0,60.4,1987.6,2048.0,56,N/A
2026-04-15 10:48:47.838,Translating 私が働かないとあの子が．．．お幸が．．．！！,50.1,6229.9,52.9,1078.6,0,60.4,1987.6,2048.0,56,N/A
2026-04-15 10:48:48.339,Translating 私が働かないとあの子が．．．お幸が．．．！！,50.1,6233.7,52.9,1078.6,0,60.4,1987.6,2048.0,56,N/A
2026-04-15 10:48:48.840,Translating 私が働かないとあの子が．．．お幸が．．．！！,50.8,6221.8,52.8,1078.6,0,60.4,1987.6,2048.0,56,N/A
2026-04-15 10:48:49.341,Translating 私が働かないとあの子が．．．お幸が．．．！！,49.8,6221.8,52.8,1078.6,0,60.4,1987.6,2048.0,56,N/A
2026-04-15 10:48:49.843,Translating 私が働かないとあの子が．．．お幸が．．．！！,50.0,6208.2,52.7,1078.6,0,60.4,1987.6,2048.0,56,N/A
2026-04-15 10:48:50.343,Translating だ．．．だめだよお光さんそんな体でどこへ！？,54.3,6227.5,52.9,1078.6,0,60.4,1987.6,2048.0,56,N/A
2026-04-15 10:48:50.844,Translating だ．．．だめだよお光さんそんな体でどこへ！？,38.9,6229.7,52.9,1078.6,0,60.4,1987.6,2048.0,56,N/A
2026-04-15 10:48:51.345,Translating だ．．．だめだよお光さんそんな体でどこへ！？,50.1,6229.4,52.9,1078.6,0,60.4,1987.6,2048.0,56,N/A
2026-04-15 10:48:51.847,Translating だ．．．だめだよお光さんそんな体でどこへ！？,51.0,6229.2,52.9,1078.6,0,60.4,1987.6,2048.0,56,N/A
2026-04-15 10:48:52.348,Translating だ．．．だめだよお光さんそんな体でどこへ！？,49.6,6237.2,53.0,1078.6,0,60.4,1987.6,2048.0,56,N/A
2026-04-15 10:48:52.849,Translating だ．．．だめだよお光さんそんな体でどこへ！？,50.0,6234.8,52.9,1078.6,0,60.4,1987.6,2048.0,56,N/A
2026-04-15 10:48:53.350,Translating だ．．．だめだよお光さんそんな体でどこへ！？,49.9,6239.3,53.0,1078.6,0,60.4,1987.6,2048.0,56,N/A
2026-04-15 10:48:53.851,Translating わかったから利息分くらいあたしがなんとかする！！だから今は体を休めて！！,50.4,6231.0,52.9,1078.6,0,60.4,1987.6,2048.0,56,N/A
2026-04-15 10:48:54.353,Translating わかったから利息分くらいあたしがなんとかする！！だから今は体を休めて！！,43.1,6228.7,52.9,1078.6,0,60.4,1987.6,2048.0,56,N/A
2026-04-15 10:48:54.854,Translating わかったから利息分くらいあたしがなんとかする！！だから今は体を休めて！！,50.2,6229.0,52.9,1078.6,0,60.4,1987.6,2048.0,56,N/A
2026-04-15 10:48:55.355,Translating わかったから利息分くらいあたしがなんとかする！！だから今は体を休めて！！,50.0,6228.6,52.9,1078.6,0,60.4,1987.6,2048.0,56,N/A
2026-04-15 10:48:55.856,Translating わかったから利息分くらいあたしがなんとかする！！だから今は体を休めて！！,50.0,6232.3,52.9,1078.6,0,60.4,1987.6,2048.0,56,N/A
2026-04-15 10:48:56.357,Translating わかったから利息分くらいあたしがなんとかする！！だから今は体を休めて！！,49.9,6220.8,52.8,1078.6,0,60.4,1987.6,2048.0,56,N/A
2026-04-15 10:48:56.858,Translating わかったから利息分くらいあたしがなんとかする！！だから今は体を休めて！！,49.9,6233.6,52.9,1078.6,0,60.4,1987.6,2048.0,56,N/A
2026-04-15 10:48:57.359,Translating わかったから利息分くらいあたしがなんとかする！！だから今は体を休めて！！,50.6,6219.8,52.8,1078.6,0,60.4,1987.6,2048.0,56,N/A
2026-04-15 10:48:57.861,Translating わかったから利息分くらいあたしがなんとかする！！だから今は体を休めて！！,50.0,6228.7,52.9,1078.6,0,60.4,1987.6,2048.0,56,N/A
2026-04-15 10:48:58.362,Translating わかったから利息分くらいあたしがなんとかする！！だから今は体を休めて！！,49.5,6232.7,52.9,1078.6,0,60.4,1987.6,2048.0,56,N/A
2026-04-15 10:48:58.863,Translating このまま放っておけば、命はなかったでしょう,43.1,6220.6,52.8,1078.6,0,60.4,1987.6,2048.0,56,N/A
2026-04-15 10:48:59.364,Translating このまま放っておけば、命はなかったでしょう,49.1,6219.9,52.8,1078.6,0,60.4,1987.6,2048.0,56,N/A
2026-04-15 10:48:59.865,Translating このまま放っておけば、命はなかったでしょう,50.9,6224.3,52.9,1078.6,0,60.4,1987.6,2048.0,56,N/A
2026-04-15 10:49:00.366,Translating このまま放っておけば、命はなかったでしょう,49.9,6224.4,52.9,1078.6,0,60.4,1987.6,2048.0,56,N/A
2026-04-15 10:49:00.867,Translating このまま放っておけば、命はなかったでしょう,50.0,6229.1,52.9,1078.6,0,60.4,1987.6,2048.0,56,N/A
2026-04-15 10:49:01.368,Translating このまま放っておけば、命はなかったでしょう,49.6,6212.8,52.8,1078.6,0,60.4,1987.6,2048.0,56,N/A
2026-04-15 10:49:01.869,Translating もうそれからはお幸ちゃんを取り戻すためになりふりかまわずサ,53.3,6232.8,52.9,1078.6,0,60.4,1987.6,2048.0,56,N/A
2026-04-15 10:49:02.370,Translating もうそれからはお幸ちゃんを取り戻すためになりふりかまわずサ,38.6,6227.2,52.9,1078.6,0,60.4,1987.6,2048.0,56,N/A
2026-04-15 10:49:02.871,Translating もうそれからはお幸ちゃんを取り戻すためになりふりかまわずサ,51.0,6229.6,52.9,1078.6,0,60.4,1987.6,2048.0,56,N/A
2026-04-15 10:49:03.372,Translating もうそれからはお幸ちゃんを取り戻すためになりふりかまわずサ,49.7,6229.6,52.9,1078.6,0,60.4,1987.6,2048.0,56,N/A
2026-04-15 10:49:03.873,Translating もうそれからはお幸ちゃんを取り戻すためになりふりかまわずサ,50.0,6231.3,52.9,1078.6,0,60.4,1987.6,2048.0,56,N/A
2026-04-15 10:49:04.375,Translating もうそれからはお幸ちゃんを取り戻すためになりふりかまわずサ,49.9,6231.7,52.9,1078.6,0,60.4,1987.6,2048.0,56,N/A
2026-04-15 10:49:04.876,Translating もうそれからはお幸ちゃんを取り戻すためになりふりかまわずサ,50.0,6231.9,52.9,1078.6,0,60.4,1987.6,2048.0,56,N/A
2026-04-15 10:49:05.377,Translating 随分と無理をしているみたいですな過労から肺炎を起こしてしる．．．,55.8,6232.6,52.9,1078.6,0,60.4,1987.6,2048.0,56,N/A
2026-04-15 10:49:05.878,Translating 随分と無理をしているみたいですな過労から肺炎を起こしてしる．．．,37.9,6254.2,53.1,1078.6,0,60.4,1987.6,2048.0,56,N/A
2026-04-15 10:49:06.379,Translating 随分と無理をしているみたいですな過労から肺炎を起こしてしる．．．,50.1,6254.2,53.1,1078.6,0,60.4,1987.6,2048.0,56,N/A
2026-04-15 10:49:06.880,Translating 随分と無理をしているみたいですな過労から肺炎を起こしてしる．．．,50.3,6254.7,53.1,1078.6,0,60.4,1987.6,2048.0,56,N/A
2026-04-15 10:49:07.382,Translating 随分と無理をしているみたいですな過労から肺炎を起こしてしる．．．,49.8,6258.7,53.2,1078.6,0,60.4,1987.6,2048.0,56,N/A
2026-04-15 10:49:07.883,Translating 随分と無理をしているみたいですな過労から肺炎を起こしてしる．．．,49.9,6255.4,53.1,1078.6,0,60.4,1987.6,2048.0,56,N/A
2026-04-15 10:49:08.384,Translating 随分と無理をしているみたいですな過労から肺炎を起こしてしる．．．,50.9,6257.3,53.1,1078.6,0,60.4,1987.6,2048.0,56,N/A
2026-04-15 10:49:08.885,Translating 随分と無理をしているみたいですな過労から肺炎を起こしてしる．．．,50.1,6261.7,53.2,1078.6,0,60.4,1987.6,2048.0,56,N/A
2026-04-15 10:49:09.387,Translating 随分と無理をしているみたいですな過労から肺炎を起こしてしる．．．,49.9,6261.9,53.2,1078.6,0,60.4,1987.6,2048.0,56,N/A
2026-04-15 10:49:09.888,Translating 随分と無理をしているみたいですな過労から肺炎を起こしてしる．．．,50.1,6262.1,53.2,1078.6,0,60.4,1987.6,2048.0,56,N/A
2026-04-15 10:49:10.389,Translating その時医者にかかった費用もバカンなんないくらいあってとうとう一人娘のお幸ちゃんを借金のカタに取られちゃったんだよ,42.4,6263.4,53.2,1078.6,0,60.4,1987.6,2048.0,56,N/A
2026-04-15 10:49:10.890,Translating その時医者にかかった費用もバカンなんないくらいあってとうとう一人娘のお幸ちゃんを借金のカタに取られちゃったんだよ,50.1,6263.4,53.2,1078.6,0,60.4,1987.6,2048.0,56,N/A
2026-04-15 10:49:11.391,Translating その時医者にかかった費用もバカンなんないくらいあってとうとう一人娘のお幸ちゃんを借金のカタに取られちゃったんだよ,50.1,6263.1,53.2,1078.6,0,60.4,1987.6,2048.0,56,N/A
2026-04-15 10:49:11.892,Translating その時医者にかかった費用もバカンなんないくらいあってとうとう一人娘のお幸ちゃんを借金のカタに取られちゃったんだよ,50.1,6262.4,53.2,1078.6,0,60.4,1987.6,2048.0,56,N/A
2026-04-15 10:49:12.393,Translating その時医者にかかった費用もバカンなんないくらいあってとうとう一人娘のお幸ちゃんを借金のカタに取られちゃったんだよ,50.1,6262.4,53.2,1078.6,0,60.4,1987.6,2048.0,56,N/A
2026-04-15 10:49:12.895,Translating その時医者にかかった費用もバカンなんないくらいあってとうとう一人娘のお幸ちゃんを借金のカタに取られちゃったんだよ,50.0,6261.4,53.2,1078.6,0,60.4,1987.6,2048.0,56,N/A
2026-04-15 10:49:13.396,Translating その時医者にかかった費用もバカンなんないくらいあってとうとう一人娘のお幸ちゃんを借金のカタに取られちゃったんだよ,50.3,6261.7,53.2,1078.6,0,60.4,1987.6,2048.0,56,N/A
2026-04-15 10:49:13.897,Translating その時医者にかかった費用もバカンなんないくらいあってとうとう一人娘のお幸ちゃんを借金のカタに取られちゃったんだよ,49.9,6261.3,53.2,1078.6,0,60.4,1987.6,2048.0,56,N/A
2026-04-15 10:49:14.398,Translating その時医者にかかった費用もバカンなんないくらいあってとうとう一人娘のお幸ちゃんを借金のカタに取られちゃったんだよ,50.2,6264.5,53.2,1078.6,0,60.4,1987.6,2048.0,56,N/A
2026-04-15 10:49:14.899,Translating その時医者にかかった費用もバカンなんないくらいあってとうとう一人娘のお幸ちゃんを借金のカタに取られちゃったんだよ,49.9,6254.2,53.1,1078.6,0,60.4,1987.6,2048.0,56,N/A
2026-04-15 10:49:15.400,Translating その時医者にかかった費用もバカンなんないくらいあってとうとう一人娘のお幸ちゃんを借金のカタに取られちゃったんだよ,49.9,6247.4,53.1,1078.6,0,60.4,1987.6,2048.0,56,N/A
2026-04-15 10:49:15.902,Translating その時医者にかかった費用もバカンなんないくらいあってとうとう一人娘のお幸ちゃんを借金のカタに取られちゃったんだよ,50.5,6249.5,53.1,1078.6,0,60.4,1987.6,2048.0,56,N/A
2026-04-15 10:49:16.403,Translating その時医者にかかった費用もバカンなんないくらいあってとうとう一人娘のお幸ちゃんを借金のカタに取られちゃったんだよ,49.9,6253.8,53.1,1078.6,0,60.4,1987.6,2048.0,56,N/A
2026-04-15 10:49:16.904,Translating いや！！急激な,57.3,6253.6,53.1,1078.6,0,60.4,1987.6,2048.0,56,N/A
2026-04-15 10:49:17.405,Translating いや！！急激な,33.5,6241.2,53.0,1078.6,0,60.4,1987.6,2048.0,56,N/A
2026-04-15 10:49:17.906,Translating いや！！急激な,50.1,6248.8,53.1,1078.6,0,60.4,1987.6,2048.0,56,N/A
2026-04-15 10:49:18.407,Translating いや！！急激な,50.6,6244.5,53.0,1078.6,0,60.4,1987.6,2048.0,56,N/A
2026-04-15 10:49:18.908,Translating お光ちゃんああ．．あの人は本当によくやってるよ前は親子三人で仲むつまじく暮らしてたんだけどね旦那が病気ンなって死んじゃってサ,57.3,6242.7,53.0,1078.6,0,60.4,1987.6,2048.0,56,N/A
2026-04-15 10:49:19.409,Translating お光ちゃんああ．．あの人は本当によくやってるよ前は親子三人で仲むつまじく暮らしてたんだけどね旦那が病気ンなって死んじゃってサ,34.4,6227.7,52.9,1078.6,0,60.4,1987.6,2048.0,56,N/A
2026-04-15 10:49:19.910,Translating お光ちゃんああ．．あの人は本当によくやってるよ前は親子三人で仲むつまじく暮らしてたんだけどね旦那が病気ンなって死んじゃってサ,50.1,6226.3,52.9,1078.6,0,60.4,1987.6,2048.0,56,N/A
2026-04-15 10:49:20.412,Translating お光ちゃんああ．．あの人は本当によくやってるよ前は親子三人で仲むつまじく暮らしてたんだけどね旦那が病気ンなって死んじゃってサ,50.1,6226.3,52.9,1078.6,0,60.4,1987.6,2048.0,56,N/A
2026-04-15 10:49:20.913,Translating お光ちゃんああ．．あの人は本当によくやってるよ前は親子三人で仲むつまじく暮らしてたんだけどね旦那が病気ンなって死んじゃってサ,50.3,6223.8,52.9,1078.6,0,60.4,1987.6,2048.0,56,N/A
2026-04-15 10:49:21.414,Translating お光ちゃんああ．．あの人は本当によくやってるよ前は親子三人で仲むつまじく暮らしてたんだけどね旦那が病気ンなって死んじゃってサ,50.1,6223.8,52.9,1078.6,0,60.4,1987.6,2048.0,56,N/A
2026-04-15 10:49:21.915,Translating お光ちゃんああ．．あの人は本当によくやってるよ前は親子三人で仲むつまじく暮らしてたんだけどね旦那が病気ンなって死んじゃってサ,50.1,6219.9,52.8,1078.6,0,60.4,1987.6,2048.0,56,N/A
2026-04-15 10:49:22.416,Translating お光ちゃんああ．．あの人は本当によくやってるよ前は親子三人で仲むつまじく暮らしてたんだけどね旦那が病気ンなって死んじゃってサ,49.6,6223.9,52.9,1078.6,0,60.4,1987.6,2048.0,56,N/A
2026-04-15 10:49:22.917,Translating お光ちゃんああ．．あの人は本当によくやってるよ前は親子三人で仲むつまじく暮らしてたんだけどね旦那が病気ンなって死んじゃってサ,51.1,6224.6,52.9,1078.6,0,60.4,1987.6,2048.0,56,N/A
2026-04-15 10:49:23.418,Translating お光ちゃんああ．．あの人は本当によくやってるよ前は親子三人で仲むつまじく暮らしてたんだけどね旦那が病気ンなって死んじゃってサ,49.9,6224.7,52.9,1078.6,0,60.4,1987.6,2048.0,56,N/A
2026-04-15 10:49:23.920,Translating お光ちゃんああ．．あの人は本当によくやってるよ前は親子三人で仲むつまじく暮らしてたんだけどね旦那が病気ンなって死んじゃってサ,49.7,6223.7,52.9,1078.6,0,60.4,1987.6,2048.0,56,N/A
2026-04-15 10:49:24.421,Translating お光ちゃんああ．．あの人は本当によくやってるよ前は親子三人で仲むつまじく暮らしてたんだけどね旦那が病気ンなって死んじゃってサ,49.9,6223.6,52.9,1078.6,0,60.4,1987.6,2048.0,56,N/A
2026-04-15 10:49:24.922,Translating お光ちゃんああ．．あの人は本当によくやってるよ前は親子三人で仲むつまじく暮らしてたんだけどね旦那が病気ンなって死んじゃってサ,50.6,6227.5,52.9,1078.6,0,60.4,1987.6,2048.0,56,N/A
2026-04-15 10:49:25.423,Translating お光ちゃんああ．．あの人は本当によくやってるよ前は親子三人で仲むつまじく暮らしてたんだけどね旦那が病気ンなって死んじゃってサ,49.7,6231.5,52.9,1078.6,0,60.4,1987.6,2048.0,56,N/A
2026-04-15 10:49:25.924,Translating お光ちゃんああ．．あの人は本当によくやってるよ前は親子三人で仲むつまじく暮らしてたんだけどね旦那が病気ンなって死んじゃってサ,50.0,6219.1,52.8,1078.6,0,60.4,1987.6,2048.0,56,N/A
2026-04-15 10:49:26.431,BubbleTypesetter._wrap_text_pixel_width,56.2,6202.2,52.7,1080.4,0,60.4,1987.6,2048.0,56,N/A
2026-04-15 10:49:26.989,BubbleTypesetter._process_bubble,12.4,6200.4,52.7,1085.6,0,60.4,1987.6,2048.0,56,N/A
2026-04-15 10:49:27.518,BubbleTypesetter._apply_cleaning,12.4,6200.3,52.7,1085.6,0,60.4,1987.6,2048.0,56,N/A
2026-04-15 10:49:28.024,BubbleTypesetter._wrap_text_pixel_width,12.9,6199.8,52.7,1085.6,0,60.4,1987.6,2048.0,56,N/A
2026-04-15 10:49:28.607,BubbleTypesetter._wrap_text_pixel_width,12.7,6199.5,52.6,1085.6,0,60.4,1987.6,2048.0,56,N/A
2026-04-15 10:49:29.199,BubbleTypesetter._wrap_text_pixel_width,12.7,6197.2,52.6,1085.6,0,60.4,1987.6,2048.0,56,N/A
2026-04-15 10:49:30.215,yolo_start,0.0,5320.4,45.2,41.4,0,58.3,1989.7,2048.0,56,N/A
2026-04-15 10:49:30.717,EngineOCRFactory._setup_engine,33.2,5464.9,46.4,307.7,0,58.3,1989.7,2048.0,56,N/A
2026-04-15 10:49:31.223,EngineOCRFactory._setup_engine,12.6,5532.7,47.0,375.5,0,58.3,1989.7,2048.0,55,N/A
2026-04-15 10:49:31.731,EngineOCRFactory._setup_engine,12.3,5566.7,47.3,419.1,0,58.3,1989.7,2048.0,55,N/A
2026-04-15 10:49:32.255,EngineOCRFactory._run,23.0,5784.3,49.1,610.3,0,60.4,1987.6,2048.0,55,N/A
2026-04-15 10:49:32.758,EngineOCRFactory._run,47.1,5855.0,49.7,689.6,0,60.4,1987.6,2048.0,56,N/A
2026-04-15 10:49:33.260,EngineOCRFactory._run,44.8,5892.6,50.0,714.7,0,60.4,1987.6,2048.0,56,N/A
2026-04-15 10:49:33.762,EngineOCRFactory._run,4.8,5905.1,50.1,720.2,0,60.4,1987.6,2048.0,56,N/A
2026-04-15 10:49:34.264,EngineOCRFactory._run,1.5,5904.4,50.1,722.8,0,60.4,1987.6,2048.0,55,N/A
2026-04-15 10:49:34.766,EngineOCRFactory._run,8.7,5947.4,50.5,780.8,0,60.4,1987.6,2048.0,55,N/A
2026-04-15 10:49:35.267,EngineOCRFactory._run,35.5,6090.6,51.7,927.5,0,60.4,1987.6,2048.0,55,N/A
2026-04-15 10:49:35.768,EngineOCRFactory._run,30.3,6202.4,52.7,1038.2,0,60.4,1987.6,2048.0,55,N/A
2026-04-15 10:49:36.269,EngineOCRFactory._run,31.2,6202.4,52.7,1041.3,0,60.4,1987.6,2048.0,55,N/A
2026-04-15 10:49:36.770,MangaOCRExtractor.extract from ./tmp/yolo-1024-95pbt-5pbv-cpu/crops_EvaLady_002_L/EvaLady_002_L_bubble_001.png,50.9,6254.1,53.1,1084.8,0,60.4,1987.6,2048.0,55,N/A
2026-04-15 10:49:37.271,MangaOCRExtractor.extract from ./tmp/yolo-1024-95pbt-5pbv-cpu/crops_EvaLady_002_L/EvaLady_002_L_bubble_003.png,51.9,6261.7,53.2,1094.1,0,60.4,1987.6,2048.0,56,N/A
2026-04-15 10:49:37.772,MangaOCRExtractor.extract from ./tmp/yolo-1024-95pbt-5pbv-cpu/crops_EvaLady_002_L/EvaLady_002_L_bubble_006.png,52.5,6262.2,53.2,1094.1,0,60.4,1987.6,2048.0,56,N/A
2026-04-15 10:49:38.273,MangaOCRExtractor.extract from ./tmp/yolo-1024-95pbt-5pbv-cpu/crops_EvaLady_002_L/EvaLady_002_L_bubble_007.png,51.0,6262.2,53.2,1094.1,0,60.4,1987.6,2048.0,56,N/A
2026-04-15 10:49:38.775,MangaOCRExtractor.extract from ./tmp/yolo-1024-95pbt-5pbv-cpu/crops_EvaLady_002_L/EvaLady_002_L_bubble_008.png,51.4,6263.9,53.2,1094.1,0,60.4,1987.6,2048.0,56,N/A
2026-04-15 10:49:39.276,MangaOCRExtractor.extract from ./tmp/yolo-1024-95pbt-5pbv-cpu/crops_EvaLady_002_R/EvaLady_002_R_bubble_010.png,51.8,6263.9,53.2,1094.1,0,60.4,1987.6,2048.0,57,N/A
2026-04-15 10:49:39.777,MangaOCRExtractor.extract from ./tmp/yolo-1024-95pbt-5pbv-cpu/crops_EvaLady_002_R/EvaLady_002_R_bubble_011.png,51.2,6264.1,53.2,1094.1,0,60.4,1987.6,2048.0,57,N/A
2026-04-15 10:49:40.286,MangaOCRExtractor.extract from ./tmp/yolo-1024-95pbt-5pbv-cpu/crops_EvaLady_002_R/EvaLady_002_R_bubble_013.png,52.2,6265.1,53.2,1094.2,0,60.4,1987.6,2048.0,57,N/A
2026-04-15 10:49:40.788,MangaOCRExtractor.extract from ./tmp/yolo-1024-95pbt-5pbv-cpu/crops_EvaLady_002_R/EvaLady_002_R_bubble_014.png,51.6,6265.1,53.2,1094.2,0,60.4,1987.6,2048.0,57,N/A
2026-04-15 10:49:41.289,MangaOCRExtractor.extract from ./tmp/yolo-1024-95pbt-5pbv-cpu/crops_EvaLady_002_R/EvaLady_002_R_bubble_015.png,51.0,6265.1,53.2,1094.2,0,60.4,1987.6,2048.0,56,N/A
2026-04-15 10:49:41.790,MangaOCRExtractor.extract from ./tmp/yolo-1024-95pbt-5pbv-cpu/crops_EvaLady_002_R/EvaLady_002_R_bubble_016.png,51.4,6265.1,53.2,1094.2,0,60.4,1987.6,2048.0,56,N/A
2026-04-15 10:49:42.293,MangaOCRExtractor.extract from ./tmp/yolo-1024-95pbt-5pbv-cpu/crops_EvaLady_002_R/EvaLady_002_R_bubble_016.png,35.7,6266.0,53.2,1099.2,0,60.4,1987.6,2048.0,56,N/A
2026-04-15 10:49:42.796,Translating チー．．,28.1,6290.8,53.4,1101.1,0,60.4,1987.6,2048.0,56,N/A
2026-04-15 10:49:43.297,Translating チー．．,50.4,6288.9,53.4,1101.1,0,60.4,1987.6,2048.0,56,N/A
2026-04-15 10:49:43.798,Translating ニュッテップしました,41.8,6292.2,53.4,1101.1,0,60.4,1987.6,2048.0,56,N/A
2026-04-15 10:49:44.299,Translating ニュッテップしました,49.9,6292.2,53.4,1101.1,0,60.4,1987.6,2048.0,56,N/A
2026-04-15 10:49:44.800,Translating ニュッテップしました,50.1,6292.5,53.4,1101.1,0,60.4,1987.6,2048.0,56,N/A
2026-04-15 10:49:45.301,Translating 勢い私も父が嫌いになってー,42.7,6269.0,53.2,1101.1,0,60.4,1987.6,2048.0,56,N/A
2026-04-15 10:49:45.802,Translating 勢い私も父が嫌いになってー,45.6,6261.1,53.2,1101.1,0,60.4,1987.6,2048.0,56,N/A
2026-04-15 10:49:46.303,Translating 勢い私も父が嫌いになってー,49.9,6260.7,53.2,1101.1,0,60.4,1987.6,2048.0,56,N/A
2026-04-15 10:49:46.804,Translating 勢い私も父が嫌いになってー,51.1,6260.6,53.2,1101.1,0,60.4,1987.6,2048.0,56,N/A
2026-04-15 10:49:47.306,Translating 勢い私も父が嫌いになってー,49.6,6260.3,53.2,1101.1,0,60.4,1987.6,2048.0,56,N/A
2026-04-15 10:49:47.807,Translating 星の船だ．．．,40.9,6276.5,53.3,1101.2,0,60.4,1987.6,2048.0,56,N/A
2026-04-15 10:49:48.308,Translating 星の船だ．．．,50.1,6274.4,53.3,1101.2,0,60.4,1987.6,2048.0,56,N/A
2026-04-15 10:49:48.809,Translating 星の船だ．．．,49.9,6274.1,53.3,1101.2,0,60.4,1987.6,2048.0,56,N/A
2026-04-15 10:49:49.310,Translating 星の船だ．．．,50.6,6276.7,53.3,1101.2,0,60.4,1987.6,2048.0,56,N/A
2026-04-15 10:49:49.812,Translating 教師でもある父は勉強もせず星を観てばかりいる兄を許せないらしい,40.4,6251.4,53.1,1101.2,0,60.4,1987.6,2048.0,56,N/A
2026-04-15 10:49:50.313,Translating 教師でもある父は勉強もせず星を観てばかりいる兄を許せないらしい,50.0,6250.1,53.1,1101.2,0,60.4,1987.6,2048.0,56,N/A
2026-04-15 10:49:50.814,Translating 教師でもある父は勉強もせず星を観てばかりいる兄を許せないらしい,50.3,6249.6,53.1,1101.2,0,60.4,1987.6,2048.0,56,N/A
2026-04-15 10:49:51.315,Translating 教師でもある父は勉強もせず星を観てばかりいる兄を許せないらしい,49.9,6248.9,53.1,1101.2,0,60.4,1987.6,2048.0,56,N/A
2026-04-15 10:49:51.816,Translating 教師でもある父は勉強もせず星を観てばかりいる兄を許せないらしい,49.8,6253.3,53.1,1101.2,0,60.4,1987.6,2048.0,56,N/A
2026-04-15 10:49:52.317,Translating 教師でもある父は勉強もせず星を観てばかりいる兄を許せないらしい,49.8,6252.4,53.1,1101.2,0,60.4,1987.6,2048.0,56,N/A
2026-04-15 10:49:52.818,Translating 教師でもある父は勉強もせず星を観てばかりいる兄を許せないらしい,50.9,6257.1,53.1,1101.2,0,60.4,1987.6,2048.0,56,N/A
2026-04-15 10:49:53.319,Translating 教師でもある父は勉強もせず星を観てばかりいる兄を許せないらしい,49.9,6256.4,53.1,1101.2,0,60.4,1987.6,2048.0,56,N/A
2026-04-15 10:49:53.821,Translating 教師でもある父は勉強もせず星を観てばかりいる兄を許せないらしい,50.3,6257.4,53.1,1101.2,0,60.4,1987.6,2048.0,56,N/A
2026-04-15 10:49:54.322,Translating 教師でもある父は勉強もせず星を観てばかりいる兄を許せないらしい,49.9,6264.6,53.2,1101.2,0,60.4,1987.6,2048.0,56,N/A
2026-04-15 10:49:54.823,Translating 教師でもある父は勉強もせず星を観てばかりいる兄を許せないらしい,50.2,6264.4,53.2,1101.2,0,60.4,1987.6,2048.0,56,N/A
2026-04-15 10:49:55.324,Translating ひょっとすると生物も．．．,56.4,6256.6,53.1,1101.2,0,60.4,1987.6,2048.0,56,N/A
2026-04-15 10:49:55.825,Translating ひょっとすると生物も．．．,35.2,6280.8,53.3,1101.2,0,60.4,1987.6,2048.0,56,N/A
2026-04-15 10:49:56.326,Translating ひょっとすると生物も．．．,49.9,6282.1,53.4,1101.2,0,60.4,1987.6,2048.0,56,N/A
2026-04-15 10:49:56.827,Translating ひょっとすると生物も．．．,50.1,6290.4,53.4,1101.2,0,60.4,1987.6,2048.0,56,N/A
2026-04-15 10:49:57.329,Translating 話があるちょっと来い,49.4,6280.2,53.3,1101.2,0,60.4,1987.6,2048.0,56,N/A
2026-04-15 10:49:57.829,Translating 話があるちょっと来い,44.9,6287.6,53.4,1101.2,0,60.4,1987.6,2048.0,56,N/A
2026-04-15 10:49:58.331,Translating 話があるちょっと来い,49.6,6291.0,53.4,1101.2,0,60.4,1987.6,2048.0,56,N/A
2026-04-15 10:49:58.832,Translating 話があるちょっと来い,49.7,6291.4,53.4,1101.2,0,60.4,1987.6,2048.0,56,N/A
2026-04-15 10:49:59.333,Translating 話があるちょっと来い,49.8,6277.3,53.3,1101.2,0,60.4,1987.6,2048.0,56,N/A
2026-04-15 10:49:59.834,Translating 待ってろ今土星がいい位置に．．．,53.9,6279.7,53.3,1101.2,0,60.4,1987.6,2048.0,56,N/A
2026-04-15 10:50:00.335,Translating 待ってろ今土星がいい位置に．．．,38.6,6282.1,53.4,1101.2,0,60.4,1987.6,2048.0,56,N/A
2026-04-15 10:50:00.836,Translating 待ってろ今土星がいい位置に．．．,50.1,6282.1,53.4,1101.2,0,60.4,1987.6,2048.0,56,N/A
2026-04-15 10:50:01.337,Translating 待ってろ今土星がいい位置に．．．,49.9,6280.7,53.3,1101.2,0,60.4,1987.6,2048.0,56,N/A
2026-04-15 10:50:01.838,Translating 待ってろ今土星がいい位置に．．．,50.0,6281.1,53.3,1101.2,0,60.4,1987.6,2048.0,56,N/A
2026-04-15 10:50:02.340,Translating 待ってろ今土星がいい位置に．．．,49.6,6279.7,53.3,1101.2,0,60.4,1987.6,2048.0,56,N/A
2026-04-15 10:50:02.841,Translating つかまえたぞ火星だ,55.9,6278.3,53.3,1101.2,0,60.4,1987.6,2048.0,56,N/A
2026-04-15 10:50:03.342,Translating つかまえたぞ火星だ,36.0,6274.2,53.3,1101.2,0,60.4,1987.6,2048.0,56,N/A
2026-04-15 10:50:03.843,Translating つかまえたぞ火星だ,50.4,6274.7,53.3,1101.2,0,60.4,1987.6,2048.0,56,N/A
2026-04-15 10:50:04.344,Translating つかまえたぞ火星だ,49.7,6273.8,53.3,1101.2,0,60.4,1987.6,2048.0,56,N/A
2026-04-15 10:50:04.845,Translating ハハ運河が見えたって人はいるけどね,46.9,6246.1,53.0,1101.2,0,60.4,1987.6,2048.0,56,N/A
2026-04-15 10:50:05.346,Translating ハハ運河が見えたって人はいるけどね,43.1,6245.3,53.0,1101.2,0,60.4,1987.6,2048.0,56,N/A
2026-04-15 10:50:05.847,Translating ハハ運河が見えたって人はいるけどね,50.2,6249.5,53.1,1101.2,0,60.4,1987.6,2048.0,56,N/A
2026-04-15 10:50:06.349,Translating ハハ運河が見えたって人はいるけどね,50.4,6246.5,53.0,1101.2,0,60.4,1987.6,2048.0,56,N/A
2026-04-15 10:50:06.850,Translating ハハ運河が見えたって人はいるけどね,50.3,6246.6,53.0,1101.2,0,60.4,1987.6,2048.0,56,N/A
2026-04-15 10:50:07.351,Translating ハハ運河が見えたって人はいるけどね,49.7,6246.3,53.0,1101.2,0,60.4,1987.6,2048.0,56,N/A
2026-04-15 10:50:07.852,Translating わぁ赤いんだね,50.0,6268.9,53.2,1101.2,0,60.4,1987.6,2048.0,56,N/A
2026-04-15 10:50:08.353,Translating わぁ赤いんだね,42.8,6245.0,53.0,1101.2,0,60.4,1987.6,2048.0,56,N/A
2026-04-15 10:50:08.854,Translating わぁ赤いんだね,50.0,6245.2,53.0,1101.2,0,60.4,1987.6,2048.0,56,N/A
2026-04-15 10:50:09.356,Translating わぁ赤いんだね,50.9,6238.6,53.0,1101.2,0,60.4,1987.6,2048.0,56,N/A
2026-04-15 10:50:09.857,Translating あそこにだれかいるの？おうちはあるかなぁ？,44.5,6268.3,53.2,1101.2,0,60.4,1987.6,2048.0,56,N/A
2026-04-15 10:50:10.358,Translating あそこにだれかいるの？おうちはあるかなぁ？,48.8,6275.5,53.3,1101.2,0,60.4,1987.6,2048.0,56,N/A
2026-04-15 10:50:10.859,Translating あそこにだれかいるの？おうちはあるかなぁ？,50.1,6275.8,53.3,1101.2,0,60.4,1987.6,2048.0,56,N/A
2026-04-15 10:50:11.360,Translating あそこにだれかいるの？おうちはあるかなぁ？,49.8,6279.8,53.3,1101.2,0,60.4,1987.6,2048.0,56,N/A
2026-04-15 10:50:11.861,Translating あそこにだれかいるの？おうちはあるかなぁ？,50.0,6272.7,53.3,1101.2,0,60.4,1987.6,2048.0,56,N/A
2026-04-15 10:50:12.362,Translating あそこにだれかいるの？おうちはあるかなぁ？,51.0,6269.0,53.2,1101.2,0,60.4,1987.6,2048.0,56,N/A
2026-04-15 10:50:12.863,Translating あそこにだれかいるの？おうちはあるかなぁ？,49.9,6270.9,53.3,1101.2,0,60.4,1987.6,2048.0,56,N/A
2026-04-15 10:50:13.365,Translating 紅いのは酸化してるからさ大昔は空気も水もあったんだ,53.1,6274.1,53.3,1101.2,0,60.4,1987.6,2048.0,56,N/A
2026-04-15 10:50:13.865,Translating 紅いのは酸化してるからさ大昔は空気も水もあったんだ,39.7,6258.6,53.2,1101.2,0,60.4,1987.6,2048.0,56,N/A
2026-04-15 10:50:14.367,Translating 紅いのは酸化してるからさ大昔は空気も水もあったんだ,50.1,6258.6,53.2,1101.2,0,60.4,1987.6,2048.0,56,N/A
2026-04-15 10:50:14.868,Translating 紅いのは酸化してるからさ大昔は空気も水もあったんだ,50.1,6258.8,53.2,1101.2,0,60.4,1987.6,2048.0,56,N/A
2026-04-15 10:50:15.369,Translating 紅いのは酸化してるからさ大昔は空気も水もあったんだ,50.4,6258.8,53.2,1101.2,0,60.4,1987.6,2048.0,56,N/A
2026-04-15 10:50:15.870,Translating 紅いのは酸化してるからさ大昔は空気も水もあったんだ,50.2,6253.5,53.1,1101.2,0,60.4,1987.6,2048.0,56,N/A
2026-04-15 10:50:16.371,Translating 紅いのは酸化してるからさ大昔は空気も水もあったんだ,49.7,6246.8,53.1,1101.2,0,60.4,1987.6,2048.0,56,N/A
2026-04-15 10:50:16.873,Translating 紅いのは酸化してるからさ大昔は空気も水もあったんだ,49.8,6238.5,53.0,1101.2,0,60.4,1987.6,2048.0,56,N/A
2026-04-15 10:50:17.374,Translating 紅いのは酸化してるからさ大昔は空気も水もあったんだ,50.5,6238.8,53.0,1101.2,0,60.4,1987.6,2048.0,56,N/A
2026-04-15 10:50:17.875,Translating 紅いのは酸化してるからさ大昔は空気も水もあったんだ,50.1,6239.7,53.0,1101.2,0,60.4,1987.6,2048.0,56,N/A
2026-04-15 10:50:18.376,BubbleTypesetter._apply_cleaning,54.4,6240.8,53.0,1101.3,0,60.4,1987.6,2048.0,56,N/A
2026-04-15 10:50:18.882,BubbleTypesetter._process_bubble,22.7,6241.1,53.0,1108.2,0,60.4,1987.6,2048.0,56,N/A
2026-04-15 10:50:19.393,BubbleTypesetter._apply_cleaning,12.5,6241.1,53.0,1108.2,0,60.4,1987.6,2048.0,56,N/A
2026-04-15 10:50:19.899,BubbleTypesetter._process_bubble,12.6,6240.3,53.0,1108.2,0,60.4,1987.6,2048.0,56,N/A
2026-04-15 10:50:20.419,BubbleTypesetter._apply_cleaning,12.9,6240.3,53.0,1108.2,0,60.4,1987.6,2048.0,56,N/A
2026-04-15 10:50:21.573,yolo_start,0.0,5347.2,45.4,41.3,0,58.3,1989.7,2048.0,56,N/A
2026-04-15 10:50:22.074,EngineOCRFactory._setup_engine,35.1,5491.0,46.6,314.8,0,58.3,1989.7,2048.0,56,N/A
2026-04-15 10:50:22.586,EngineOCRFactory._setup_engine,12.3,5555.0,47.2,379.7,0,58.3,1989.7,2048.0,56,N/A
2026-04-15 10:50:23.103,EngineOCRFactory._setup_engine,12.4,5580.3,47.4,421.0,0,58.3,1989.7,2048.0,56,N/A
2026-04-15 10:50:23.604,EngineOCRFactory._run,24.4,5829.7,49.5,656.6,0,60.4,1987.6,2048.0,55,N/A
2026-04-15 10:50:24.106,EngineOCRFactory._run,46.5,5881.9,50.0,706.5,0,60.4,1987.6,2048.0,56,N/A
2026-04-15 10:50:24.607,EngineOCRFactory._run,44.3,5867.6,49.8,690.2,0,60.4,1987.6,2048.0,56,N/A
2026-04-15 10:50:25.109,EngineOCRFactory._run,5.2,5876.4,49.9,695.6,0,60.4,1987.6,2048.0,56,N/A
2026-04-15 10:50:25.611,EngineOCRFactory._run,2.5,5878.1,49.9,698.6,0,60.4,1987.6,2048.0,56,N/A
2026-04-15 10:50:26.114,EngineOCRFactory._run,13.9,6140.6,52.1,947.1,0,60.4,1987.6,2048.0,55,N/A
2026-04-15 10:50:26.615,EngineOCRFactory._run,50.1,6140.6,52.1,947.1,0,60.4,1987.6,2048.0,55,N/A
2026-04-15 10:50:27.117,EngineOCRFactory._run,21.4,6253.3,53.1,1481.7,0,60.4,1987.6,2048.0,56,N/A
2026-04-15 10:50:27.618,EngineOCRFactory._run,39.5,6297.9,53.5,1097.2,0,60.4,1987.6,2048.0,55,N/A
2026-04-15 10:50:28.119,MangaOCRExtractor.extract from ./tmp/yolo-1024-95pbt-5pbv-cpu/crops_EvaLady_003_L/EvaLady_003_L_bubble_002.png,51.9,6304.2,53.5,1106.6,0,60.4,1987.6,2048.0,56,N/A
2026-04-15 10:50:28.620,MangaOCRExtractor.extract from ./tmp/yolo-1024-95pbt-5pbv-cpu/crops_EvaLady_003_L/EvaLady_003_L_bubble_004.png,51.6,6304.2,53.5,1106.6,0,60.4,1987.6,2048.0,56,N/A
2026-04-15 10:50:29.122,MangaOCRExtractor.extract from ./tmp/yolo-1024-95pbt-5pbv-cpu/crops_EvaLady_003_R/EvaLady_003_R_bubble_006.png,51.7,6302.1,53.5,1106.6,0,60.4,1987.6,2048.0,56,N/A
2026-04-15 10:50:29.623,MangaOCRExtractor.extract from ./tmp/yolo-1024-95pbt-5pbv-cpu/crops_EvaLady_003_R/EvaLady_003_R_bubble_008.png,51.6,6302.1,53.5,1106.6,0,60.4,1987.6,2048.0,56,N/A
2026-04-15 10:50:30.124,MangaOCRExtractor.extract from ./tmp/yolo-1024-95pbt-5pbv-cpu/crops_EvaLady_003_R/EvaLady_003_R_bubble_010.png,52.7,6300.3,53.5,1106.6,0,60.4,1987.6,2048.0,57,N/A
2026-04-15 10:50:30.626,MangaOCRExtractor.extract from ./tmp/yolo-1024-95pbt-5pbv-cpu/crops_EvaLady_003_R/EvaLady_003_R_bubble_011.png,51.1,6300.3,53.5,1106.7,0,60.4,1987.6,2048.0,57,N/A
2026-04-15 10:50:31.127,MangaOCRExtractor.extract from ./tmp/yolo-1024-95pbt-5pbv-cpu/crops_EvaLady_003_R/EvaLady_003_R_bubble_012.png,51.1,6300.0,53.5,1109.0,0,60.4,1987.6,2048.0,57,N/A
2026-04-15 10:50:31.628,MangaOCRExtractor.extract from ./tmp/yolo-1024-95pbt-5pbv-cpu/crops_EvaLady_003_R/EvaLady_003_R_bubble_013.png,51.2,6300.2,53.5,1109.0,0,60.4,1987.6,2048.0,57,N/A
2026-04-15 10:50:32.130,MangaOCRExtractor.extract from ./tmp/yolo-1024-95pbt-5pbv-cpu/crops_EvaLady_003_R/EvaLady_003_R_bubble_013.png,34.6,6292.5,53.4,1115.2,0,60.4,1987.6,2048.0,56,N/A
2026-04-15 10:50:32.634,Translating ん？,30.8,6287.2,53.4,1116.0,0,60.4,1987.6,2048.0,56,N/A
2026-04-15 10:50:33.135,Translating これだー！！！,54.5,6288.7,53.4,1116.0,0,60.4,1987.6,2048.0,56,N/A
2026-04-15 10:50:33.636,Translating これだー！！！,38.3,6295.1,53.5,1116.0,0,60.4,1987.6,2048.0,56,N/A
2026-04-15 10:50:34.137,Translating これだー！！！,50.1,6293.3,53.4,1116.0,0,60.4,1987.6,2048.0,56,N/A
2026-04-15 10:50:34.638,Translating アタタ,43.9,6289.0,53.4,1116.0,0,60.4,1987.6,2048.0,56,N/A
2026-04-15 10:50:35.139,Translating アタタ,49.0,6287.6,53.4,1116.0,0,60.4,1987.6,2048.0,56,N/A
2026-04-15 10:50:35.640,Translating でもなぁ．．．,50.8,6276.7,53.3,1116.0,0,60.4,1987.6,2048.0,56,N/A
2026-04-15 10:50:36.141,Translating でもなぁ．．．,40.5,6297.2,53.5,1116.0,0,60.4,1987.6,2048.0,56,N/A
2026-04-15 10:50:36.642,Translating でもなぁ．．．,50.0,6297.5,53.5,1116.0,0,60.4,1987.6,2048.0,56,N/A
2026-04-15 10:50:37.143,Translating 何か違う,57.5,6304.5,53.5,1116.0,0,60.4,1987.6,2048.0,56,N/A
2026-04-15 10:50:37.645,Translating 何か違う,33.9,6272.9,53.3,1116.0,0,60.4,1987.6,2048.0,56,N/A
2026-04-15 10:50:38.146,Translating 何か違う,49.9,6268.1,53.2,1116.0,0,60.4,1987.6,2048.0,56,N/A
2026-04-15 10:50:38.647,Translating ご苦労さん数明クン,57.0,6280.1,53.3,1116.0,0,60.4,1987.6,2048.0,56,N/A
2026-04-15 10:50:39.148,Translating ご苦労さん数明クン,33.2,6284.0,53.4,1116.0,0,60.4,1987.6,2048.0,56,N/A
2026-04-15 10:50:39.649,Translating ご苦労さん数明クン,50.2,6286.5,53.4,1116.0,0,60.4,1987.6,2048.0,56,N/A
2026-04-15 10:50:40.150,Translating ご苦労さん数明クン,50.0,6290.2,53.4,1116.0,0,60.4,1987.6,2048.0,56,N/A
2026-04-15 10:50:40.652,Translating じゃリボートは明日中に,54.8,6285.7,53.4,1116.0,0,60.4,1987.6,2048.0,56,N/A
2026-04-15 10:50:41.153,Translating じゃリボートは明日中に,38.6,6295.2,53.5,1116.0,0,60.4,1987.6,2048.0,56,N/A
2026-04-15 10:50:41.654,Translating じゃリボートは明日中に,50.1,6295.4,53.5,1116.0,0,60.4,1987.6,2048.0,56,N/A
2026-04-15 10:50:42.155,Translating じゃリボートは明日中に,50.3,6285.0,53.4,1116.0,0,60.4,1987.6,2048.0,56,N/A
2026-04-15 10:50:42.657,Translating じゃリボートは明日中に,49.8,6289.3,53.4,1116.0,0,60.4,1987.6,2048.0,56,N/A
2026-04-15 10:50:43.158,Translating 私の夢はこんなんじゃ．．．,50.8,6298.3,53.5,1116.0,0,60.4,1987.6,2048.0,56,N/A
2026-04-15 10:50:43.658,Translating 私の夢はこんなんじゃ．．．,41.7,6299.0,53.5,1116.0,0,60.4,1987.6,2048.0,56,N/A
2026-04-15 10:50:44.160,Translating 私の夢はこんなんじゃ．．．,50.2,6293.5,53.4,1116.0,0,60.4,1987.6,2048.0,56,N/A
2026-04-15 10:50:44.661,Translating 私の夢はこんなんじゃ．．．,49.6,6293.4,53.4,1116.0,0,60.4,1987.6,2048.0,56,N/A
2026-04-15 10:50:45.162,Translating フィーバック係数右起動軸から読みます,49.0,6285.0,53.4,1116.0,0,60.4,1987.6,2048.0,56,N/A
2026-04-15 10:50:45.663,Translating フィーバック係数右起動軸から読みます,44.1,6280.9,53.3,1116.0,0,60.4,1987.6,2048.0,56,N/A
2026-04-15 10:50:46.164,Translating フィーバック係数右起動軸から読みます,50.2,6280.5,53.3,1116.0,0,60.4,1987.6,2048.0,56,N/A
2026-04-15 10:50:46.666,Translating フィーバック係数右起動軸から読みます,50.8,6280.1,53.3,1116.0,0,60.4,1987.6,2048.0,56,N/A
2026-04-15 10:50:47.167,Translating フィーバック係数右起動軸から読みます,50.0,6266.6,53.2,1116.0,0,60.4,1987.6,2048.0,56,N/A
2026-04-15 10:50:47.668,Translating フィーバック係数右起動軸から読みます,50.0,6270.8,53.3,1116.0,0,60.4,1987.6,2048.0,56,N/A
2026-04-15 10:50:48.169,Translating 私は主由機器やシーズンがで開発品評価担当員となった,43.8,6255.4,53.1,1116.1,0,60.4,1987.6,2048.0,56,N/A
2026-04-15 10:50:48.670,Translating 私は主由機器やシーズンがで開発品評価担当員となった,50.5,6252.9,53.1,1116.1,0,60.4,1987.6,2048.0,56,N/A
2026-04-15 10:50:49.171,Translating 私は主由機器やシーズンがで開発品評価担当員となった,50.1,6256.4,53.1,1116.1,0,60.4,1987.6,2048.0,56,N/A
2026-04-15 10:50:49.672,Translating 私は主由機器やシーズンがで開発品評価担当員となった,49.7,6256.9,53.1,1116.1,0,60.4,1987.6,2048.0,56,N/A
2026-04-15 10:50:50.173,Translating 私は主由機器やシーズンがで開発品評価担当員となった,51.0,6266.5,53.2,1116.1,0,60.4,1987.6,2048.0,56,N/A
2026-04-15 10:50:50.675,Translating 私は主由機器やシーズンがで開発品評価担当員となった,49.6,6266.8,53.2,1116.1,0,60.4,1987.6,2048.0,56,N/A
2026-04-15 10:50:51.176,Translating 私は主由機器やシーズンがで開発品評価担当員となった,50.1,6269.8,53.2,1116.1,0,60.4,1987.6,2048.0,56,N/A
2026-04-15 10:50:51.677,BubbleTypesetter._apply_cleaning,33.8,6271.7,53.3,1123.0,0,60.4,1987.6,2048.0,56,N/A
2026-04-15 10:50:52.183,BubbleTypesetter._process_bubble,13.0,6272.4,53.3,1123.0,0,60.4,1987.6,2048.0,56,N/A
2026-04-15 10:50:52.690,BubbleTypesetter._wrap_text_pixel_width,12.5,6272.4,53.3,1123.0,0,60.4,1987.6,2048.0,56,N/A
2026-04-15 10:50:53.739,yolo_start,0.0,5350.0,45.4,41.4,0,58.3,1989.7,2048.0,56,N/A
2026-04-15 10:50:54.262,EngineOCRFactory._setup_engine,34.8,5493.1,46.7,316.4,0,58.3,1989.7,2048.0,56,N/A
2026-04-15 10:50:54.771,EngineOCRFactory._setup_engine,12.7,5561.4,47.2,379.8,0,58.3,1989.7,2048.0,55,N/A
2026-04-15 10:50:55.281,EngineOCRFactory._setup_engine,12.2,5586.8,47.4,422.6,0,58.3,1989.7,2048.0,55,N/A
2026-04-15 10:50:55.786,EngineOCRFactory._run,25.7,5869.5,49.8,647.5,0,60.4,1987.6,2048.0,55,N/A
2026-04-15 10:50:56.287,EngineOCRFactory._run,48.9,5861.1,49.8,646.3,0,60.4,1987.6,2048.0,56,N/A
2026-04-15 10:50:56.788,EngineOCRFactory._run,40.6,5876.0,49.9,657.4,0,60.4,1987.6,2048.0,56,N/A
2026-04-15 10:50:57.291,EngineOCRFactory._run,3.7,5874.5,49.9,658.1,0,60.4,1987.6,2048.0,56,N/A
2026-04-15 10:50:57.793,EngineOCRFactory._run,2.0,5875.0,49.9,661.1,0,60.4,1987.6,2048.0,56,N/A
2026-04-15 10:50:58.297,EngineOCRFactory._run,12.7,6111.4,51.9,918.1,0,60.4,1987.6,2048.0,55,N/A
2026-04-15 10:50:58.798,EngineOCRFactory._run,49.4,6119.3,52.0,924.1,0,60.4,1987.6,2048.0,55,N/A
2026-04-15 10:50:59.299,EngineOCRFactory._run,23.2,6222.5,52.8,1458.7,0,60.4,1987.6,2048.0,55,N/A
2026-04-15 10:50:59.800,EngineOCRFactory._run,39.2,6258.1,53.1,1074.3,0,60.4,1987.6,2048.0,55,N/A
2026-04-15 10:51:00.301,MangaOCRExtractor.extract from ./tmp/yolo-1024-95pbt-5pbv-cpu/crops_Hamlet_009_L/Hamlet_009_L_bubble_002.png,51.9,6258.8,53.2,1074.4,0,60.4,1987.6,2048.0,56,N/A
2026-04-15 10:51:00.802,MangaOCRExtractor.extract from ./tmp/yolo-1024-95pbt-5pbv-cpu/crops_Hamlet_009_L/Hamlet_009_L_bubble_004.png,51.6,6261.3,53.2,1076.7,0,60.4,1987.6,2048.0,56,N/A
2026-04-15 10:51:01.303,MangaOCRExtractor.extract from ./tmp/yolo-1024-95pbt-5pbv-cpu/crops_Hamlet_009_L/Hamlet_009_L_bubble_006.png,51.6,6262.7,53.2,1079.1,0,60.4,1987.6,2048.0,56,N/A
2026-04-15 10:51:01.804,MangaOCRExtractor.extract from ./tmp/yolo-1024-95pbt-5pbv-cpu/crops_Hamlet_009_L/Hamlet_009_L_bubble_008.png,51.6,6262.7,53.2,1079.1,0,60.4,1987.6,2048.0,56,N/A
2026-04-15 10:51:02.305,MangaOCRExtractor.extract from ./tmp/yolo-1024-95pbt-5pbv-cpu/crops_Hamlet_009_L/Hamlet_009_L_bubble_009.png,50.9,6262.9,53.2,1079.1,0,60.4,1987.6,2048.0,57,N/A
2026-04-15 10:51:02.806,MangaOCRExtractor.extract from ./tmp/yolo-1024-95pbt-5pbv-cpu/crops_Hamlet_009_L/Hamlet_009_L_bubble_010.png,51.4,6263.1,53.2,1079.1,0,60.4,1987.6,2048.0,57,N/A
2026-04-15 10:51:03.308,MangaOCRExtractor.extract from ./tmp/yolo-1024-95pbt-5pbv-cpu/crops_Hamlet_009_L/Hamlet_009_L_bubble_011.png,51.3,6262.6,53.2,1079.1,0,60.4,1987.6,2048.0,57,N/A
2026-04-15 10:51:03.809,MangaOCRExtractor.extract from ./tmp/yolo-1024-95pbt-5pbv-cpu/crops_Hamlet_009_L/Hamlet_009_L_bubble_012.png,51.7,6264.0,53.2,1079.1,0,60.4,1987.6,2048.0,57,N/A
2026-04-15 10:51:04.310,MangaOCRExtractor.extract from ./tmp/yolo-1024-95pbt-5pbv-cpu/crops_Hamlet_009_L/Hamlet_009_L_bubble_013.png,51.1,6266.7,53.2,1081.5,0,60.4,1987.6,2048.0,57,N/A
2026-04-15 10:51:04.811,MangaOCRExtractor.extract from ./tmp/yolo-1024-95pbt-5pbv-cpu/crops_Hamlet_009_R/Hamlet_009_R_bubble_014.png,51.1,6266.7,53.2,1081.5,0,60.4,1987.6,2048.0,57,N/A
2026-04-15 10:51:05.312,MangaOCRExtractor.extract from ./tmp/yolo-1024-95pbt-5pbv-cpu/crops_Hamlet_009_R/Hamlet_009_R_bubble_016.png,52.8,6264.9,53.2,1081.5,0,60.4,1987.6,2048.0,57,N/A
2026-04-15 10:51:05.814,MangaOCRExtractor.extract from ./tmp/yolo-1024-95pbt-5pbv-cpu/crops_Hamlet_009_R/Hamlet_009_R_bubble_017.png,51.2,6264.9,53.2,1081.5,0,60.4,1987.6,2048.0,57,N/A
2026-04-15 10:51:06.315,MangaOCRExtractor.extract from ./tmp/yolo-1024-95pbt-5pbv-cpu/crops_Hamlet_009_R/Hamlet_009_R_bubble_019.png,52.5,6263.9,53.2,1081.5,0,60.4,1987.6,2048.0,56,N/A
2026-04-15 10:51:06.816,MangaOCRExtractor.extract from ./tmp/yolo-1024-95pbt-5pbv-cpu/crops_Hamlet_009_R/Hamlet_009_R_bubble_020.png,51.2,6264.2,53.2,1081.5,0,60.4,1987.6,2048.0,57,N/A
2026-04-15 10:51:07.317,MangaOCRExtractor.extract from ./tmp/yolo-1024-95pbt-5pbv-cpu/crops_Hamlet_009_R/Hamlet_009_R_bubble_021.png,51.5,6266.6,53.2,1083.8,0,60.4,1987.6,2048.0,56,N/A
2026-04-15 10:51:07.818,MangaOCRExtractor.extract from ./tmp/yolo-1024-95pbt-5pbv-cpu/crops_Hamlet_009_R/Hamlet_009_R_bubble_022.png,51.1,6266.6,53.2,1083.8,0,60.4,1987.6,2048.0,56,N/A
2026-04-15 10:51:08.319,MangaOCRExtractor.extract from ./tmp/yolo-1024-95pbt-5pbv-cpu/crops_Hamlet_009_R/Hamlet_009_R_bubble_023.png,51.2,6265.1,53.2,1083.8,0,60.4,1987.6,2048.0,56,N/A
2026-04-15 10:51:08.821,Translating やーん,31.3,6269.2,53.2,1090.7,0,60.4,1987.6,2048.0,56,N/A
2026-04-15 10:51:09.322,Translating やーん,32.8,6290.6,53.4,1090.7,0,60.4,1987.6,2048.0,56,N/A
2026-04-15 10:51:09.823,Translating やーん,51.0,6291.6,53.4,1090.7,0,60.4,1987.6,2048.0,56,N/A
2026-04-15 10:51:10.324,Translating だれだっ,45.1,6290.0,53.4,1090.7,0,60.4,1987.6,2048.0,56,N/A
2026-04-15 10:51:10.825,Translating だれだっ,47.2,6272.4,53.3,1090.7,0,60.4,1987.6,2048.0,56,N/A
2026-04-15 10:51:11.326,Translating だれだっ,50.0,6275.9,53.3,1090.7,0,60.4,1987.6,2048.0,56,N/A
2026-04-15 10:51:11.827,Translating ホレーショですっ,42.5,6268.9,53.2,1090.7,0,60.4,1987.6,2048.0,56,N/A
2026-04-15 10:51:12.328,Translating ホレーショですっ,50.4,6269.1,53.2,1090.7,0,60.4,1987.6,2048.0,56,N/A
2026-04-15 10:51:12.829,Translating ホレーショですっ,49.6,6274.1,53.3,1090.7,0,60.4,1987.6,2048.0,56,N/A
2026-04-15 10:51:13.331,Translating またあとでねっ,40.9,6285.4,53.4,1090.7,0,60.4,1987.6,2048.0,56,N/A
2026-04-15 10:51:13.832,Translating またあとでねっ,50.0,6285.4,53.4,1090.7,0,60.4,1987.6,2048.0,56,N/A
2026-04-15 10:51:14.333,Translating またあとでねっ,50.0,6284.4,53.4,1090.7,0,60.4,1987.6,2048.0,56,N/A
2026-04-15 10:51:14.834,Translating お話がありますこちらへ,40.9,6289.6,53.4,1090.7,0,60.4,1987.6,2048.0,56,N/A
2026-04-15 10:51:15.335,Translating お話がありますこちらへ,49.5,6288.2,53.4,1090.7,0,60.4,1987.6,2048.0,56,N/A
2026-04-15 10:51:15.836,Translating お話がありますこちらへ,49.7,6288.2,53.4,1090.7,0,60.4,1987.6,2048.0,56,N/A
2026-04-15 10:51:16.337,Translating お話がありますこちらへ,50.6,6286.6,53.4,1090.7,0,60.4,1987.6,2048.0,56,N/A
2026-04-15 10:51:16.838,Translating お話がありますこちらへ,49.6,6290.8,53.4,1090.7,0,60.4,1987.6,2048.0,56,N/A
2026-04-15 10:51:17.340,Translating お耳をじつは,43.0,6270.3,53.3,1090.8,0,60.4,1987.6,2048.0,56,N/A
2026-04-15 10:51:17.841,Translating お耳をじつは,49.9,6270.5,53.3,1090.8,0,60.4,1987.6,2048.0,56,N/A
2026-04-15 10:51:18.342,Translating お耳をじつは,50.4,6275.3,53.3,1090.8,0,60.4,1987.6,2048.0,56,N/A
2026-04-15 10:51:18.843,Translating お耳をじつは,51.0,6275.2,53.3,1090.8,0,60.4,1987.6,2048.0,56,N/A
2026-04-15 10:51:19.344,Translating 話とはなんだホーレン草,40.9,6264.8,53.2,1090.8,0,60.4,1987.6,2048.0,56,N/A
2026-04-15 10:51:19.845,Translating 話とはなんだホーレン草,49.6,6264.8,53.2,1090.8,0,60.4,1987.6,2048.0,56,N/A
2026-04-15 10:51:20.346,Translating 話とはなんだホーレン草,50.0,6266.1,53.2,1090.8,0,60.4,1987.6,2048.0,56,N/A
2026-04-15 10:51:20.848,Translating 話とはなんだホーレン草,49.8,6266.2,53.2,1090.8,0,60.4,1987.6,2048.0,56,N/A
2026-04-15 10:51:21.351,Translating 人のなにをただ見しとるやつは,53.7,6262.7,53.2,1090.8,0,60.4,1987.6,2048.0,56,N/A
2026-04-15 10:51:21.852,Translating 人のなにをただ見しとるやつは,38.4,6247.1,53.1,1090.8,0,60.4,1987.6,2048.0,56,N/A
2026-04-15 10:51:22.353,Translating 人のなにをただ見しとるやつは,50.2,6234.0,52.9,1090.8,0,60.4,1987.6,2048.0,56,N/A
2026-04-15 10:51:22.854,Translating 人のなにをただ見しとるやつは,49.9,6242.0,53.0,1090.8,0,60.4,1987.6,2048.0,56,N/A
2026-04-15 10:51:23.356,Translating 人のなにをただ見しとるやつは,50.1,6241.5,53.0,1090.8,0,60.4,1987.6,2048.0,56,N/A
2026-04-15 10:51:23.857,Translating 人のなにをただ見しとるやつは,49.6,6241.5,53.0,1090.8,0,60.4,1987.6,2048.0,56,N/A
2026-04-15 10:51:24.358,Translating このマンガやたらと人物がでてややこしいなァ．．．,40.1,6246.9,53.1,1090.8,0,60.4,1987.6,2048.0,56,N/A
2026-04-15 10:51:24.859,Translating このマンガやたらと人物がでてややこしいなァ．．．,50.0,6246.6,53.0,1090.8,0,60.4,1987.6,2048.0,56,N/A
2026-04-15 10:51:25.360,Translating このマンガやたらと人物がでてややこしいなァ．．．,50.4,6247.3,53.1,1090.8,0,60.4,1987.6,2048.0,56,N/A
2026-04-15 10:51:25.861,Translating このマンガやたらと人物がでてややこしいなァ．．．,50.2,6247.6,53.1,1090.8,0,60.4,1987.6,2048.0,56,N/A
2026-04-15 10:51:26.362,Translating このマンガやたらと人物がでてややこしいなァ．．．,50.3,6252.4,53.1,1090.8,0,60.4,1987.6,2048.0,56,N/A
2026-04-15 10:51:26.864,Translating このマンガやたらと人物がでてややこしいなァ．．．,49.6,6253.6,53.1,1090.8,0,60.4,1987.6,2048.0,56,N/A
2026-04-15 10:51:27.365,Translating このマンガやたらと人物がでてややこしいなァ．．．,50.1,6244.6,53.0,1090.8,0,60.4,1987.6,2048.0,56,N/A
2026-04-15 10:51:27.866,Translating オフェリアさんはポロニアスさんの子どもでレアチーズの妹なのです,47.6,6261.9,53.2,1090.8,0,60.4,1987.6,2048.0,56,N/A
2026-04-15 10:51:28.367,Translating オフェリアさんはポロニアスさんの子どもでレアチーズの妹なのです,43.8,6273.4,53.3,1090.8,0,60.4,1987.6,2048.0,56,N/A
2026-04-15 10:51:28.868,Translating オフェリアさんはポロニアスさんの子どもでレアチーズの妹なのです,50.1,6273.4,53.3,1090.8,0,60.4,1987.6,2048.0,56,N/A
2026-04-15 10:51:29.369,Translating オフェリアさんはポロニアスさんの子どもでレアチーズの妹なのです,50.0,6275.9,53.3,1090.8,0,60.4,1987.6,2048.0,56,N/A
2026-04-15 10:51:29.871,Translating オフェリアさんはポロニアスさんの子どもでレアチーズの妹なのです,50.0,6280.1,53.3,1090.8,0,60.4,1987.6,2048.0,56,N/A
2026-04-15 10:51:30.372,Translating オフェリアさんはポロニアスさんの子どもでレアチーズの妹なのです,50.0,6280.8,53.3,1090.8,0,60.4,1987.6,2048.0,56,N/A
2026-04-15 10:51:30.873,Translating オフェリアさんはポロニアスさんの子どもでレアチーズの妹なのです,50.6,6282.0,53.3,1090.8,0,60.4,1987.6,2048.0,56,N/A
2026-04-15 10:51:31.374,Translating オフェリアさんはポロニアスさんの子どもでレアチーズの妹なのです,50.0,6272.7,53.3,1090.8,0,60.4,1987.6,2048.0,56,N/A
2026-04-15 10:51:31.875,Translating あなたの伝記をしたためておるホレーショですっ,49.2,6256.3,53.1,1090.8,0,60.4,1987.6,2048.0,56,N/A
2026-04-15 10:51:32.376,Translating あなたの伝記をしたためておるホレーショですっ,42.7,6256.4,53.1,1090.8,0,60.4,1987.6,2048.0,56,N/A
2026-04-15 10:51:32.877,Translating あなたの伝記をしたためておるホレーショですっ,50.1,6256.4,53.1,1090.8,0,60.4,1987.6,2048.0,56,N/A
2026-04-15 10:51:33.379,Translating あなたの伝記をしたためておるホレーショですっ,49.8,6261.4,53.2,1090.8,0,60.4,1987.6,2048.0,56,N/A
2026-04-15 10:51:33.880,Translating あなたの伝記をしたためておるホレーショですっ,50.6,6261.4,53.2,1090.8,0,60.4,1987.6,2048.0,56,N/A
2026-04-15 10:51:34.381,Translating あなたの伝記をしたためておるホレーショですっ,49.8,6262.1,53.2,1090.8,0,60.4,1987.6,2048.0,56,N/A
2026-04-15 10:51:34.882,Translating これが恋人としてのハムレットの最後とはオフェリアは知るはずもなかった,50.3,6248.8,53.1,1090.8,0,60.4,1987.6,2048.0,56,N/A
2026-04-15 10:51:35.383,Translating これが恋人としてのハムレットの最後とはオフェリアは知るはずもなかった,42.2,6255.1,53.1,1090.8,0,60.4,1987.6,2048.0,56,N/A
2026-04-15 10:51:35.884,Translating これが恋人としてのハムレットの最後とはオフェリアは知るはずもなかった,50.6,6256.7,53.1,1090.8,0,60.4,1987.6,2048.0,56,N/A
2026-04-15 10:51:36.385,Translating これが恋人としてのハムレットの最後とはオフェリアは知るはずもなかった,50.3,6257.7,53.1,1090.8,0,60.4,1987.6,2048.0,56,N/A
2026-04-15 10:51:36.887,Translating これが恋人としてのハムレットの最後とはオフェリアは知るはずもなかった,49.6,6259.2,53.2,1090.8,0,60.4,1987.6,2048.0,56,N/A
2026-04-15 10:51:37.388,Translating これが恋人としてのハムレットの最後とはオフェリアは知るはずもなかった,50.9,6248.5,53.1,1090.8,0,60.4,1987.6,2048.0,56,N/A
2026-04-15 10:51:37.889,Translating これが恋人としてのハムレットの最後とはオフェリアは知るはずもなかった,49.9,6252.5,53.1,1090.8,0,60.4,1987.6,2048.0,56,N/A
2026-04-15 10:51:38.390,Translating これが恋人としてのハムレットの最後とはオフェリアは知るはずもなかった,50.1,6252.5,53.1,1090.8,0,60.4,1987.6,2048.0,56,N/A
2026-04-15 10:51:38.892,Translating 大事でございますって！！,56.7,6259.6,53.2,1090.8,0,60.4,1987.6,2048.0,56,N/A
2026-04-15 10:51:39.393,Translating 大事でございますって！！,34.2,6254.4,53.1,1090.8,0,60.4,1987.6,2048.0,56,N/A
2026-04-15 10:51:39.894,Translating 大事でございますって！！,49.9,6251.7,53.1,1090.8,0,60.4,1987.6,2048.0,56,N/A
2026-04-15 10:51:40.395,Translating 大事でございますって！！,50.0,6251.7,53.1,1090.8,0,60.4,1987.6,2048.0,56,N/A
2026-04-15 10:51:40.896,Translating あっ,43.3,6232.4,52.9,1090.8,0,60.4,1987.6,2048.0,56,N/A
2026-04-15 10:51:41.397,Translating あっ,48.4,6240.8,53.0,1090.8,0,60.4,1987.6,2048.0,56,N/A
2026-04-15 10:51:41.898,Translating たーれだ,45.3,6235.4,53.0,1090.8,0,60.4,1987.6,2048.0,56,N/A
2026-04-15 10:51:42.399,Translating たーれだ,44.8,6236.1,53.0,1090.8,0,60.4,1987.6,2048.0,56,N/A
2026-04-15 10:51:42.904,Translating アホかしら,54.1,6237.3,53.0,1090.8,0,60.4,1987.6,2048.0,56,N/A
2026-04-15 10:51:43.405,Translating アホかしら,36.8,6238.3,53.0,1090.8,0,60.4,1987.6,2048.0,56,N/A
2026-04-15 10:51:43.906,Translating アホかしら,50.0,6242.2,53.0,1090.8,0,60.4,1987.6,2048.0,56,N/A
2026-04-15 10:51:44.408,Translating ハムレットさま！！,56.2,6256.9,53.1,1090.8,0,60.4,1987.6,2048.0,56,N/A
2026-04-15 10:51:44.909,Translating ハムレットさま！！,35.0,6275.0,53.3,1090.8,0,60.4,1987.6,2048.0,56,N/A
2026-04-15 10:51:45.410,Translating ハムレットさま,51.0,6273.3,53.3,1090.8,0,60.4,1987.6,2048.0,56,N/A
2026-04-15 10:51:45.911,Translating ハムレットさま,39.1,6265.4,53.2,1090.8,0,60.4,1987.6,2048.0,56,N/A
2026-04-15 10:51:46.412,Translating うんロペのお洋服きれいでしょ,59.1,6257.6,53.1,1090.8,0,60.4,1987.6,2048.0,56,N/A
2026-04-15 10:51:46.913,Translating うんロペのお洋服きれいでしょ,34.4,6241.2,53.0,1090.8,0,60.4,1987.6,2048.0,56,N/A
2026-04-15 10:51:47.414,Translating うんロペのお洋服きれいでしょ,50.3,6242.1,53.0,1090.8,0,60.4,1987.6,2048.0,56,N/A
2026-04-15 10:51:47.916,Translating うんロペのお洋服きれいでしょ,50.9,6246.1,53.0,1090.8,0,60.4,1987.6,2048.0,56,N/A
2026-04-15 10:51:48.417,Translating うんロペのお洋服きれいでしょ,49.7,6249.6,53.1,1090.8,0,60.4,1987.6,2048.0,56,N/A
2026-04-15 10:51:48.918,Translating うんロペのお洋服きれいでしょ,49.8,6253.8,53.1,1090.8,0,60.4,1987.6,2048.0,56,N/A
2026-04-15 10:51:49.419,Translating うんロペのお洋服きれいでしょ,50.4,6254.0,53.1,1090.8,0,60.4,1987.6,2048.0,56,N/A
2026-04-15 10:51:49.920,Translating あらすてきなかっこうしてるのね,52.1,6241.7,53.0,1090.8,0,60.4,1987.6,2048.0,56,N/A
2026-04-15 10:51:50.421,Translating あらすてきなかっこうしてるのね,41.4,6269.4,53.2,1090.8,0,60.4,1987.6,2048.0,56,N/A
2026-04-15 10:51:50.922,Translating あらすてきなかっこうしてるのね,50.6,6270.4,53.3,1090.8,0,60.4,1987.6,2048.0,56,N/A
2026-04-15 10:51:51.423,Translating あらすてきなかっこうしてるのね,49.8,6278.3,53.3,1090.8,0,60.4,1987.6,2048.0,56,N/A
2026-04-15 10:51:51.925,Translating わーわかっちゃったわかつちゃつたひー,52.2,6269.8,53.2,1090.8,0,60.4,1987.6,2048.0,56,N/A
2026-04-15 10:51:52.426,Translating わーわかっちゃったわかつちゃつたひー,40.7,6269.7,53.2,1090.8,0,60.4,1987.6,2048.0,56,N/A
2026-04-15 10:51:52.927,Translating わーわかっちゃったわかつちゃつたひー,50.1,6268.5,53.2,1090.8,0,60.4,1987.6,2048.0,56,N/A
2026-04-15 10:51:53.428,Translating わーわかっちゃったわかつちゃつたひー,51.4,6266.6,53.2,1090.8,0,60.4,1987.6,2048.0,56,N/A
2026-04-15 10:51:53.929,Translating わーわかっちゃったわかつちゃつたひー,49.6,6265.9,53.2,1090.8,0,60.4,1987.6,2048.0,56,N/A
2026-04-15 10:51:54.430,Translating といいながらハムレットの手はあらぬところへ．．．,51.7,6267.3,53.2,1090.8,0,60.4,1987.6,2048.0,56,N/A
2026-04-15 10:51:54.931,Translating といいながらハムレットの手はあらぬところへ．．．,41.2,6266.5,53.2,1090.8,0,60.4,1987.6,2048.0,56,N/A
2026-04-15 10:51:55.432,Translating といいながらハムレットの手はあらぬところへ．．．,50.4,6266.6,53.2,1090.8,0,60.4,1987.6,2048.0,56,N/A
2026-04-15 10:51:55.934,Translating といいながらハムレットの手はあらぬところへ．．．,49.6,6265.6,53.2,1090.8,0,60.4,1987.6,2048.0,56,N/A
2026-04-15 10:51:56.435,Translating といいながらハムレットの手はあらぬところへ．．．,50.5,6272.0,53.3,1090.8,0,60.4,1987.6,2048.0,56,N/A
2026-04-15 10:51:56.936,Translating といいながらハムレットの手はあらぬところへ．．．,50.0,6274.7,53.3,1090.8,0,60.4,1987.6,2048.0,56,N/A
2026-04-15 10:51:57.437,Translating オフェリアボクは悩める少年だキミだけが心のすくいなのだョ,55.7,6265.9,53.2,1090.8,0,60.4,1987.6,2048.0,56,N/A
2026-04-15 10:51:57.938,Translating オフェリアボクは悩める少年だキミだけが心のすくいなのだョ,35.2,6233.1,52.9,1090.8,0,60.4,1987.6,2048.0,56,N/A
2026-04-15 10:51:58.439,Translating オフェリアボクは悩める少年だキミだけが心のすくいなのだョ,50.6,6234.5,52.9,1090.8,0,60.4,1987.6,2048.0,56,N/A
2026-04-15 10:51:58.941,Translating オフェリアボクは悩める少年だキミだけが心のすくいなのだョ,50.1,6234.7,52.9,1090.8,0,60.4,1987.6,2048.0,56,N/A
2026-04-15 10:51:59.442,Translating オフェリアボクは悩める少年だキミだけが心のすくいなのだョ,49.8,6225.5,52.9,1090.8,0,60.4,1987.6,2048.0,56,N/A
2026-04-15 10:51:59.943,Translating オフェリアボクは悩める少年だキミだけが心のすくいなのだョ,51.2,6229.7,52.9,1090.8,0,60.4,1987.6,2048.0,56,N/A
2026-04-15 10:52:00.444,Translating オフェリアボクは悩める少年だキミだけが心のすくいなのだョ,49.9,6237.7,53.0,1090.8,0,60.4,1987.6,2048.0,56,N/A
2026-04-15 10:52:00.947,BubbleTypesetter._apply_cleaning,51.6,6236.6,53.0,1090.9,0,60.4,1987.6,2048.0,56,N/A
2026-04-15 10:52:01.449,BubbleTypesetter._wrap_text_pixel_width,29.9,6237.9,53.0,1097.9,0,60.4,1987.6,2048.0,56,N/A
2026-04-15 10:52:01.980,BubbleTypesetter._apply_cleaning,12.5,6237.9,53.0,1097.9,0,60.4,1987.6,2048.0,56,N/A
2026-04-15 10:52:02.486,BubbleTypesetter._wrap_text_pixel_width,12.7,6237.9,53.0,1097.9,0,60.4,1987.6,2048.0,56,N/A
2026-04-15 10:52:03.043,BubbleTypesetter._wrap_text_pixel_width,12.6,6237.9,53.0,1097.9,0,60.4,1987.6,2048.0,56,N/A
2026-04-15 10:52:03.636,BubbleTypesetter._apply_cleaning,12.7,6237.8,53.0,1097.9,0,60.4,1987.6,2048.0,56,N/A
2026-04-15 10:52:04.148,BubbleTypesetter._apply_cleaning,12.6,6237.8,53.0,1097.9,0,60.4,1987.6,2048.0,56,N/A
2026-04-15 10:52:05.266,yolo_start,0.0,5345.5,45.4,41.4,0,58.3,1989.7,2048.0,56,N/A
2026-04-15 10:52:05.769,EngineOCRFactory._setup_engine,35.6,5502.2,46.7,315.9,0,58.3,1989.7,2048.0,56,N/A
2026-04-15 10:52:06.286,EngineOCRFactory._setup_engine,12.9,5562.5,47.2,379.8,0,58.3,1989.7,2048.0,56,N/A
2026-04-15 10:52:06.799,EngineOCRFactory._setup_engine,12.3,5590.4,47.5,421.7,0,58.3,1989.7,2048.0,56,N/A
2026-04-15 10:52:07.303,EngineOCRFactory._run,24.1,5806.6,49.3,621.8,0,60.4,1987.6,2048.0,55,N/A
2026-04-15 10:52:07.804,EngineOCRFactory._run,47.9,5915.7,50.2,724.4,0,60.4,1987.6,2048.0,56,N/A
2026-04-15 10:52:08.307,EngineOCRFactory._run,40.0,5874.8,49.9,695.3,0,60.4,1987.6,2048.0,56,N/A
2026-04-15 10:52:08.808,EngineOCRFactory._run,3.2,5845.8,49.6,644.2,0,60.4,1987.6,2048.0,56,N/A
2026-04-15 10:52:09.310,EngineOCRFactory._run,1.7,5845.8,49.6,646.9,0,60.4,1987.6,2048.0,55,N/A
2026-04-15 10:52:09.820,EngineOCRFactory._run,12.6,6080.3,51.6,893.2,0,60.4,1987.6,2048.0,55,N/A
2026-04-15 10:52:10.321,EngineOCRFactory._run,47.2,6100.2,51.8,918.2,0,60.4,1987.6,2048.0,55,N/A
2026-04-15 10:52:10.822,EngineOCRFactory._run,26.3,6215.7,52.8,1452.8,0,60.4,1987.6,2048.0,55,N/A
2026-04-15 10:52:11.323,EngineOCRFactory._run,36.3,6255.4,53.1,1070.8,0,60.4,1987.6,2048.0,55,N/A
2026-04-15 10:52:11.824,MangaOCRExtractor.extract from ./tmp/yolo-1024-95pbt-5pbv-cpu/crops_Hamlet_010_L/Hamlet_010_L_bubble_002.png,51.7,6270.0,53.2,1080.0,0,60.4,1987.6,2048.0,56,N/A
2026-04-15 10:52:12.325,MangaOCRExtractor.extract from ./tmp/yolo-1024-95pbt-5pbv-cpu/crops_Hamlet_010_L/Hamlet_010_L_bubble_004.png,51.5,6274.2,53.3,1084.7,0,60.4,1987.6,2048.0,56,N/A
2026-04-15 10:52:12.826,MangaOCRExtractor.extract from ./tmp/yolo-1024-95pbt-5pbv-cpu/crops_Hamlet_010_L/Hamlet_010_L_bubble_005.png,51.1,6282.0,53.3,1089.3,0,60.4,1987.6,2048.0,56,N/A
2026-04-15 10:52:13.327,MangaOCRExtractor.extract from ./tmp/yolo-1024-95pbt-5pbv-cpu/crops_Hamlet_010_L/Hamlet_010_L_bubble_007.png,52.1,6283.7,53.4,1089.4,0,60.4,1987.6,2048.0,56,N/A
2026-04-15 10:52:13.828,MangaOCRExtractor.extract from ./tmp/yolo-1024-95pbt-5pbv-cpu/crops_Hamlet_010_R/Hamlet_010_R_bubble_009.png,51.6,6283.7,53.4,1089.4,0,60.4,1987.6,2048.0,57,N/A
2026-04-15 10:52:14.329,MangaOCRExtractor.extract from ./tmp/yolo-1024-95pbt-5pbv-cpu/crops_Hamlet_010_R/Hamlet_010_R_bubble_010.png,51.1,6283.7,53.4,1089.4,0,60.4,1987.6,2048.0,57,N/A
2026-04-15 10:52:14.831,Translating ん！,22.3,6272.7,53.3,1096.4,0,60.4,1987.6,2048.0,57,N/A
2026-04-15 10:52:15.331,Translating ん！,41.5,6280.6,53.3,1096.4,0,60.4,1987.6,2048.0,57,N/A
2026-04-15 10:52:15.832,Translating はいな,52.3,6275.7,53.3,1096.4,0,60.4,1987.6,2048.0,57,N/A
2026-04-15 10:52:16.333,Translating はいな,37.3,6280.0,53.3,1096.4,0,60.4,1987.6,2048.0,57,N/A
2026-04-15 10:52:16.834,Translating もう三時か！,58.0,6281.7,53.3,1096.4,0,60.4,1987.6,2048.0,57,N/A
2026-04-15 10:52:17.335,Translating もう三時か！,32.5,6279.5,53.3,1096.4,0,60.4,1987.6,2048.0,57,N/A
2026-04-15 10:52:17.836,Translating もう三時か！,50.0,6282.5,53.4,1096.4,0,60.4,1987.6,2048.0,57,N/A
2026-04-15 10:52:18.337,Translating もう三時か！,50.0,6272.2,53.3,1096.4,0,60.4,1987.6,2048.0,57,N/A
2026-04-15 10:52:18.839,Translating もう三時か！,49.8,6266.3,53.2,1096.4,0,60.4,1987.6,2048.0,57,N/A
2026-04-15 10:52:19.340,Translating そろそろ時間でございますな．．,42.6,6273.6,53.3,1096.4,0,60.4,1987.6,2048.0,57,N/A
2026-04-15 10:52:19.841,Translating そろそろ時間でございますな．．,50.4,6273.8,53.3,1096.4,0,60.4,1987.6,2048.0,57,N/A
2026-04-15 10:52:20.342,Translating そろそろ時間でございますな．．,51.1,6277.2,53.3,1096.4,0,60.4,1987.6,2048.0,57,N/A
2026-04-15 10:52:20.843,Translating そろそろ時間でございますな．．,49.9,6276.1,53.3,1096.4,0,60.4,1987.6,2048.0,57,N/A
2026-04-15 10:52:21.344,Translating 亡き王さまそっくりにヨロイカブトでこうやって．．．,42.9,6284.8,53.4,1096.4,0,60.4,1987.6,2048.0,57,N/A
2026-04-15 10:52:21.846,Translating 亡き王さまそっくりにヨロイカブトでこうやって．．．,50.3,6285.3,53.4,1096.4,0,60.4,1987.6,2048.0,56,N/A
2026-04-15 10:52:22.347,Translating 亡き王さまそっくりにヨロイカブトでこうやって．．．,50.0,6285.3,53.4,1096.4,0,60.4,1987.6,2048.0,56,N/A
2026-04-15 10:52:22.848,Translating 亡き王さまそっくりにヨロイカブトでこうやって．．．,50.1,6283.1,53.4,1096.4,0,60.4,1987.6,2048.0,57,N/A
2026-04-15 10:52:23.349,Translating 亡き王さまそっくりにヨロイカブトでこうやって．．．,50.5,6271.5,53.3,1096.4,0,60.4,1987.6,2048.0,56,N/A
2026-04-15 10:52:23.850,Translating 亡き王さまそっくりにヨロイカブトでこうやって．．．,49.9,6275.5,53.3,1096.4,0,60.4,1987.6,2048.0,57,N/A
2026-04-15 10:52:24.351,Translating 亡き王さまそっくりにヨロイカブトでこうやって．．．,49.6,6273.4,53.3,1096.4,0,60.4,1987.6,2048.0,57,N/A
2026-04-15 10:52:24.853,Translating ほほほぼほんとうに亡霊が出たのかね,57.6,6273.6,53.3,1096.4,0,60.4,1987.6,2048.0,56,N/A
2026-04-15 10:52:25.355,Translating ほほほぼほんとうに亡霊が出たのかね,35.0,6264.9,53.2,1096.4,0,60.4,1987.6,2048.0,56,N/A
2026-04-15 10:52:25.856,Translating ほほほぼほんとうに亡霊が出たのかね,50.4,6265.5,53.2,1096.4,0,60.4,1987.6,2048.0,56,N/A
2026-04-15 10:52:26.357,Translating ほほほぼほんとうに亡霊が出たのかね,50.8,6269.1,53.2,1096.4,0,60.4,1987.6,2048.0,57,N/A
2026-04-15 10:52:26.858,Translating ほほほぼほんとうに亡霊が出たのかね,50.0,6273.5,53.3,1096.4,0,60.4,1987.6,2048.0,56,N/A
2026-04-15 10:52:27.359,Translating ぜー〜,54.6,6272.4,53.3,1096.5,0,60.4,1987.6,2048.0,57,N/A
2026-04-15 10:52:27.860,Translating ぜー〜,34.5,6260.6,53.2,1096.5,0,60.4,1987.6,2048.0,56,N/A
2026-04-15 10:52:28.361,Translating ぜー〜,49.6,6259.3,53.2,1096.5,0,60.4,1987.6,2048.0,56,N/A
2026-04-15 10:52:28.862,Translating 幽霊きらいっーん,48.9,6230.0,52.9,1096.5,0,60.4,1987.6,2048.0,56,N/A
2026-04-15 10:52:29.363,Translating 幽霊きらいっーん,41.1,6223.8,52.9,1096.5,0,60.4,1987.6,2048.0,56,N/A
2026-04-15 10:52:29.864,Translating 幽霊きらいっーん,50.6,6223.1,52.8,1096.5,0,60.4,1987.6,2048.0,56,N/A
2026-04-15 10:52:30.366,Translating 幽霊きらいっーん,49.6,6230.6,52.9,1096.5,0,60.4,1987.6,2048.0,56,N/A
2026-04-15 10:52:30.867,Translating なにっ幽霊！,52.5,6226.9,52.9,1096.5,0,60.4,1987.6,2048.0,56,N/A
2026-04-15 10:52:31.368,Translating なにっ幽霊！,36.8,6209.2,52.7,1096.5,0,60.4,1987.6,2048.0,56,N/A
2026-04-15 10:52:31.869,Translating なにっ幽霊！,49.9,6209.4,52.7,1096.5,0,60.4,1987.6,2048.0,56,N/A
2026-04-15 10:52:32.371,Translating じつは国王陛下の幽霊が出たのです,51.4,6207.3,52.7,1096.5,0,60.4,1987.6,2048.0,56,N/A
2026-04-15 10:52:32.872,Translating じつは国王陛下の幽霊が出たのです,39.9,6242.2,53.0,1096.5,0,60.4,1987.6,2048.0,56,N/A
2026-04-15 10:52:33.373,Translating じつは国王陛下の幽霊が出たのです,50.1,6240.4,53.0,1096.5,0,60.4,1987.6,2048.0,56,N/A
2026-04-15 10:52:33.874,Translating じつは国王陛下の幽霊が出たのです,50.1,6243.3,53.0,1096.5,0,60.4,1987.6,2048.0,56,N/A
2026-04-15 10:52:34.376,Translating じつは国王陛下の幽霊が出たのです,49.6,6235.7,53.0,1096.5,0,60.4,1987.6,2048.0,56,N/A
2026-04-15 10:52:34.877,Translating じつは国王陛下の幽霊が出たのです,50.4,6235.8,53.0,1096.5,0,60.4,1987.6,2048.0,56,N/A
2026-04-15 10:52:35.384,BubbleTypesetter._wrap_text_pixel_width,31.1,6235.7,53.0,1103.5,0,60.4,1987.6,2048.0,56,N/A
2026-04-15 10:52:35.972,BubbleTypesetter._process_bubble,12.6,6235.7,53.0,1103.5,0,60.4,1987.6,2048.0,56,N/A
2026-04-15 10:52:36.535,BubbleTypesetter._wrap_text_pixel_width,12.5,6235.6,53.0,1103.5,0,60.4,1987.6,2048.0,56,N/A
2026-04-15 10:52:37.222,yolo_start,0.0,5338.4,45.3,41.3,0,58.3,1989.7,2048.0,56,N/A
2026-04-15 10:52:37.728,EngineOCRFactory._setup_engine,34.0,5486.6,46.6,316.2,0,58.3,1989.7,2048.0,56,N/A
2026-04-15 10:52:38.249,EngineOCRFactory._setup_engine,12.4,5552.7,47.2,379.7,0,58.3,1989.7,2048.0,56,N/A
2026-04-15 10:52:38.757,EngineOCRFactory._setup_engine,12.4,5583.3,47.4,421.0,0,58.3,1989.7,2048.0,56,N/A
2026-04-15 10:52:39.259,EngineOCRFactory._run,24.2,5812.0,49.4,613.5,0,60.4,1987.6,2048.0,56,N/A
2026-04-15 10:52:39.760,EngineOCRFactory._run,48.3,5895.4,50.1,698.8,0,60.4,1987.6,2048.0,56,N/A
2026-04-15 10:52:40.267,EngineOCRFactory._run,40.5,5870.5,49.9,669.3,0,60.4,1987.6,2048.0,56,N/A
2026-04-15 10:52:40.781,EngineOCRFactory._run,4.2,5877.1,49.9,672.3,0,60.4,1987.6,2048.0,56,N/A
2026-04-15 10:52:41.289,EngineOCRFactory._run,4.0,5877.1,49.9,675.9,0,60.4,1987.6,2048.0,56,N/A
2026-04-15 10:52:41.789,EngineOCRFactory._run,19.7,6111.3,51.9,923.0,0,60.4,1987.6,2048.0,56,N/A
2026-04-15 10:52:42.290,EngineOCRFactory._run,46.5,6147.2,52.2,957.8,0,60.4,1987.6,2048.0,56,N/A
2026-04-15 10:52:42.791,EngineOCRFactory._run,17.5,6223.3,52.9,1457.7,0,60.4,1987.6,2048.0,56,N/A
2026-04-15 10:52:43.293,EngineOCRFactory._run,38.4,6257.4,53.1,1066.3,0,60.4,1987.6,2048.0,56,N/A
2026-04-15 10:52:43.794,MangaOCRExtractor.extract from ./tmp/yolo-1024-95pbt-5pbv-cpu/crops_Hamlet_011_L/Hamlet_011_L_bubble_002.png,51.7,6267.1,53.2,1075.7,0,60.4,1987.6,2048.0,56,N/A
2026-04-15 10:52:44.295,MangaOCRExtractor.extract from ./tmp/yolo-1024-95pbt-5pbv-cpu/crops_Hamlet_011_L/Hamlet_011_L_bubble_004.png,51.7,6267.8,53.2,1078.0,0,60.4,1987.6,2048.0,56,N/A
2026-04-15 10:52:44.796,MangaOCRExtractor.extract from ./tmp/yolo-1024-95pbt-5pbv-cpu/crops_Hamlet_011_L/Hamlet_011_L_bubble_006.png,52.0,6268.1,53.2,1080.4,0,60.4,1987.6,2048.0,56,N/A
2026-04-15 10:52:45.297,MangaOCRExtractor.extract from ./tmp/yolo-1024-95pbt-5pbv-cpu/crops_Hamlet_011_R/Hamlet_011_R_bubble_007.png,50.6,6268.1,53.2,1080.4,0,60.4,1987.6,2048.0,57,N/A
2026-04-15 10:52:45.798,MangaOCRExtractor.extract from ./tmp/yolo-1024-95pbt-5pbv-cpu/crops_Hamlet_011_R/Hamlet_011_R_bubble_009.png,52.1,6268.3,53.2,1080.4,0,60.4,1987.6,2048.0,57,N/A
2026-04-15 10:52:46.299,MangaOCRExtractor.extract from ./tmp/yolo-1024-95pbt-5pbv-cpu/crops_Hamlet_011_R/Hamlet_011_R_bubble_010.png,51.1,6268.3,53.2,1080.4,0,60.4,1987.6,2048.0,57,N/A
2026-04-15 10:52:46.801,MangaOCRExtractor.extract from ./tmp/yolo-1024-95pbt-5pbv-cpu/crops_Hamlet_011_R/Hamlet_011_R_bubble_012.png,52.0,6268.3,53.2,1080.4,0,60.4,1987.6,2048.0,57,N/A
2026-04-15 10:52:47.302,MangaOCRExtractor.extract from ./tmp/yolo-1024-95pbt-5pbv-cpu/crops_Hamlet_011_R/Hamlet_011_R_bubble_013.png,51.0,6268.3,53.2,1080.5,0,60.4,1987.6,2048.0,57,N/A
2026-04-15 10:52:47.803,MangaOCRExtractor.extract from ./tmp/yolo-1024-95pbt-5pbv-cpu/crops_Hamlet_011_R/Hamlet_011_R_bubble_014.png,51.5,6268.3,53.2,1080.5,0,60.4,1987.6,2048.0,57,N/A
2026-04-15 10:52:48.304,MangaOCRExtractor.extract from ./tmp/yolo-1024-95pbt-5pbv-cpu/crops_Hamlet_011_R/Hamlet_011_R_bubble_015.png,51.2,6268.3,53.2,1080.5,0,60.4,1987.6,2048.0,57,N/A
2026-04-15 10:52:48.806,Translating 秘密！！,21.5,6276.2,53.3,1087.4,0,60.4,1987.6,2048.0,57,N/A
2026-04-15 10:52:49.307,Translating 秘密！！,42.1,6272.9,53.3,1087.4,0,60.4,1987.6,2048.0,57,N/A
2026-04-15 10:52:49.808,Translating その通り～～,57.4,6263.3,53.2,1087.5,0,60.4,1987.6,2048.0,57,N/A
2026-04-15 10:52:50.309,Translating その通り～～,34.3,6248.7,53.1,1087.5,0,60.4,1987.6,2048.0,56,N/A
2026-04-15 10:52:50.810,Translating その通り～～,49.9,6253.0,53.1,1087.5,0,60.4,1987.6,2048.0,56,N/A
2026-04-15 10:52:51.311,Translating 聞けい息子よ．．．,40.2,6242.9,53.0,1087.5,0,60.4,1987.6,2048.0,56,N/A
2026-04-15 10:52:51.812,Translating 聞けい息子よ．．．,50.1,6242.9,53.0,1087.5,0,60.4,1987.6,2048.0,56,N/A
2026-04-15 10:52:52.313,Translating 聞けい息子よ．．．,49.9,6246.0,53.0,1087.5,0,60.4,1987.6,2048.0,57,N/A
2026-04-15 10:52:52.815,Translating 余の死の～秘密を～～,52.2,6246.5,53.0,1087.5,0,60.4,1987.6,2048.0,57,N/A
2026-04-15 10:52:53.316,Translating 余の死の～秘密を～～,41.6,6266.7,53.2,1087.5,0,60.4,1987.6,2048.0,56,N/A
2026-04-15 10:52:53.817,Translating 余の死の～秘密を～～,50.3,6266.7,53.2,1087.5,0,60.4,1987.6,2048.0,57,N/A
2026-04-15 10:52:54.319,Translating 余の死の～秘密を～～,50.3,6271.5,53.3,1087.5,0,60.4,1987.6,2048.0,56,N/A
2026-04-15 10:52:54.820,Translating 知ってるかい？,54.7,6271.6,53.3,1087.5,0,60.4,1987.6,2048.0,56,N/A
2026-04-15 10:52:55.321,Translating 知ってるかい？,38.1,6267.7,53.2,1087.5,0,60.4,1987.6,2048.0,56,N/A
2026-04-15 10:52:55.822,Translating 知ってるかい？,50.0,6272.4,53.3,1087.5,0,60.4,1987.6,2048.0,56,N/A
2026-04-15 10:52:56.323,Translating 余の死には恐ろしくものろわしき秘密があるのじゃ,57.1,6270.7,53.3,1087.5,0,60.4,1987.6,2048.0,56,N/A
2026-04-15 10:52:56.824,Translating 余の死には恐ろしくものろわしき秘密があるのじゃ,33.7,6260.2,53.2,1087.5,0,60.4,1987.6,2048.0,56,N/A
2026-04-15 10:52:57.326,Translating 余の死には恐ろしくものろわしき秘密があるのじゃ,50.0,6259.5,53.2,1087.5,0,60.4,1987.6,2048.0,56,N/A
2026-04-15 10:52:57.827,Translating 余の死には恐ろしくものろわしき秘密があるのじゃ,50.2,6259.5,53.2,1087.5,0,60.4,1987.6,2048.0,56,N/A
2026-04-15 10:52:58.328,Translating 余の死には恐ろしくものろわしき秘密があるのじゃ,49.6,6259.1,53.2,1087.5,0,60.4,1987.6,2048.0,56,N/A
2026-04-15 10:52:58.829,Translating 余の死には恐ろしくものろわしき秘密があるのじゃ,50.4,6259.4,53.2,1087.5,0,60.4,1987.6,2048.0,56,N/A
2026-04-15 10:52:59.330,Translating 余の死には恐ろしくものろわしき秘密があるのじゃ,50.6,6249.8,53.1,1087.5,0,60.4,1987.6,2048.0,56,N/A
2026-04-15 10:52:59.832,Translating うん！,37.0,6240.7,53.0,1087.5,0,60.4,1987.6,2048.0,56,N/A
2026-04-15 10:53:00.332,Translating うん！,50.1,6239.5,53.0,1087.5,0,60.4,1987.6,2048.0,56,N/A
2026-04-15 10:53:00.834,Translating おれって演技力あるなァ,42.1,6229.9,52.9,1087.5,0,60.4,1987.6,2048.0,56,N/A
2026-04-15 10:53:01.334,Translating おれって演技力あるなァ,47.6,6228.9,52.9,1087.5,0,60.4,1987.6,2048.0,56,N/A
2026-04-15 10:53:01.836,Translating おれって演技力あるなァ,49.9,6238.8,53.0,1087.5,0,60.4,1987.6,2048.0,56,N/A
2026-04-15 10:53:02.337,Translating おれって演技力あるなァ,49.9,6220.0,52.8,1087.5,0,60.4,1987.6,2048.0,56,N/A
2026-04-15 10:53:02.838,Translating おれって演技力あるなァ,50.1,6228.2,52.9,1087.5,0,60.4,1987.6,2048.0,56,N/A
2026-04-15 10:53:03.339,Translating とっても強そうですねっ,56.0,6229.2,52.9,1087.5,0,60.4,1987.6,2048.0,56,N/A
2026-04-15 10:53:03.840,Translating とっても強そうですねっ,34.6,6225.2,52.9,1087.5,0,60.4,1987.6,2048.0,56,N/A
2026-04-15 10:53:04.341,Translating とっても強そうですねっ,49.9,6225.7,52.9,1087.5,0,60.4,1987.6,2048.0,56,N/A
2026-04-15 10:53:04.842,Translating とっても強そうですねっ,50.1,6225.9,52.9,1087.5,0,60.4,1987.6,2048.0,56,N/A
2026-04-15 10:53:05.343,Translating ハハハきぜつしちゃった,58.1,6237.3,53.0,1087.5,0,60.4,1987.6,2048.0,56,N/A
2026-04-15 10:53:05.844,Translating ハハハきぜつしちゃった,35.0,6257.0,53.1,1087.5,0,60.4,1987.6,2048.0,56,N/A
2026-04-15 10:53:06.345,Translating ハハハきぜつしちゃった,49.7,6260.8,53.2,1087.5,0,60.4,1987.6,2048.0,56,N/A
2026-04-15 10:53:06.846,Translating ハハハきぜつしちゃった,50.1,6261.1,53.2,1087.5,0,60.4,1987.6,2048.0,56,N/A
2026-04-15 10:53:07.347,Translating 戦闘機なんかやっつけちゃう！,54.9,6262.5,53.2,1087.5,0,60.4,1987.6,2048.0,56,N/A
2026-04-15 10:53:07.849,Translating 戦闘機なんかやっつけちゃう！,36.9,6262.7,53.2,1087.5,0,60.4,1987.6,2048.0,56,N/A
2026-04-15 10:53:08.350,Translating 戦闘機なんかやっつけちゃう！,50.1,6260.2,53.2,1087.5,0,60.4,1987.6,2048.0,56,N/A
2026-04-15 10:53:08.851,Translating 戦闘機なんかやっつけちゃう！,50.1,6258.7,53.2,1087.5,0,60.4,1987.6,2048.0,56,N/A
2026-04-15 10:53:09.352,Translating 戦闘機なんかやっつけちゃう！,49.9,6262.7,53.2,1087.5,0,60.4,1987.6,2048.0,56,N/A
2026-04-15 10:53:09.853,Translating あの名古屋弁はまさしく父上！！,44.1,6248.7,53.1,1087.5,0,60.4,1987.6,2048.0,56,N/A
2026-04-15 10:53:10.356,Translating あの名古屋弁はまさしく父上！！,48.0,6243.4,53.0,1087.5,0,60.4,1987.6,2048.0,56,N/A
2026-04-15 10:53:10.857,Translating あの名古屋弁はまさしく父上！！,50.0,6247.6,53.1,1087.5,0,60.4,1987.6,2048.0,56,N/A
2026-04-15 10:53:11.358,Translating あの名古屋弁はまさしく父上！！,50.0,6255.3,53.1,1087.5,0,60.4,1987.6,2048.0,56,N/A
2026-04-15 10:53:11.859,Translating あの名古屋弁はまさしく父上！！,50.6,6250.8,53.1,1087.5,0,60.4,1987.6,2048.0,56,N/A
2026-04-15 10:53:12.361,Translating ほくはグレートマジンガーより強いのだ！,45.0,6236.3,53.0,1087.5,0,60.4,1987.6,2048.0,56,N/A
2026-04-15 10:53:12.862,Translating ほくはグレートマジンガーより強いのだ！,45.6,6237.3,53.0,1087.5,0,60.4,1987.6,2048.0,56,N/A
2026-04-15 10:53:13.363,Translating ほくはグレートマジンガーより強いのだ！,50.6,6236.6,53.0,1087.5,0,60.4,1987.6,2048.0,56,N/A
2026-04-15 10:53:13.864,Translating ほくはグレートマジンガーより強いのだ！,49.9,6237.7,53.0,1087.5,0,60.4,1987.6,2048.0,56,N/A
2026-04-15 10:53:14.365,Translating ほくはグレートマジンガーより強いのだ！,49.9,6241.9,53.0,1087.5,0,60.4,1987.6,2048.0,56,N/A
2026-04-15 10:53:14.866,Translating わーっ,51.9,6239.5,53.0,1087.5,0,60.4,1987.6,2048.0,56,N/A
2026-04-15 10:53:15.367,Translating わーっ,38.8,6248.8,53.1,1087.5,0,60.4,1987.6,2048.0,56,N/A
2026-04-15 10:53:15.868,Translating われこそはデンマーク王の亡霊だがや～,57.6,6260.0,53.2,1087.5,0,60.4,1987.6,2048.0,56,N/A
2026-04-15 10:53:16.369,Translating われこそはデンマーク王の亡霊だがや～,35.2,6239.7,53.0,1087.5,0,60.4,1987.6,2048.0,56,N/A
2026-04-15 10:53:16.870,Translating われこそはデンマーク王の亡霊だがや～,50.3,6240.2,53.0,1087.5,0,60.4,1987.6,2048.0,56,N/A
2026-04-15 10:53:17.372,Translating われこそはデンマーク王の亡霊だがや～,49.8,6248.7,53.1,1087.5,0,60.4,1987.6,2048.0,56,N/A
2026-04-15 10:53:17.873,Translating われこそはデンマーク王の亡霊だがや～,50.1,6257.4,53.1,1087.5,0,60.4,1987.6,2048.0,56,N/A
2026-04-15 10:53:18.374,Translating われこそはデンマーク王の亡霊だがや～,50.6,6250.3,53.1,1087.5,0,60.4,1987.6,2048.0,56,N/A
2026-04-15 10:53:18.875,Translating われこそはデンマーク王の亡霊だがや～,50.0,6250.7,53.1,1087.5,0,60.4,1987.6,2048.0,56,N/A
2026-04-15 10:53:19.376,BubbleTypesetter._apply_cleaning,43.1,6250.4,53.1,1094.4,0,60.4,1987.6,2048.0,56,N/A
2026-04-15 10:53:19.882,BubbleTypesetter._apply_cleaning,12.9,6250.5,53.1,1094.5,0,60.4,1987.6,2048.0,56,N/A
2026-04-15 10:53:20.396,BubbleTypesetter._apply_cleaning,12.5,6250.4,53.1,1094.5,0,60.4,1987.6,2048.0,56,N/A
2026-04-15 10:53:20.897,BubbleTypesetter._apply_cleaning,12.7,6250.1,53.1,1094.5,0,60.4,1987.6,2048.0,56,N/A
2026-04-15 10:53:21.398,BubbleTypesetter._apply_cleaning,12.5,6249.9,53.1,1094.5,0,60.4,1987.6,2048.0,56,N/A
2026-04-15 10:53:22.189,yolo_start,0.0,5361.6,45.5,41.3,0,58.3,1989.7,2048.0,56,N/A
2026-04-15 10:53:22.705,EngineOCRFactory._setup_engine,35.4,5506.1,46.8,316.3,0,58.3,1989.7,2048.0,56,N/A
2026-04-15 10:53:23.208,EngineOCRFactory._setup_engine,12.2,5570.0,47.3,379.8,0,58.3,1989.7,2048.0,56,N/A
2026-04-15 10:53:23.710,EngineOCRFactory._setup_engine,12.7,5598.3,47.5,422.4,0,58.3,1989.7,2048.0,56,N/A
2026-04-15 10:53:24.212,EngineOCRFactory._run,25.9,5848.5,49.7,651.8,0,60.4,1987.6,2048.0,56,N/A
2026-04-15 10:53:24.713,EngineOCRFactory._run,48.6,5823.4,49.5,644.6,0,60.4,1987.6,2048.0,56,N/A
2026-04-15 10:53:25.215,EngineOCRFactory._run,37.8,5836.7,49.6,639.2,0,60.4,1987.6,2048.0,56,N/A
2026-04-15 10:53:25.716,EngineOCRFactory._run,1.0,5836.9,49.6,639.2,0,60.4,1987.6,2048.0,56,N/A
2026-04-15 10:53:26.225,EngineOCRFactory._run,3.7,5842.4,49.6,643.4,0,60.4,1987.6,2048.0,56,N/A
2026-04-15 10:53:26.727,EngineOCRFactory._run,16.7,6120.9,52.0,922.2,0,60.4,1987.6,2048.0,56,N/A
2026-04-15 10:53:27.228,EngineOCRFactory._run,49.4,6136.7,52.1,939.8,0,60.4,1987.6,2048.0,56,N/A
2026-04-15 10:53:27.729,EngineOCRFactory._run,17.2,6228.8,52.9,1456.8,0,60.4,1987.6,2048.0,56,N/A
2026-04-15 10:53:28.231,EngineOCRFactory._run,47.1,6260.6,53.2,1070.2,0,60.4,1987.6,2048.0,56,N/A
2026-04-15 10:53:28.732,MangaOCRExtractor.extract from ./tmp/yolo-1024-95pbt-5pbv-cpu/crops_MemorySeijin_015_L/MemorySeijin_015_L_bubble_002.png,51.5,6266.2,53.2,1074.8,0,60.4,1987.6,2048.0,56,N/A
2026-04-15 10:53:29.233,MangaOCRExtractor.extract from ./tmp/yolo-1024-95pbt-5pbv-cpu/crops_MemorySeijin_015_R/MemorySeijin_015_R_bubble_004.png,51.9,6271.0,53.3,1077.1,0,60.4,1987.6,2048.0,56,N/A
2026-04-15 10:53:29.738,MangaOCRExtractor.extract from ./tmp/yolo-1024-95pbt-5pbv-cpu/crops_MemorySeijin_015_R/MemorySeijin_015_R_bubble_005.png,46.7,6274.4,53.3,1080.5,0,60.4,1987.6,2048.0,56,N/A
2026-04-15 10:53:30.243,Translating 思い出って何．．．？,21.2,6277.3,53.3,1084.2,0,60.4,1987.6,2048.0,56,N/A
2026-04-15 10:53:30.744,Translating 思い出って何．．．？,50.0,6277.6,53.3,1084.2,0,60.4,1987.6,2048.0,56,N/A
2026-04-15 10:53:31.245,Translating 思い出って何．．．？,50.0,6281.0,53.3,1084.2,0,60.4,1987.6,2048.0,57,N/A
2026-04-15 10:53:31.746,Translating 記憶って一体．．．！？,39.2,6302.6,53.5,1084.2,0,60.4,1987.6,2048.0,57,N/A
2026-04-15 10:53:32.247,Translating 記憶って一体．．．！？,50.2,6300.0,53.5,1084.2,0,60.4,1987.6,2048.0,57,N/A
2026-04-15 10:53:32.748,Translating 記憶って一体．．．！？,49.7,6300.0,53.5,1084.2,0,60.4,1987.6,2048.0,57,N/A
2026-04-15 10:53:33.249,Translating 価値感？,58.6,6297.3,53.5,1084.2,0,60.4,1987.6,2048.0,57,N/A
2026-04-15 10:53:33.750,Translating 価値感？,34.2,6297.5,53.5,1084.2,0,60.4,1987.6,2048.0,57,N/A
2026-04-15 10:53:34.251,Translating 憶えてる．．．？,55.1,6295.3,53.5,1084.2,0,60.4,1987.6,2048.0,57,N/A
2026-04-15 10:53:34.754,Translating 憶えてる．．．？,35.2,6285.0,53.4,1084.2,0,60.4,1987.6,2048.0,57,N/A
2026-04-15 10:53:35.255,Translating 憶えてる．．．？,50.2,6282.9,53.4,1084.2,0,60.4,1987.6,2048.0,57,N/A
2026-04-15 10:53:35.756,Translating 憶えてる．．．？,50.9,6287.2,53.4,1084.2,0,60.4,1987.6,2048.0,57,N/A
2026-04-15 10:53:36.258,Translating 忘れない．．．？,39.5,6301.8,53.5,1084.2,0,60.4,1987.6,2048.0,56,N/A
2026-04-15 10:53:36.758,Translating 忘れない．．．？,49.4,6302.0,53.5,1084.2,0,60.4,1987.6,2048.0,56,N/A
2026-04-15 10:53:37.260,Translating 忘れない．．．？,50.0,6300.8,53.5,1084.2,0,60.4,1987.6,2048.0,56,N/A
2026-04-15 10:53:37.766,BubbleTypesetter._wrap_text_pixel_width,52.4,6294.0,53.5,1087.8,0,60.4,1987.6,2048.0,56,N/A
2026-04-15 10:53:38.361,BubbleTypesetter._apply_cleaning,12.4,6296.5,53.5,1091.3,0,60.4,1987.6,2048.0,56,N/A
2026-04-15 10:53:39.197,yolo_start,0.0,5406.8,45.9,41.3,0,58.3,1989.7,2048.0,56,N/A
2026-04-15 10:53:39.700,EngineOCRFactory._setup_engine,35.5,5559.0,47.2,314.1,0,58.3,1989.7,2048.0,56,N/A
2026-04-15 10:53:40.202,EngineOCRFactory._setup_engine,12.8,5621.2,47.7,379.7,0,58.3,1989.7,2048.0,56,N/A
2026-04-15 10:53:40.724,EngineOCRFactory._setup_engine,12.3,5649.7,48.0,422.4,0,58.3,1989.7,2048.0,56,N/A
2026-04-15 10:53:41.230,EngineOCRFactory._run,26.2,5887.6,50.0,645.9,0,60.4,1987.6,2048.0,56,N/A
2026-04-15 10:53:41.731,EngineOCRFactory._run,50.1,5897.6,50.1,644.8,0,60.4,1987.6,2048.0,56,N/A
2026-04-15 10:53:42.232,EngineOCRFactory._run,32.4,5910.1,50.2,662.4,0,60.4,1987.6,2048.0,56,N/A
2026-04-15 10:53:42.734,EngineOCRFactory._run,1.0,5918.0,50.3,665.0,0,60.4,1987.6,2048.0,56,N/A
2026-04-15 10:53:43.236,EngineOCRFactory._run,4.0,5918.8,50.3,667.8,0,60.4,1987.6,2048.0,56,N/A
2026-04-15 10:53:43.736,EngineOCRFactory._run,19.0,6156.2,52.3,915.6,0,60.4,1987.6,2048.0,56,N/A
2026-04-15 10:53:44.237,EngineOCRFactory._run,47.5,6184.3,52.5,945.6,0,60.4,1987.6,2048.0,56,N/A
2026-04-15 10:53:44.739,EngineOCRFactory._run,16.5,6263.9,53.2,1450.2,0,60.4,1987.6,2048.0,56,N/A
2026-04-15 10:53:45.243,EngineOCRFactory._run,48.0,6304.8,53.5,1061.2,0,60.4,1987.6,2048.0,56,N/A
2026-04-15 10:53:45.744,BubbleTypesetter._typeset,34.1,6312.7,53.6,1070.5,0,60.4,1987.6,2048.0,56,N/A
2026-04-15 10:53:46.434,yolo_start,0.0,5465.4,46.4,41.3,0,58.3,1989.7,2048.0,56,N/A
2026-04-15 10:53:46.948,EngineOCRFactory._setup_engine,33.9,5602.9,47.6,316.5,0,58.3,1989.7,2048.0,56,N/A
2026-04-15 10:53:47.456,EngineOCRFactory._setup_engine,12.4,5667.7,48.1,379.7,0,58.3,1989.7,2048.0,55,N/A
2026-04-15 10:53:47.966,EngineOCRFactory._setup_engine,12.4,5677.3,48.2,420.9,0,58.3,1989.7,2048.0,55,N/A
2026-04-15 10:53:48.470,EngineOCRFactory._run,24.8,5839.8,49.6,615.6,0,60.4,1987.6,2048.0,55,N/A
2026-04-15 10:53:48.971,EngineOCRFactory._run,48.8,5895.4,50.1,657.6,0,60.4,1987.6,2048.0,56,N/A
2026-04-15 10:53:49.472,EngineOCRFactory._run,39.5,5910.4,50.2,692.1,0,60.4,1987.6,2048.0,56,N/A
2026-04-15 10:53:49.980,EngineOCRFactory._run,3.2,5910.1,50.2,692.3,0,60.4,1987.6,2048.0,56,N/A
2026-04-15 10:53:50.481,EngineOCRFactory._run,1.2,5910.8,50.2,694.9,0,60.4,1987.6,2048.0,55,N/A
2026-04-15 10:53:50.982,EngineOCRFactory._run,12.3,6113.6,51.9,896.3,0,60.4,1987.6,2048.0,55,N/A
2026-04-15 10:53:51.483,EngineOCRFactory._run,46.9,6145.3,52.2,924.1,0,60.4,1987.6,2048.0,55,N/A
2026-04-15 10:53:51.984,EngineOCRFactory._run,27.1,6248.5,53.1,1458.7,0,60.4,1987.6,2048.0,55,N/A
2026-04-15 10:53:52.485,EngineOCRFactory._run,5.2,6248.7,53.1,1037.8,0,60.4,1987.6,2048.0,55,N/A
2026-04-15 10:53:52.986,MangaOCRExtractor.extract from ./tmp/yolo-1024-95pbt-5pbv-cpu/crops_MemorySeijin_017_L/MemorySeijin_017_L_bubble_001.png,50.9,6289.3,53.4,1072.1,0,60.4,1987.6,2048.0,55,N/A
2026-04-15 10:53:53.487,MangaOCRExtractor.extract from ./tmp/yolo-1024-95pbt-5pbv-cpu/crops_MemorySeijin_017_L/MemorySeijin_017_L_bubble_003.png,51.5,6291.6,53.4,1076.7,0,60.4,1987.6,2048.0,56,N/A
2026-04-15 10:53:53.988,MangaOCRExtractor.extract from ./tmp/yolo-1024-95pbt-5pbv-cpu/crops_MemorySeijin_017_L/MemorySeijin_017_L_bubble_005.png,52.0,6291.2,53.4,1076.8,0,60.4,1987.6,2048.0,56,N/A
2026-04-15 10:53:54.489,MangaOCRExtractor.extract from ./tmp/yolo-1024-95pbt-5pbv-cpu/crops_MemorySeijin_017_R/MemorySeijin_017_R_bubble_007.png,51.6,6291.2,53.4,1076.8,0,60.4,1987.6,2048.0,56,N/A
2026-04-15 10:53:54.990,MangaOCRExtractor.extract from ./tmp/yolo-1024-95pbt-5pbv-cpu/crops_MemorySeijin_017_R/MemorySeijin_017_R_bubble_009.png,52.0,6290.3,53.4,1076.8,0,60.4,1987.6,2048.0,56,N/A
2026-04-15 10:53:55.492,MangaOCRExtractor.extract from ./tmp/yolo-1024-95pbt-5pbv-cpu/crops_MemorySeijin_017_R/MemorySeijin_017_R_bubble_009.png,34.7,6297.6,53.5,1083.2,0,60.4,1987.6,2048.0,56,N/A
2026-04-15 10:53:55.993,Translating ん？,32.3,6283.6,53.4,1083.8,0,60.4,1987.6,2048.0,56,N/A
2026-04-15 10:53:56.494,Translating 消えちゃったぁ．．．．．．,54.3,6283.4,53.4,1083.8,0,60.4,1987.6,2048.0,57,N/A
2026-04-15 10:53:56.995,Translating 消えちゃったぁ．．．．．．,38.8,6296.3,53.5,1083.8,0,60.4,1987.6,2048.0,57,N/A
2026-04-15 10:53:57.496,Translating 消えちゃったぁ．．．．．．,50.9,6296.3,53.5,1083.8,0,60.4,1987.6,2048.0,57,N/A
2026-04-15 10:53:57.997,Translating 消えちゃったぁ．．．．．．,50.5,6288.8,53.4,1083.8,0,60.4,1987.6,2048.0,57,N/A
2026-04-15 10:53:58.498,Translating ねえねえいまのみてた！？,48.1,6288.0,53.4,1083.8,0,60.4,1987.6,2048.0,57,N/A
2026-04-15 10:53:58.999,Translating ねえねえいまのみてた！？,40.9,6284.4,53.4,1083.8,0,60.4,1987.6,2048.0,57,N/A
2026-04-15 10:53:59.500,Translating ねえねえいまのみてた！？,50.0,6284.3,53.4,1083.8,0,60.4,1987.6,2048.0,57,N/A
2026-04-15 10:54:00.001,Translating ねえねえいまのみてた！？,49.9,6280.6,53.3,1083.8,0,60.4,1987.6,2048.0,57,N/A
2026-04-15 10:54:00.503,Translating ねえねえいまのみてた！？,51.0,6280.4,53.3,1083.8,0,60.4,1987.6,2048.0,57,N/A
2026-04-15 10:54:01.004,Translating あれ？,43.4,6267.6,53.2,1083.8,0,60.4,1987.6,2048.0,57,N/A
2026-04-15 10:54:01.505,Translating あれ？,46.2,6267.6,53.2,1083.8,0,60.4,1987.6,2048.0,57,N/A
2026-04-15 10:54:02.006,Translating あ．．．．．！,49.3,6268.8,53.2,1083.9,0,60.4,1987.6,2048.0,57,N/A
2026-04-15 10:54:02.507,Translating あ．．．．．！,43.9,6294.7,53.5,1083.9,0,60.4,1987.6,2048.0,56,N/A
2026-04-15 10:54:03.008,Translating あ．．．．．！,50.1,6293.6,53.4,1083.9,0,60.4,1987.6,2048.0,57,N/A
2026-04-15 10:54:03.509,Translating すごいすごぉい！,45.6,6294.9,53.5,1083.9,0,60.4,1987.6,2048.0,57,N/A
2026-04-15 10:54:04.010,Translating すごいすごぉい！,45.2,6293.3,53.4,1083.9,0,60.4,1987.6,2048.0,57,N/A
2026-04-15 10:54:04.511,Translating すごいすごぉい！,51.1,6298.8,53.5,1083.9,0,60.4,1987.6,2048.0,57,N/A
2026-04-15 10:54:05.013,Translating わあそらとぶえんばん！！,39.3,6281.2,53.3,1083.9,0,60.4,1987.6,2048.0,56,N/A
2026-04-15 10:54:05.514,Translating わあそらとぶえんばん！！,50.1,6281.2,53.3,1083.9,0,60.4,1987.6,2048.0,56,N/A
2026-04-15 10:54:06.015,Translating わあそらとぶえんばん！！,49.9,6279.6,53.3,1083.9,0,60.4,1987.6,2048.0,56,N/A
2026-04-15 10:54:06.516,Translating わあそらとぶえんばん！！,49.8,6277.9,53.3,1083.9,0,60.4,1987.6,2048.0,56,N/A
2026-04-15 10:54:07.017,BubbleTypesetter._apply_cleaning,57.1,6279.8,53.3,1084.0,0,60.4,1987.6,2048.0,56,N/A
2026-04-15 10:54:07.518,BubbleTypesetter._apply_cleaning,13.2,6271.9,53.3,1090.8,0,60.4,1987.6,2048.0,56,N/A
