timestamp,label,cpu_percent,ram_used_mb,ram_percent,proc_ram_used_mb,gpu_util_percent,gpu_mem_used_mb,gpu_mem_free_mb,gpu_mem_total_mb,gpu_temp_c,gpu_power_w
2026-04-25 15:50:11.979,yolo_start,0.0,8015.8,33.5,40.0,0,807.6,11480.4,12288.0,46,20.053
2026-04-25 15:50:12.491,EngineOCRFactory._setup_engine,23.4,8262.9,34.5,523.2,0,801.8,11486.2,12288.0,46,20.144
2026-04-25 15:50:13.025,EngineOCRFactory._setup_engine,10.2,8304.5,34.7,566.3,0,800.6,11487.4,12288.0,46,20.211
2026-04-25 15:50:13.534,EngineOCRFactory._setup_engine,9.9,8367.2,35.0,677.8,42,794.1,11493.9,12288.0,47,20.508
2026-04-25 15:50:14.038,EngineOCRFactory._run,11.8,8457.9,35.4,777.1,0,780.2,11507.8,12288.0,47,21.096
2026-04-25 15:50:14.539,EngineOCRFactory._run,50.1,8720.5,36.5,893.1,1,776.2,11511.8,12288.0,46,20.713
2026-04-25 15:50:15.040,EngineOCRFactory._run,27.7,8730.9,36.5,933.6,28,775.9,11512.1,12288.0,46,20.161
2026-04-25 15:50:15.541,EngineOCRFactory._run,29.5,8966.2,37.5,1167.3,8,779.4,11508.6,12288.0,47,20.102
2026-04-25 15:50:16.041,EngineOCRFactory._run,39.4,9088.9,38.0,1289.0,44,791.6,11496.4,12288.0,47,20.653
2026-04-25 15:50:16.637,MangaOCRExtractor.extract from ./tmp-new-teste/1024-95-pbt-cpu-only/crops_AisazuNihaIrarenai_001_L/AisazuNihaIrarenai_001_L_bubble_001.png,47.0,9094.8,38.0,1293.8,42,791.6,11496.4,12288.0,47,21.286
2026-04-25 15:50:17.607,yolo_start,0.0,8181.8,34.2,40.0,6,792.4,11495.6,12288.0,47,22.202
2026-04-25 15:50:18.120,EngineOCRFactory._setup_engine,26.1,8412.0,35.2,520.8,19,793.7,11494.3,12288.0,47,22.491
2026-04-25 15:50:18.677,EngineOCRFactory._setup_engine,10.5,8459.4,35.4,566.2,19,800.2,11487.8,12288.0,47,22.677
2026-04-25 15:50:19.187,EngineOCRFactory._setup_engine,24.6,8503.9,35.6,676.8,62,826.0,11462.0,12288.0,47,22.671
2026-04-25 15:50:19.704,EngineOCRFactory._run,10.3,8590.0,35.9,757.5,0,828.8,11459.2,12288.0,47,22.209
2026-04-25 15:50:20.204,EngineOCRFactory._run,51.1,8787.1,36.7,942.9,17,822.1,11465.9,12288.0,47,22.082
2026-04-25 15:50:20.707,EngineOCRFactory._run,36.2,8746.8,36.6,917.5,19,841.6,11446.4,12288.0,47,22.496
2026-04-25 15:50:21.209,EngineOCRFactory._run,19.4,9004.1,37.6,1185.3,0,821.9,11466.1,12288.0,47,22.58
2026-04-25 15:50:21.710,EngineOCRFactory._run,33.1,9117.7,38.1,1298.7,0,815.4,11472.6,12288.0,47,22.053
2026-04-25 15:50:22.211,MangaOCRExtractor.extract from ./tmp-new-teste/1024-95-pbt-cpu-only/crops_AisazuNihaIrarenai_002_L/AisazuNihaIrarenai_002_L_bubble_001.png,53.4,9098.5,38.0,1304.9,0,805.8,11482.2,12288.0,46,20.706
2026-04-25 15:50:22.711,MangaOCRExtractor.extract from ./tmp-new-teste/1024-95-pbt-cpu-only/crops_AisazuNihaIrarenai_002_L/AisazuNihaIrarenai_002_L_bubble_003.png,53.1,9099.5,38.0,1305.0,0,805.4,11482.6,12288.0,46,19.797
2026-04-25 15:50:23.212,MangaOCRExtractor.extract from ./tmp-new-teste/1024-95-pbt-cpu-only/crops_AisazuNihaIrarenai_002_L/AisazuNihaIrarenai_002_L_bubble_005.png,51.6,9041.3,37.8,1305.0,16,805.3,11482.7,12288.0,46,19.656
2026-04-25 15:50:23.713,MangaOCRExtractor.extract from ./tmp-new-teste/1024-95-pbt-cpu-only/crops_AisazuNihaIrarenai_002_R/AisazuNihaIrarenai_002_R_bubble_007.png,51.3,9041.3,37.8,1305.1,0,802.4,11485.6,12288.0,46,19.63
2026-04-25 15:50:24.214,MangaOCRExtractor.extract from ./tmp-new-teste/1024-95-pbt-cpu-only/crops_AisazuNihaIrarenai_002_R/AisazuNihaIrarenai_002_R_bubble_009.png,51.8,9041.3,37.8,1305.1,0,776.2,11511.8,12288.0,46,19.61
2026-04-25 15:50:24.714,MangaOCRExtractor.extract from ./tmp-new-teste/1024-95-pbt-cpu-only/crops_AisazuNihaIrarenai_002_R/AisazuNihaIrarenai_002_R_bubble_011.png,58.9,9037.1,37.8,1305.1,0,767.2,11520.8,12288.0,46,19.612
2026-04-25 15:50:25.215,MangaOCRExtractor.extract from ./tmp-new-teste/1024-95-pbt-cpu-only/crops_AisazuNihaIrarenai_002_R/AisazuNihaIrarenai_002_R_bubble_012.png,52.3,9034.1,37.8,1305.8,0,767.2,11520.8,12288.0,46,19.556
2026-04-25 15:50:25.716,MangaOCRExtractor.extract from ./tmp-new-teste/1024-95-pbt-cpu-only/crops_AisazuNihaIrarenai_002_R/AisazuNihaIrarenai_002_R_bubble_013.png,53.5,9034.5,37.8,1305.9,28,752.2,11535.8,12288.0,47,19.589
2026-04-25 15:50:26.217,MangaOCRExtractor.extract from ./tmp-new-teste/1024-95-pbt-cpu-only/crops_AisazuNihaIrarenai_002_R/AisazuNihaIrarenai_002_R_bubble_014.png,53.5,9033.5,37.8,1305.9,39,752.2,11535.8,12288.0,46,19.915
2026-04-25 15:50:26.719,Translating 考えてみればー,16.8,8727.3,36.5,936.7,51,752.2,11535.8,12288.0,46,20.167
2026-04-25 15:50:27.220,Translating 考えてみればー,53.1,8645.8,36.1,936.7,29,752.2,11535.8,12288.0,46,20.214
2026-04-25 15:50:27.721,Translating 電源ＩＮ,42.9,8646.5,36.2,936.7,17,752.2,11535.8,12288.0,46,20.188
2026-04-25 15:50:28.223,Translating スイッチＯＮ,42.9,8626.2,36.1,936.7,0,752.2,11535.8,12288.0,46,19.808
2026-04-25 15:50:28.723,Translating あいつよくひとりであそこまでやれるな,44.7,8623.1,36.1,936.7,0,752.2,11535.8,12288.0,46,19.67
2026-04-25 15:50:29.224,Translating あいつよくひとりであそこまでやれるな,51.1,8621.3,36.0,936.7,0,752.2,11535.8,12288.0,46,19.699
2026-04-25 15:50:29.726,Translating あいつよくひとりであそこまでやれるな,51.0,8626.1,36.1,936.7,0,752.2,11535.8,12288.0,46,19.587
2026-04-25 15:50:30.228,Translating あいつよくひとりであそこまでやれるな,51.2,8617.4,36.0,936.7,0,752.2,11535.8,12288.0,46,19.438
2026-04-25 15:50:30.730,Translating 準備ＯＫ！！,45.9,8612.7,36.0,936.7,0,752.2,11535.8,12288.0,46,19.506
2026-04-25 15:50:31.231,Translating 準備ＯＫ！！,51.2,8610.4,36.0,936.7,0,752.2,11535.8,12288.0,46,19.596
2026-04-25 15:50:31.732,Translating たけてるだけです！,44.9,8620.1,36.0,936.7,0,752.2,11535.8,12288.0,46,19.533
2026-04-25 15:50:32.233,Translating たけてるだけです！,52.6,8606.3,36.0,936.7,11,752.2,11535.8,12288.0,46,19.493
2026-04-25 15:50:32.735,Translating たけてるだけです！,58.1,8606.0,36.0,936.7,9,758.2,11529.8,12288.0,46,19.48
2026-04-25 15:50:33.237,Translating ではさっそく,56.4,8586.2,35.9,936.8,0,758.2,11529.8,12288.0,46,19.789
2026-04-25 15:50:33.738,Translating ではさっそく,44.8,8599.7,36.0,936.8,15,758.2,11529.8,12288.0,46,19.926
2026-04-25 15:50:34.240,Translating ではさっそく,67.9,8600.1,36.0,936.8,1,777.2,11510.8,12288.0,46,19.612
2026-04-25 15:50:34.742,Translating 若葉が最高に美しい季節,47.7,8611.9,36.0,936.8,47,777.4,11510.6,12288.0,46,20.035
2026-04-25 15:50:35.243,Translating 若葉が最高に美しい季節,54.8,8585.2,35.9,936.8,14,777.4,11510.6,12288.0,46,20.248
2026-04-25 15:50:35.745,Translating 若葉が最高に美しい季節,57.2,8581.0,35.9,936.8,45,778.4,11509.6,12288.0,46,20.633
2026-04-25 15:50:36.247,Translating 試運転といってみるかな,52.9,8586.6,35.9,936.8,57,781.4,11506.6,12288.0,46,21.153
2026-04-25 15:50:36.747,Translating 試運転といってみるかな,69.6,8585.0,35.9,936.8,39,786.2,11501.8,12288.0,46,21.183
2026-04-25 15:50:37.249,Translating 試運転といってみるかな,59.6,8594.1,35.9,936.8,45,786.1,11501.9,12288.0,47,21.113
2026-04-25 15:50:37.751,Translating いつのまにか時はもう５月,46.2,8594.6,35.9,936.8,21,786.1,11501.9,12288.0,47,21.911
2026-04-25 15:50:38.252,Translating いつのまにか時はもう５月,53.6,8570.3,35.8,936.8,4,783.2,11504.8,12288.0,46,22.368
2026-04-25 15:50:38.753,Translating いつのまにか時はもう５月,54.0,8564.8,35.8,936.8,20,783.2,11504.8,12288.0,47,22.088
2026-04-25 15:50:39.254,Translating パチンコでとった金は大きかった！！,45.8,8549.9,35.7,936.8,37,780.1,11507.9,12288.0,46,22.013
2026-04-25 15:50:39.755,Translating パチンコでとった金は大きかった！！,62.9,8558.0,35.8,936.8,20,781.6,11506.4,12288.0,46,21.465
2026-04-25 15:50:40.256,Translating パチンコでとった金は大きかった！！,65.8,8563.9,35.8,936.8,19,788.3,11499.7,12288.0,46,20.627
2026-04-25 15:50:40.758,Translating こういう季節ってするで感激しちゃうね！！,46.0,8580.2,35.9,936.8,0,784.3,11503.7,12288.0,46,20.457
2026-04-25 15:50:41.259,Translating こういう季節ってするで感激しちゃうね！！,53.7,8582.8,35.9,936.8,22,783.8,11504.2,12288.0,46,20.118
2026-04-25 15:50:41.760,Translating こういう季節ってするで感激しちゃうね！！,60.2,8592.1,35.9,936.8,42,780.1,11507.9,12288.0,47,20.334
2026-04-25 15:50:42.262,Translating つ．．．ついに買ったのね！！ピカピカのひとり用炊飯器を！！,55.3,8590.5,35.9,936.8,43,780.8,11507.2,12288.0,47,21.012
2026-04-25 15:50:42.764,Translating つ．．．ついに買ったのね！！ピカピカのひとり用炊飯器を！！,45.2,8578.4,35.9,936.8,35,780.8,11507.2,12288.0,46,20.911
2026-04-25 15:50:43.265,Translating つ．．．ついに買ったのね！！ピカピカのひとり用炊飯器を！！,56.5,8583.5,35.9,936.8,41,784.8,11503.2,12288.0,47,20.554
2026-04-25 15:50:43.767,Translating つ．．．ついに買ったのね！！ピカピカのひとり用炊飯器を！！,55.3,8583.9,35.9,936.8,32,784.3,11503.7,12288.0,47,20.908
2026-04-25 15:50:44.269,Translating つ．．．ついに買ったのね！！ピカピカのひとり用炊飯器を！！,64.6,8604.8,36.0,936.8,15,792.4,11495.6,12288.0,46,20.918
2026-04-25 15:50:44.770,BubbleTypesetter._typeset,53.0,8604.7,36.0,936.8,0,792.5,11495.5,12288.0,46,20.237
2026-04-25 15:50:45.277,BubbleTypesetter._wrap_text_pixel_width,25.8,8606.2,36.0,943.6,23,773.9,11514.1,12288.0,46,20.01
2026-04-25 15:50:45.862,BubbleTypesetter._wrap_text_pixel_width,10.1,8607.4,36.0,943.8,41,772.6,11515.4,12288.0,46,20.738
2026-04-25 15:50:46.423,BubbleTypesetter._apply_cleaning,10.1,8600.6,36.0,943.8,0,774.9,11513.1,12288.0,46,21.946
2026-04-25 15:50:47.391,yolo_start,0.0,8034.6,33.6,40.0,0,766.1,11521.9,12288.0,46,21.713
2026-04-25 15:50:47.908,EngineOCRFactory._setup_engine,22.0,8269.5,34.6,523.5,21,761.5,11526.5,12288.0,47,21.713
2026-04-25 15:50:48.446,EngineOCRFactory._setup_engine,9.8,8313.3,34.8,566.4,42,761.5,11526.5,12288.0,47,21.5
2026-04-25 15:50:48.954,EngineOCRFactory._setup_engine,9.9,8376.0,35.0,677.9,40,756.4,11531.6,12288.0,47,21.549
2026-04-25 15:50:49.459,EngineOCRFactory._setup_engine,9.1,8428.5,35.2,721.8,28,759.1,11528.9,12288.0,46,21.628
2026-04-25 15:50:49.960,EngineOCRFactory._run,51.3,8683.9,36.3,910.8,1,755.1,11532.9,12288.0,47,24.541
2026-04-25 15:50:50.461,EngineOCRFactory._run,33.9,8700.7,36.4,937.4,3,752.1,11535.9,12288.0,47,28.382
2026-04-25 15:50:50.965,EngineOCRFactory._run,19.7,8946.9,37.4,1184.2,5,752.1,11535.9,12288.0,47,30.022
2026-04-25 15:50:51.466,EngineOCRFactory._run,37.8,9059.0,37.9,1297.6,25,758.4,11529.6,12288.0,47,29.889
2026-04-25 15:50:51.967,MangaOCRExtractor.extract from ./tmp-new-teste/1024-95-pbt-cpu-only/crops_AisazuNihaIrarenai_003_L/AisazuNihaIrarenai_003_L_bubble_001.png,53.4,9074.5,37.9,1303.8,3,758.3,11529.7,12288.0,47,26.208
2026-04-25 15:50:52.467,MangaOCRExtractor.extract from ./tmp-new-teste/1024-95-pbt-cpu-only/crops_AisazuNihaIrarenai_003_L/AisazuNihaIrarenai_003_L_bubble_003.png,53.3,9074.5,37.9,1303.9,14,758.3,11529.7,12288.0,46,21.562
2026-04-25 15:50:52.968,MangaOCRExtractor.extract from ./tmp-new-teste/1024-95-pbt-cpu-only/crops_AisazuNihaIrarenai_003_L/AisazuNihaIrarenai_003_L_bubble_005.png,52.9,9068.5,37.9,1304.0,11,757.1,11530.9,12288.0,46,20.403
2026-04-25 15:50:53.469,MangaOCRExtractor.extract from ./tmp-new-teste/1024-95-pbt-cpu-only/crops_AisazuNihaIrarenai_003_L/AisazuNihaIrarenai_003_L_bubble_006.png,63.2,9085.4,38.0,1304.0,11,757.6,11530.4,12288.0,46,19.72
2026-04-25 15:50:53.970,MangaOCRExtractor.extract from ./tmp-new-teste/1024-95-pbt-cpu-only/crops_AisazuNihaIrarenai_003_R/AisazuNihaIrarenai_003_R_bubble_007.png,56.3,9074.2,37.9,1304.0,16,755.8,11532.2,12288.0,46,19.717
2026-04-25 15:50:54.471,MangaOCRExtractor.extract from ./tmp-new-teste/1024-95-pbt-cpu-only/crops_AisazuNihaIrarenai_003_R/AisazuNihaIrarenai_003_R_bubble_008.png,53.5,9075.2,37.9,1304.0,0,756.0,11532.0,12288.0,46,19.663
2026-04-25 15:50:55.027,MangaOCRExtractor.extract from ./tmp-new-teste/1024-95-pbt-cpu-only/crops_AisazuNihaIrarenai_003_R/AisazuNihaIrarenai_003_R_bubble_010.png,45.5,9030.5,37.8,1304.8,0,750.8,11537.2,12288.0,46,19.646
2026-04-25 15:50:55.528,MangaOCRExtractor.extract from ./tmp-new-teste/1024-95-pbt-cpu-only/crops_AisazuNihaIrarenai_003_R/AisazuNihaIrarenai_003_R_bubble_011.png,53.5,9028.6,37.7,1304.8,0,750.8,11537.2,12288.0,46,19.592
2026-04-25 15:50:56.029,MangaOCRExtractor.extract from ./tmp-new-teste/1024-95-pbt-cpu-only/crops_AisazuNihaIrarenai_003_R/AisazuNihaIrarenai_003_R_bubble_012.png,54.2,9034.8,37.8,1304.8,13,749.7,11538.3,12288.0,46,19.793
2026-04-25 15:50:56.530,MangaOCRExtractor.extract from ./tmp-new-teste/1024-95-pbt-cpu-only/crops_AisazuNihaIrarenai_003_R/AisazuNihaIrarenai_003_R_bubble_013.png,54.2,9037.7,37.8,1304.8,26,743.5,11544.5,12288.0,46,19.986
2026-04-25 15:50:57.031,MangaOCRExtractor.extract from ./tmp-new-teste/1024-95-pbt-cpu-only/crops_AisazuNihaIrarenai_003_R/AisazuNihaIrarenai_003_R_bubble_013.png,52.8,9037.7,37.8,1304.8,3,742.8,11545.2,12288.0,46,19.708
2026-04-25 15:50:57.532,MangaOCRExtractor.extract from ./tmp-new-teste/1024-95-pbt-cpu-only/crops_AisazuNihaIrarenai_003_R/AisazuNihaIrarenai_003_R_bubble_014.png,53.5,9038.7,37.8,1304.8,0,742.8,11545.2,12288.0,46,19.739
2026-04-25 15:50:58.033,Translating 実家からの手紙．．．？,27.7,8955.9,37.4,1214.6,0,742.8,11545.2,12288.0,46,19.79
2026-04-25 15:50:58.534,Translating 実家からの手紙．．．？,59.7,8960.4,37.5,1214.6,45,741.9,11546.1,12288.0,47,20.046
2026-04-25 15:50:59.036,Translating あ麻美さんそれ,48.9,8934.3,37.4,1214.6,45,741.9,11546.1,12288.0,47,20.726
2026-04-25 15:50:59.537,Translating あ麻美さんそれ,55.7,8917.7,37.3,1214.6,14,737.9,11550.1,12288.0,46,20.944
2026-04-25 15:51:00.038,Translating あ麻美さんそれ,66.9,8922.4,37.3,1214.6,34,748.2,11539.8,12288.0,47,20.905
2026-04-25 15:51:00.540,Translating またパチンコやろうかな,46.7,8946.6,37.4,1214.6,43,763.2,11524.8,12288.0,46,21.089
2026-04-25 15:51:01.041,Translating またパチンコやろうかな,62.8,8955.0,37.4,1214.6,49,765.7,11522.3,12288.0,46,20.794
2026-04-25 15:51:01.542,Translating またパチンコやろうかな,62.3,8968.8,37.5,1214.6,43,765.9,11522.1,12288.0,47,21.002
2026-04-25 15:51:02.044,Translating でもあんなまぐれはもう一生ない気もする．．．,48.5,8976.4,37.5,1214.6,19,765.1,11522.9,12288.0,47,21.906
2026-04-25 15:51:02.545,Translating でもあんなまぐれはもう一生ない気もする．．．,58.7,8991.7,37.6,1214.6,26,765.2,11522.8,12288.0,47,22.192
2026-04-25 15:51:03.047,Translating でもあんなまぐれはもう一生ない気もする．．．,81.8,9000.5,37.6,1214.6,20,764.5,11523.5,12288.0,47,22.423
2026-04-25 15:51:03.549,Translating でもあんなまぐれはもう一生ない気もする．．．,61.6,8982.5,37.6,1214.6,1,764.6,11523.4,12288.0,46,22.021
2026-04-25 15:51:04.050,Translating でもあんなまぐれはもう一生ない気もする．．．,58.8,8980.3,37.5,1214.6,0,764.5,11523.5,12288.0,46,20.541
2026-04-25 15:51:04.553,Translating しかしいいバイトってなかなかめっかんないもんだちゃ．．．,49.8,8983.3,37.6,1214.6,1,760.5,11527.5,12288.0,46,19.843
2026-04-25 15:51:05.053,Translating しかしいいバイトってなかなかめっかんないもんだちゃ．．．,60.1,8986.4,37.6,1214.6,45,760.1,11527.9,12288.0,46,20.352
2026-04-25 15:51:05.555,Translating しかしいいバイトってなかなかめっかんないもんだちゃ．．．,60.8,8977.8,37.5,1214.6,44,760.1,11527.9,12288.0,47,20.885
2026-04-25 15:51:06.057,Translating 九州ラーメンの差で,59.1,8969.7,37.5,1214.6,2,749.1,11538.9,12288.0,46,20.696
2026-04-25 15:51:06.557,Translating 九州ラーメンの差で,54.9,8979.6,37.5,1214.6,1,744.8,11543.2,12288.0,46,20.095
2026-04-25 15:51:07.059,Translating でもライスンおいしいんだもん,65.1,8973.3,37.5,1214.6,43,744.4,11543.6,12288.0,47,20.459
2026-04-25 15:51:07.561,Translating でもライスンおいしいんだもん,46.1,8957.4,37.5,1214.6,1,744.4,11543.6,12288.0,46,20.63
2026-04-25 15:51:08.062,Translating でもライスンおいしいんだもん,59.3,8945.5,37.4,1214.6,42,744.4,11543.6,12288.0,47,20.744
2026-04-25 15:51:08.564,Translating でもライスンおいしいんだもん,64.4,8953.0,37.4,1214.6,40,744.4,11543.6,12288.0,47,21.08
2026-04-25 15:51:09.066,Translating だかだか炊飲器にこんなにも感激するなんて,49.8,8967.8,37.5,1214.7,10,744.4,11543.6,12288.0,46,21.631
2026-04-25 15:51:09.567,Translating だかだか炊飲器にこんなにも感激するなんて,59.6,8971.4,37.5,1214.7,20,744.4,11543.6,12288.0,47,21.75
2026-04-25 15:51:10.068,Translating だかだか炊飲器にこんなにも感激するなんて,60.7,8969.0,37.5,1214.7,21,744.4,11543.6,12288.0,47,22.167
2026-04-25 15:51:10.569,Translating だかだか炊飲器にこんなにも感激するなんて,57.2,8970.9,37.5,1214.7,0,744.4,11543.6,12288.0,46,22.067
2026-04-25 15:51:11.071,Translating しかしあたしなんだってラーメンをおかずにしてるんだろう,55.6,8971.6,37.5,1214.7,0,744.4,11543.6,12288.0,46,20.757
2026-04-25 15:51:11.572,Translating しかしあたしなんだってラーメンをおかずにしてるんだろう,57.3,8980.4,37.5,1214.7,0,744.4,11543.6,12288.0,46,19.929
2026-04-25 15:51:12.073,Translating しかしあたしなんだってラーメンをおかずにしてるんだろう,61.4,8982.0,37.6,1214.7,44,744.4,11543.6,12288.0,46,20.469
2026-04-25 15:51:12.576,Translating しかしあたしなんだってラーメンをおかずにしてるんだろう,78.3,9006.5,37.7,1214.7,0,744.4,11543.6,12288.0,46,20.82
2026-04-25 15:51:13.078,Translating しかしあたしなんだってラーメンをおかずにしてるんだろう,69.2,8973.6,37.5,1214.7,1,747.4,11540.6,12288.0,46,20.222
2026-04-25 15:51:13.579,Translating もうラーメンからはなれられない体質になってたりして,62.5,8972.8,37.5,1214.7,29,755.2,11532.8,12288.0,46,20.11
2026-04-25 15:51:14.080,Translating もうラーメンからはなれられない体質になってたりして,49.9,8975.2,37.5,1214.7,0,755.2,11532.8,12288.0,46,20.337
2026-04-25 15:51:14.581,Translating もうラーメンからはなれられない体質になってたりして,57.6,8984.1,37.6,1214.7,0,755.2,11532.8,12288.0,46,19.967
2026-04-25 15:51:15.084,Translating もうラーメンからはなれられない体質になってたりして,59.2,8982.8,37.6,1214.7,0,755.2,11532.8,12288.0,46,19.711
2026-04-25 15:51:15.586,Translating もうラーメンからはなれられない体質になってたりして,65.9,8980.7,37.5,1214.7,8,770.1,11517.9,12288.0,46,19.797
2026-04-25 15:51:16.087,Translating 働き者の母親を持つと娘はなーんもできなくなるって本当だなあ,74.3,8972.9,37.5,1214.7,62,789.2,11498.8,12288.0,47,20.52
2026-04-25 15:51:16.588,Translating 働き者の母親を持つと娘はなーんもできなくなるって本当だなあ,50.0,8976.1,37.5,1214.7,0,785.4,11502.6,12288.0,46,20.728
2026-04-25 15:51:17.090,Translating 働き者の母親を持つと娘はなーんもできなくなるって本当だなあ,59.4,8979.1,37.5,1214.7,22,784.4,11503.6,12288.0,46,20.732
2026-04-25 15:51:17.592,Translating 働き者の母親を持つと娘はなーんもできなくなるって本当だなあ,59.7,8967.1,37.5,1214.7,0,784.4,11503.6,12288.0,46,20.769
2026-04-25 15:51:18.094,Translating 働き者の母親を持つと娘はなーんもできなくなるって本当だなあ,56.1,8993.7,37.6,1214.7,1,780.8,11507.2,12288.0,46,20.488
2026-04-25 15:51:18.595,Translating あたしって実家にいた時はつくづく万事を母さんにまかせっきりだったのね,59.5,8987.4,37.6,1214.7,30,778.7,11509.3,12288.0,46,19.863
2026-04-25 15:51:19.096,Translating あたしって実家にいた時はつくづく万事を母さんにまかせっきりだったのね,48.0,8977.9,37.5,1214.7,0,777.6,11510.4,12288.0,46,20.097
2026-04-25 15:51:19.598,Translating あたしって実家にいた時はつくづく万事を母さんにまかせっきりだったのね,59.8,8982.0,37.6,1214.7,23,777.6,11510.4,12288.0,46,20.676
2026-04-25 15:51:20.100,Translating あたしって実家にいた時はつくづく万事を母さんにまかせっきりだったのね,57.3,8976.3,37.5,1214.7,11,777.6,11510.4,12288.0,46,20.889
2026-04-25 15:51:20.601,Translating あたしって実家にいた時はつくづく万事を母さんにまかせっきりだったのね,57.2,8971.6,37.5,1214.7,0,777.6,11510.4,12288.0,46,20.44
2026-04-25 15:51:21.103,Translating 冷蔵庫とかテレビとか買ったら気イ変になるんじゃなかろうか,56.3,8957.4,37.5,1214.7,0,750.3,11537.7,12288.0,46,19.654
2026-04-25 15:51:21.604,Translating 冷蔵庫とかテレビとか買ったら気イ変になるんじゃなかろうか,53.1,8965.6,37.5,1214.7,0,750.3,11537.7,12288.0,46,19.797
2026-04-25 15:51:22.106,Translating 冷蔵庫とかテレビとか買ったら気イ変になるんじゃなかろうか,67.1,8973.8,37.5,1214.7,24,769.8,11518.2,12288.0,46,20.353
2026-04-25 15:51:22.607,Translating 冷蔵庫とかテレビとか買ったら気イ変になるんじゃなかろうか,64.8,8974.8,37.5,1214.7,27,777.4,11510.6,12288.0,46,20.901
2026-04-25 15:51:23.114,BubbleTypesetter._process_bubble,61.7,8971.1,37.5,1220.2,1,777.4,11510.6,12288.0,46,20.399
2026-04-25 15:51:23.676,BubbleTypesetter._apply_cleaning,11.2,8947.8,37.4,1221.6,0,777.4,11510.6,12288.0,46,19.961
2026-04-25 15:51:24.182,BubbleTypesetter._wrap_text_pixel_width,12.6,8952.9,37.4,1221.7,57,775.2,11512.8,12288.0,46,20.561
2026-04-25 15:51:24.767,BubbleTypesetter._apply_cleaning,11.9,8948.7,37.4,1221.7,27,779.5,11508.5,12288.0,46,21.119
2026-04-25 15:51:25.952,yolo_start,0.0,8107.5,33.9,40.0,41,785.4,11502.6,12288.0,47,21.194
2026-04-25 15:51:26.461,EngineOCRFactory._setup_engine,31.2,8346.4,34.9,516.8,6,777.9,11510.1,12288.0,46,21.869
2026-04-25 15:51:26.971,EngineOCRFactory._setup_engine,11.0,8393.4,35.1,565.4,24,777.8,11510.2,12288.0,46,21.933
2026-04-25 15:51:27.495,EngineOCRFactory._setup_engine,9.9,8437.4,35.3,674.0,19,777.4,11510.6,12288.0,47,21.874
2026-04-25 15:51:28.081,EngineOCRFactory._setup_engine,14.4,8468.1,35.4,697.0,33,820.8,11467.2,12288.0,46,21.717
2026-04-25 15:51:28.583,EngineOCRFactory._run,47.5,8816.8,36.9,963.9,0,838.9,11449.1,12288.0,47,24.26
2026-04-25 15:51:29.086,EngineOCRFactory._run,48.8,8869.3,37.1,1021.4,3,834.7,11453.3,12288.0,47,28.519
2026-04-25 15:51:29.587,EngineOCRFactory._run,14.4,9051.2,37.8,1209.3,0,834.7,11453.3,12288.0,47,30.06
2026-04-25 15:51:30.088,EngineOCRFactory._run,34.4,9089.4,38.0,1744.0,24,830.1,11457.9,12288.0,47,29.399
2026-04-25 15:51:30.589,MangaOCRExtractor.extract from ./tmp-new-teste/1024-95-pbt-cpu-only/crops_AisazuNihaIrarenai_004_L/AisazuNihaIrarenai_004_L_bubble_001.png,51.2,9088.9,38.0,1328.9,0,822.0,11466.0,12288.0,46,25.749
2026-04-25 15:51:31.090,MangaOCRExtractor.extract from ./tmp-new-teste/1024-95-pbt-cpu-only/crops_AisazuNihaIrarenai_004_L/AisazuNihaIrarenai_004_L_bubble_004.png,53.9,9090.8,38.0,1329.1,27,809.8,11478.2,12288.0,47,21.675
2026-04-25 15:51:31.591,MangaOCRExtractor.extract from ./tmp-new-teste/1024-95-pbt-cpu-only/crops_AisazuNihaIrarenai_004_L/AisazuNihaIrarenai_004_L_bubble_005.png,55.3,9093.0,38.0,1329.1,38,794.4,11493.6,12288.0,46,21.468
2026-04-25 15:51:32.091,MangaOCRExtractor.extract from ./tmp-new-teste/1024-95-pbt-cpu-only/crops_AisazuNihaIrarenai_004_L/AisazuNihaIrarenai_004_L_bubble_007.png,54.2,9093.0,38.0,1329.1,14,794.4,11493.6,12288.0,46,21.168
2026-04-25 15:51:32.592,MangaOCRExtractor.extract from ./tmp-new-teste/1024-95-pbt-cpu-only/crops_AisazuNihaIrarenai_004_L/AisazuNihaIrarenai_004_L_bubble_008.png,53.0,9093.0,38.0,1329.1,2,794.4,11493.6,12288.0,46,20.263
2026-04-25 15:51:33.093,MangaOCRExtractor.extract from ./tmp-new-teste/1024-95-pbt-cpu-only/crops_AisazuNihaIrarenai_004_L/AisazuNihaIrarenai_004_L_bubble_009.png,54.8,9058.0,37.9,1329.1,14,783.0,11505.0,12288.0,46,20.335
2026-04-25 15:51:33.594,MangaOCRExtractor.extract from ./tmp-new-teste/1024-95-pbt-cpu-only/crops_AisazuNihaIrarenai_004_L/AisazuNihaIrarenai_004_L_bubble_011.png,52.7,9043.9,37.8,1329.9,2,762.0,11526.0,12288.0,46,19.82
2026-04-25 15:51:34.095,MangaOCRExtractor.extract from ./tmp-new-teste/1024-95-pbt-cpu-only/crops_AisazuNihaIrarenai_004_R/AisazuNihaIrarenai_004_R_bubble_013.png,51.4,9037.5,37.8,1329.9,8,748.9,11539.1,12288.0,46,19.434
2026-04-25 15:51:34.596,MangaOCRExtractor.extract from ./tmp-new-teste/1024-95-pbt-cpu-only/crops_AisazuNihaIrarenai_004_R/AisazuNihaIrarenai_004_R_bubble_015.png,52.2,9037.5,37.8,1329.9,15,748.9,11539.1,12288.0,46,19.546
2026-04-25 15:51:35.097,MangaOCRExtractor.extract from ./tmp-new-teste/1024-95-pbt-cpu-only/crops_AisazuNihaIrarenai_004_R/AisazuNihaIrarenai_004_R_bubble_016.png,52.1,9032.7,37.8,1330.0,0,748.9,11539.1,12288.0,46,19.57
2026-04-25 15:51:35.690,MangaOCRExtractor.extract from ./tmp-new-teste/1024-95-pbt-cpu-only/crops_AisazuNihaIrarenai_004_R/AisazuNihaIrarenai_004_R_bubble_017.png,42.2,8741.4,36.5,1018.4,38,749.0,11539.0,12288.0,46,19.79
2026-04-25 15:51:36.203,Translating どうしたの？,28.3,8729.1,36.5,1023.7,0,749.0,11539.0,12288.0,46,19.647
2026-04-25 15:51:36.704,Translating なっなに？,54.9,8729.9,36.5,1023.7,46,749.0,11539.0,12288.0,46,19.823
2026-04-25 15:51:37.206,Translating なっなに？,46.1,8729.1,36.5,1023.7,0,749.0,11539.0,12288.0,46,20.251
2026-04-25 15:51:37.707,Translating し．．．仕送りを．．．,50.5,8748.8,36.6,1023.7,40,749.0,11539.0,12288.0,46,20.445
2026-04-25 15:51:38.208,Translating し．．．仕送りを．．．,53.7,8746.7,36.6,1023.7,6,745.2,11542.8,12288.0,46,19.911
2026-04-25 15:51:38.710,Translating 来月から仕送りを半分にへらさせてくれって～,53.1,8729.3,36.5,1023.8,44,745.2,11542.8,12288.0,46,20.592
2026-04-25 15:51:39.211,Translating 来月から仕送りを半分にへらさせてくれって～,49.6,8727.7,36.5,1023.8,0,745.2,11542.8,12288.0,46,20.681
2026-04-25 15:51:39.712,Translating 来月から仕送りを半分にへらさせてくれって～,53.8,8729.7,36.5,1023.8,43,745.2,11542.8,12288.0,46,20.844
2026-04-25 15:51:40.214,Translating 来月から仕送りを半分にへらさせてくれって～,51.8,8716.3,36.4,1023.8,6,745.2,11542.8,12288.0,46,21.197
2026-04-25 15:51:40.715,Translating やだどうしたの？なんて書いてあったの！,45.6,8732.4,36.5,1023.8,21,745.2,11542.8,12288.0,46,21.323
2026-04-25 15:51:41.216,Translating やだどうしたの？なんて書いてあったの！,57.7,8733.7,36.5,1023.8,20,745.2,11542.8,12288.0,47,21.23
2026-04-25 15:51:41.718,Translating やだどうしたの？なんて書いてあったの！,54.9,8736.0,36.5,1023.8,22,745.2,11542.8,12288.0,47,22.076
2026-04-25 15:51:42.220,Translating ヰセキの田植え機のローンが払えないんだってー,46.1,8700.2,36.4,1023.8,22,745.2,11542.8,12288.0,46,21.888
2026-04-25 15:51:42.720,Translating ヰセキの田植え機のローンが払えないんだってー,52.7,8700.7,36.4,1023.8,18,745.2,11542.8,12288.0,46,20.686
2026-04-25 15:51:43.222,Translating ヰセキの田植え機のローンが払えないんだってー,53.7,8697.4,36.4,1023.8,44,745.2,11542.8,12288.0,46,20.609
2026-04-25 15:51:43.724,Translating ヰセキの田植え機のローンが払えないんだってー,51.2,8701.6,36.4,1023.8,0,745.2,11542.8,12288.0,46,20.82
2026-04-25 15:51:44.225,Translating ひ．．．ひどいっ！！あんまりだ母さん！！,46.9,8700.3,36.4,1023.8,0,745.2,11542.8,12288.0,46,20.026
2026-04-25 15:51:44.726,Translating ひ．．．ひどいっ！！あんまりだ母さん！！,50.7,8700.5,36.4,1023.8,0,745.2,11542.8,12288.0,46,19.603
2026-04-25 15:51:45.227,Translating ひ．．．ひどいっ！！あんまりだ母さん！！,56.2,8671.9,36.3,1023.8,38,745.2,11542.8,12288.0,46,20.22
2026-04-25 15:51:45.729,Translating ひ．．．ひどいっ！！あんまりだ母さん！！,52.5,8680.9,36.3,1023.8,4,745.2,11542.8,12288.0,46,20.466
2026-04-25 15:51:46.231,Translating ひ．．．ひどいっ！！あんまりだ母さん！！,54.5,8686.9,36.3,1023.8,0,750.9,11537.1,12288.0,46,19.912
2026-04-25 15:51:46.733,Translating やっぱり国立大学に行ってほしかっただなんていまさら～,48.3,8670.3,36.2,1023.8,33,750.9,11537.1,12288.0,46,19.759
2026-04-25 15:51:47.234,Translating やっぱり国立大学に行ってほしかっただなんていまさら～,56.1,8674.0,36.3,1023.8,43,750.9,11537.1,12288.0,47,20.465
2026-04-25 15:51:47.736,Translating やっぱり国立大学に行ってほしかっただなんていまさら～,54.5,8682.8,36.3,1023.8,42,750.9,11537.1,12288.0,47,21.007
2026-04-25 15:51:48.238,Translating あっあああっ,54.4,8670.5,36.3,1023.8,0,750.9,11537.1,12288.0,46,21.452
2026-04-25 15:51:48.742,Translating あっあああっ,45.5,8672.0,36.3,1023.8,19,750.9,11537.1,12288.0,47,21.659
2026-04-25 15:51:49.243,Translating えーーっ？,46.7,8674.3,36.3,1023.8,16,750.9,11537.1,12288.0,46,21.655
2026-04-25 15:51:49.744,Translating ああこれ？京都の両親からの手紙,48.2,8673.3,36.3,1023.8,45,750.9,11537.1,12288.0,46,21.156
2026-04-25 15:51:50.245,Translating ああこれ？京都の両親からの手紙,56.2,8673.9,36.3,1023.8,9,750.9,11537.1,12288.0,46,20.228
2026-04-25 15:51:50.747,Translating ああこれ？京都の両親からの手紙,56.1,8677.8,36.3,1023.8,45,750.9,11537.1,12288.0,46,20.557
2026-04-25 15:51:51.249,Translating あら歩おはよう！！,52.9,8659.8,36.2,1023.8,0,750.9,11537.1,12288.0,46,20.804
2026-04-25 15:51:51.751,Translating あら歩おはよう！！,46.5,8665.2,36.2,1023.8,13,750.9,11537.1,12288.0,46,20.306
2026-04-25 15:51:52.253,Translating いぃからいいから！！ほれあんたあてにも来てたわよ,66.7,8677.1,36.3,1023.8,54,753.8,11534.2,12288.0,46,19.838
2026-04-25 15:51:52.754,Translating いぃからいいから！！ほれあんたあてにも来てたわよ,41.4,8676.5,36.3,1023.8,2,759.6,11528.4,12288.0,46,19.817
2026-04-25 15:51:53.255,Translating いぃからいいから！！ほれあんたあてにも来てたわよ,69.4,8629.8,36.1,1023.8,46,746.2,11541.8,12288.0,46,20.027
2026-04-25 15:51:53.756,Translating いぃからいいから！！ほれあんたあてにも来てたわよ,60.2,8595.6,35.9,1023.8,36,746.8,11541.2,12288.0,46,20.518
2026-04-25 15:51:54.258,Translating いぃからいいから！！ほれあんたあてにも来てたわよ,55.4,8594.9,35.9,1023.8,7,746.7,11541.3,12288.0,46,20.556
2026-04-25 15:51:54.760,Translating いぃからいいから！！ほれあんたあてにも来てたわよ,55.1,8595.5,35.9,1023.8,33,746.7,11541.3,12288.0,46,19.928
2026-04-25 15:51:55.262,Translating なんで？なんてその手紙をそんなにしちゃうのよ,53.8,8599.2,36.0,1023.8,8,769.5,11518.5,12288.0,46,19.628
2026-04-25 15:51:55.763,Translating なんで？なんてその手紙をそんなにしちゃうのよ,60.2,8603.6,36.0,1023.8,44,770.1,11517.9,12288.0,46,20.135
2026-04-25 15:51:56.265,Translating なんで？なんてその手紙をそんなにしちゃうのよ,66.7,8611.4,36.0,1023.8,57,801.8,11486.2,12288.0,46,20.953
2026-04-25 15:51:56.766,Translating お．．．おはようって．．．なにやってんの？,75.3,8614.4,36.0,1023.8,45,800.9,11487.1,12288.0,46,21.423
2026-04-25 15:51:57.268,Translating お．．．おはようって．．．なにやってんの？,49.7,8620.3,36.0,1023.8,19,799.4,11488.6,12288.0,47,22.07
2026-04-25 15:51:57.768,Translating お．．．おはようって．．．なにやってんの？,55.8,8620.8,36.0,1023.8,20,799.4,11488.6,12288.0,47,22.694
2026-04-25 15:51:58.271,Translating お．．．おはようって．．．なにやってんの？,61.9,8630.7,36.1,1023.8,20,808.4,11479.6,12288.0,47,22.823
2026-04-25 15:51:58.772,BubbleTypesetter._apply_cleaning,41.6,8628.0,36.1,1030.8,42,809.6,11478.4,12288.0,47,22.365
2026-04-25 15:51:59.278,BubbleTypesetter._apply_cleaning,10.6,8628.2,36.1,1030.8,39,809.6,11478.4,12288.0,46,21.654
2026-04-25 15:51:59.794,BubbleTypesetter._apply_cleaning,10.1,8630.1,36.1,1030.8,38,809.6,11478.4,12288.0,46,21.273
2026-04-25 15:52:00.300,BubbleTypesetter._process_bubble,17.6,8638.4,36.1,1030.8,1,817.4,11470.6,12288.0,46,20.976
2026-04-25 15:52:01.357,yolo_start,0.0,8011.6,33.5,40.0,5,802.9,11485.1,12288.0,46,22.104
2026-04-25 15:52:01.870,EngineOCRFactory._setup_engine,25.0,8245.0,34.5,520.5,29,816.4,11471.6,12288.0,47,22.174
2026-04-25 15:52:02.379,EngineOCRFactory._setup_engine,10.2,8292.6,34.7,565.4,21,801.6,11486.4,12288.0,47,22.684
2026-04-25 15:52:02.887,EngineOCRFactory._setup_engine,9.8,8355.7,34.9,674.1,42,801.6,11486.4,12288.0,47,22.545
2026-04-25 15:52:03.390,EngineOCRFactory._setup_engine,9.3,8398.2,35.1,710.9,24,798.9,11489.1,12288.0,47,21.938
2026-04-25 15:52:03.892,EngineOCRFactory._run,46.0,8642.1,36.1,929.6,4,798.4,11489.6,12288.0,46,22.097
2026-04-25 15:52:04.393,EngineOCRFactory._run,55.9,8674.5,36.3,946.7,7,798.9,11489.1,12288.0,46,21.94
2026-04-25 15:52:04.896,EngineOCRFactory._run,12.9,8916.7,37.3,1198.3,3,798.9,11489.1,12288.0,46,21.496
2026-04-25 15:52:05.396,EngineOCRFactory._run,33.7,9041.1,37.8,1369.4,41,796.9,11491.1,12288.0,46,21.588
2026-04-25 15:52:05.899,EngineOCRFactory._run,53.2,9023.5,37.7,1321.4,33,795.1,11492.9,12288.0,47,21.316
2026-04-25 15:52:06.400,MangaOCRExtractor.extract from ./tmp-new-teste/1024-95-pbt-cpu-only/crops_AisazuNihaIrarenai_005_L/AisazuNihaIrarenai_005_L_bubble_003.png,55.3,9027.3,37.7,1321.7,44,790.7,11497.3,12288.0,46,21.022
2026-04-25 15:52:06.901,MangaOCRExtractor.extract from ./tmp-new-teste/1024-95-pbt-cpu-only/crops_AisazuNihaIrarenai_005_L/AisazuNihaIrarenai_005_L_bubble_005.png,63.6,9033.5,37.8,1321.7,44,816.8,11471.2,12288.0,46,21.105
2026-04-25 15:52:07.402,MangaOCRExtractor.extract from ./tmp-new-teste/1024-95-pbt-cpu-only/crops_AisazuNihaIrarenai_005_L/AisazuNihaIrarenai_005_L_bubble_006.png,67.2,9028.4,37.7,1321.7,15,818.4,11469.6,12288.0,47,21.553
2026-04-25 15:52:07.902,MangaOCRExtractor.extract from ./tmp-new-teste/1024-95-pbt-cpu-only/crops_AisazuNihaIrarenai_005_L/AisazuNihaIrarenai_005_L_bubble_008.png,55.8,8993.1,37.6,1321.7,13,818.4,11469.6,12288.0,46,21.652
2026-04-25 15:52:08.403,MangaOCRExtractor.extract from ./tmp-new-teste/1024-95-pbt-cpu-only/crops_AisazuNihaIrarenai_005_L/AisazuNihaIrarenai_005_L_bubble_009.png,53.3,8991.3,37.6,1321.7,20,815.9,11472.1,12288.0,47,22.108
2026-04-25 15:52:08.904,MangaOCRExtractor.extract from ./tmp-new-teste/1024-95-pbt-cpu-only/crops_AisazuNihaIrarenai_005_L/AisazuNihaIrarenai_005_L_bubble_010.png,53.2,8991.3,37.6,1322.5,6,816.9,11471.1,12288.0,47,22.523
2026-04-25 15:52:09.405,MangaOCRExtractor.extract from ./tmp-new-teste/1024-95-pbt-cpu-only/crops_AisazuNihaIrarenai_005_L/AisazuNihaIrarenai_005_L_bubble_012.png,51.9,8991.8,37.6,1322.5,1,811.2,11476.8,12288.0,46,21.349
2026-04-25 15:52:09.906,MangaOCRExtractor.extract from ./tmp-new-teste/1024-95-pbt-cpu-only/crops_AisazuNihaIrarenai_005_L/AisazuNihaIrarenai_005_L_bubble_013.png,52.5,8987.4,37.6,1322.5,21,802.4,11485.6,12288.0,46,19.899
2026-04-25 15:52:10.407,MangaOCRExtractor.extract from ./tmp-new-teste/1024-95-pbt-cpu-only/crops_AisazuNihaIrarenai_005_L/AisazuNihaIrarenai_005_L_bubble_014.png,51.1,8983.8,37.6,1322.6,15,801.2,11486.8,12288.0,46,19.722
2026-04-25 15:52:10.908,MangaOCRExtractor.extract from ./tmp-new-teste/1024-95-pbt-cpu-only/crops_AisazuNihaIrarenai_005_L/AisazuNihaIrarenai_005_L_bubble_015.png,51.1,8985.0,37.6,1322.6,6,801.2,11486.8,12288.0,46,19.766
2026-04-25 15:52:11.409,MangaOCRExtractor.extract from ./tmp-new-teste/1024-95-pbt-cpu-only/crops_AisazuNihaIrarenai_005_L/AisazuNihaIrarenai_005_L_bubble_016.png,52.4,8985.5,37.6,1322.6,1,800.6,11487.4,12288.0,46,19.604
2026-04-25 15:52:11.910,MangaOCRExtractor.extract from ./tmp-new-teste/1024-95-pbt-cpu-only/crops_AisazuNihaIrarenai_005_R/AisazuNihaIrarenai_005_R_bubble_018.png,51.4,8949.5,37.4,1322.6,0,787.9,11500.1,12288.0,46,19.61
2026-04-25 15:52:12.411,MangaOCRExtractor.extract from ./tmp-new-teste/1024-95-pbt-cpu-only/crops_AisazuNihaIrarenai_005_R/AisazuNihaIrarenai_005_R_bubble_020.png,51.4,8949.4,37.4,1322.6,7,770.2,11517.8,12288.0,46,19.614
2026-04-25 15:52:12.912,MangaOCRExtractor.extract from ./tmp-new-teste/1024-95-pbt-cpu-only/crops_AisazuNihaIrarenai_005_R/AisazuNihaIrarenai_005_R_bubble_022.png,51.8,8948.2,37.4,1322.7,0,770.1,11517.9,12288.0,46,19.574
2026-04-25 15:52:13.412,MangaOCRExtractor.extract from ./tmp-new-teste/1024-95-pbt-cpu-only/crops_AisazuNihaIrarenai_005_R/AisazuNihaIrarenai_005_R_bubble_023.png,51.1,8948.9,37.4,1322.7,16,770.1,11517.9,12288.0,46,19.642
2026-04-25 15:52:13.913,MangaOCRExtractor.extract from ./tmp-new-teste/1024-95-pbt-cpu-only/crops_AisazuNihaIrarenai_005_R/AisazuNihaIrarenai_005_R_bubble_024.png,50.9,8948.2,37.4,1322.7,0,753.8,11534.2,12288.0,46,19.534
2026-04-25 15:52:14.414,MangaOCRExtractor.extract from ./tmp-new-teste/1024-95-pbt-cpu-only/crops_AisazuNihaIrarenai_005_R/AisazuNihaIrarenai_005_R_bubble_026.png,52.1,8949.2,37.4,1322.7,0,753.8,11534.2,12288.0,46,19.565
2026-04-25 15:52:14.915,MangaOCRExtractor.extract from ./tmp-new-teste/1024-95-pbt-cpu-only/crops_AisazuNihaIrarenai_005_R/AisazuNihaIrarenai_005_R_bubble_027.png,50.9,8947.8,37.4,1322.7,6,753.8,11534.2,12288.0,46,19.594
2026-04-25 15:52:15.416,MangaOCRExtractor.extract from ./tmp-new-teste/1024-95-pbt-cpu-only/crops_AisazuNihaIrarenai_005_R/AisazuNihaIrarenai_005_R_bubble_028.png,51.0,8947.8,37.4,1322.7,0,753.8,11534.2,12288.0,46,19.537
2026-04-25 15:52:15.917,MangaOCRExtractor.extract from ./tmp-new-teste/1024-95-pbt-cpu-only/crops_AisazuNihaIrarenai_005_R/AisazuNihaIrarenai_005_R_bubble_029.png,51.5,8943.4,37.4,1322.8,0,753.8,11534.2,12288.0,46,19.529
2026-04-25 15:52:16.418,MangaOCRExtractor.extract from ./tmp-new-teste/1024-95-pbt-cpu-only/crops_AisazuNihaIrarenai_005_R/AisazuNihaIrarenai_005_R_bubble_030.png,41.9,8945.2,37.4,1322.8,0,753.8,11534.2,12288.0,46,19.635
2026-04-25 15:52:16.919,MangaOCRExtractor.extract from ./tmp-new-teste/1024-95-pbt-cpu-only/crops_AisazuNihaIrarenai_005_R/AisazuNihaIrarenai_005_R_bubble_031.png,50.9,8946.4,37.4,1322.8,0,753.8,11534.2,12288.0,46,19.705
2026-04-25 15:52:17.420,MangaOCRExtractor.extract from ./tmp-new-teste/1024-95-pbt-cpu-only/crops_AisazuNihaIrarenai_005_R/AisazuNihaIrarenai_005_R_bubble_032.png,52.2,8948.1,37.4,1322.8,0,753.8,11534.2,12288.0,46,19.602
2026-04-25 15:52:17.921,Translating なら,25.8,8572.9,35.8,973.6,0,753.8,11534.2,12288.0,46,19.571
2026-04-25 15:52:18.422,Translating ははは！！！？,49.3,8574.0,35.8,973.6,0,753.8,11534.2,12288.0,46,19.729
2026-04-25 15:52:18.922,Translating ははは！！！？,45.6,8574.5,35.8,973.6,0,753.8,11534.2,12288.0,46,19.774
2026-04-25 15:52:19.424,Translating 廃品回収,45.4,8580.1,35.9,973.6,10,753.8,11534.2,12288.0,46,19.594
2026-04-25 15:52:19.925,Translating キャラカ少なそう,51.5,8577.9,35.9,973.6,0,753.8,11534.2,12288.0,46,19.506
2026-04-25 15:52:20.427,Translating キャラカ少なそう,45.2,8564.0,35.8,973.6,4,753.8,11534.2,12288.0,46,19.487
2026-04-25 15:52:20.929,Translating キャラカ少なそう,50.7,8556.5,35.8,973.6,15,753.8,11534.2,12288.0,46,19.537
2026-04-25 15:52:21.431,Translating 郵便物の区分けとか,43.8,8563.0,35.8,973.6,0,753.8,11534.2,12288.0,46,19.572
2026-04-25 15:52:21.932,Translating はあそれも考えたんですけど,52.4,8570.7,35.8,973.6,0,753.8,11534.2,12288.0,46,19.552
2026-04-25 15:52:22.432,Translating はあそれも考えたんですけど,41.9,8574.4,35.8,973.6,21,753.8,11534.2,12288.0,46,19.579
2026-04-25 15:52:22.934,Translating はあそれも考えたんですけど,50.4,8572.8,35.8,973.6,0,753.8,11534.2,12288.0,46,19.508
2026-04-25 15:52:23.436,Translating ごめんなさいでもちょっとだけ,43.6,8548.6,35.7,973.6,0,753.8,11534.2,12288.0,46,19.576
2026-04-25 15:52:23.937,Translating ごめんなさいでもちょっとだけ,50.8,8548.2,35.7,973.6,0,753.8,11534.2,12288.0,46,19.61
2026-04-25 15:52:24.439,Translating ごめんなさいでもちょっとだけ,50.2,8548.6,35.7,973.6,0,753.8,11534.2,12288.0,46,19.619
2026-04-25 15:52:24.941,Translating あそーいうコマゴマしたのダメ！！,45.4,8539.0,35.7,973.6,0,753.8,11534.2,12288.0,46,19.541
2026-04-25 15:52:25.442,Translating あそーいうコマゴマしたのダメ！！,51.0,8544.0,35.7,973.6,0,753.8,11534.2,12288.0,46,19.576
2026-04-25 15:52:25.944,Translating あそーいうコマゴマしたのダメ！！,50.7,8545.2,35.7,973.6,0,753.8,11534.2,12288.0,46,19.634
2026-04-25 15:52:26.445,Translating あそーいうコマゴマしたのダメ！！,59.9,8497.5,35.5,973.6,0,753.8,11534.2,12288.0,46,19.523
2026-04-25 15:52:26.947,Translating ノーパン喫茶ででも働くんだな,45.3,8514.3,35.6,973.6,0,753.8,11534.2,12288.0,46,19.365
2026-04-25 15:52:27.448,Translating ノーパン喫茶ででも働くんだな,50.8,8523.5,35.6,973.6,0,753.8,11534.2,12288.0,46,19.419
2026-04-25 15:52:27.950,Translating じゃさウエイトレスなんかいいんじゃない？,51.5,8523.0,35.6,973.7,0,753.8,11534.2,12288.0,46,19.354
2026-04-25 15:52:28.452,Translating じゃさウエイトレスなんかいいんじゃない？,44.8,8503.4,35.6,973.7,2,753.8,11534.2,12288.0,46,19.211
2026-04-25 15:52:28.954,Translating じゃさウエイトレスなんかいいんじゃない？,51.0,8501.4,35.5,973.7,0,753.8,11534.2,12288.0,46,19.354
2026-04-25 15:52:29.455,Translating じゃさウエイトレスなんかいいんじゃない？,50.7,8505.7,35.6,973.7,0,753.8,11534.2,12288.0,46,19.415
2026-04-25 15:52:29.957,Translating あの今さミーティングの途中なんだけど．．．,44.7,8498.7,35.5,973.7,0,753.8,11534.2,12288.0,46,19.287
2026-04-25 15:52:30.458,Translating あの今さミーティングの途中なんだけど．．．,50.8,8502.9,35.6,973.7,0,753.8,11534.2,12288.0,46,19.407
2026-04-25 15:52:30.960,Translating あの今さミーティングの途中なんだけど．．．,50.3,8506.2,35.6,973.7,0,753.8,11534.2,12288.0,46,19.472
2026-04-25 15:52:31.462,Translating あの今さミーティングの途中なんだけど．．．,52.2,8507.9,35.6,973.7,0,753.8,11534.2,12288.0,46,19.356
2026-04-25 15:52:31.964,Translating ああそれたいてい給料安い上にへんぺい足になるんだって,43.1,8494.2,35.5,973.7,0,753.8,11534.2,12288.0,46,19.37
2026-04-25 15:52:32.465,Translating ああそれたいてい給料安い上にへんぺい足になるんだって,50.9,8488.4,35.5,973.7,0,753.8,11534.2,12288.0,46,19.439
2026-04-25 15:52:32.967,Translating ああそれたいてい給料安い上にへんぺい足になるんだって,50.8,8476.3,35.4,973.7,0,753.8,11534.2,12288.0,46,19.338
2026-04-25 15:52:33.469,Translating ああそれたいてい給料安い上にへんぺい足になるんだって,50.9,8488.2,35.5,973.7,0,753.8,11534.2,12288.0,46,19.297
2026-04-25 15:52:33.971,Translating ああそれたいてい給料安い上にへんぺい足になるんだって,50.4,8488.7,35.5,973.7,0,753.8,11534.2,12288.0,46,19.321
2026-04-25 15:52:34.473,Translating わざわざ呼びだしたりするからなにかと思えばそんなことか,51.4,8490.8,35.5,973.7,0,753.8,11534.2,12288.0,46,19.383
2026-04-25 15:52:34.973,Translating わざわざ呼びだしたりするからなにかと思えばそんなことか,42.5,8498.7,35.5,973.7,15,753.8,11534.2,12288.0,46,19.54
2026-04-25 15:52:35.475,Translating わざわざ呼びだしたりするからなにかと思えばそんなことか,50.6,8499.8,35.5,973.7,0,753.8,11534.2,12288.0,46,19.529
2026-04-25 15:52:35.977,Translating え？アルバイト？,52.4,8487.9,35.5,973.7,0,753.8,11534.2,12288.0,46,19.449
2026-04-25 15:52:36.478,Translating え？アルバイト？,44.3,8485.5,35.5,973.7,0,753.8,11534.2,12288.0,46,19.401
2026-04-25 15:52:36.981,Translating え？アルバイト？,50.2,8485.9,35.5,973.7,0,753.8,11534.2,12288.0,46,19.436
2026-04-25 15:52:37.482,Translating ヘンに悩まないで家庭教師でもやればいいじゃないか,50.6,8484.8,35.5,973.7,0,753.8,11534.2,12288.0,46,19.396
2026-04-25 15:52:37.983,Translating ヘンに悩まないで家庭教師でもやればいいじゃないか,44.4,8496.4,35.5,973.7,15,753.8,11534.2,12288.0,46,19.462
2026-04-25 15:52:38.485,Translating ヘンに悩まないで家庭教師でもやればいいじゃないか,50.6,8497.7,35.5,973.7,0,753.8,11534.2,12288.0,46,19.469
2026-04-25 15:52:38.987,Translating ヘンに悩まないで家庭教師でもやればいいじゃないか,52.3,8498.1,35.5,973.7,0,753.8,11534.2,12288.0,46,19.424
2026-04-25 15:52:39.489,Translating ヘンに悩まないで家庭教師でもやればいいじゃないか,50.7,8490.3,35.5,973.7,14,753.8,11534.2,12288.0,46,19.355
2026-04-25 15:52:39.991,Translating 家庭教師って子供を教育するんでしょ？なんかそういうのって荷が重そうで．．．,42.6,8487.6,35.5,973.7,0,753.8,11534.2,12288.0,46,19.314
2026-04-25 15:52:40.492,Translating 家庭教師って子供を教育するんでしょ？なんかそういうのって荷が重そうで．．．,51.3,8487.6,35.5,973.7,0,753.8,11534.2,12288.0,46,19.399
2026-04-25 15:52:40.993,Translating 家庭教師って子供を教育するんでしょ？なんかそういうのって荷が重そうで．．．,50.3,8491.7,35.5,973.7,7,753.8,11534.2,12288.0,46,19.332
2026-04-25 15:52:41.495,Translating 家庭教師って子供を教育するんでしょ？なんかそういうのって荷が重そうで．．．,51.7,8493.3,35.5,973.7,0,753.8,11534.2,12288.0,46,19.274
2026-04-25 15:52:41.997,Translating 家庭教師って子供を教育するんでしょ？なんかそういうのって荷が重そうで．．．,49.7,8485.2,35.5,973.7,0,753.8,11534.2,12288.0,46,19.27
2026-04-25 15:52:42.499,Translating 家庭教師って子供を教育するんでしょ？なんかそういうのって荷が重そうで．．．,50.7,8489.8,35.5,973.7,7,753.8,11534.2,12288.0,46,19.289
2026-04-25 15:52:43.001,Translating あちゃー,45.8,8495.9,35.5,973.7,0,753.8,11534.2,12288.0,46,19.27
2026-04-25 15:52:43.502,Translating あちゃー,47.6,8501.0,35.5,973.7,13,753.8,11534.2,12288.0,46,19.247
2026-04-25 15:52:44.003,Translating ぼーぜん,43.0,8492.0,35.5,973.7,4,753.8,11534.2,12288.0,46,19.202
2026-04-25 15:52:44.504,Translating しかしやばいなあ,45.2,8492.0,35.5,973.7,0,753.8,11534.2,12288.0,46,19.304
2026-04-25 15:52:45.005,Translating しかしやばいなあ,49.3,8505.3,35.6,973.7,6,753.8,11534.2,12288.0,46,19.399
2026-04-25 15:52:45.506,Translating あー冷蔵庫が遠のく,43.6,8505.9,35.6,973.7,0,753.8,11534.2,12288.0,46,19.289
2026-04-25 15:52:46.007,Translating あー冷蔵庫が遠のく,50.0,8507.1,35.6,973.7,0,753.8,11534.2,12288.0,46,19.279
2026-04-25 15:52:46.509,Translating あー冷蔵庫が遠のく,53.2,8510.3,35.6,973.7,0,753.8,11534.2,12288.0,46,19.194
2026-04-25 15:52:47.010,Translating できれば前借りさしてくれるとこで,45.3,8520.8,35.6,973.7,0,753.8,11534.2,12288.0,46,19.114
2026-04-25 15:52:47.511,Translating できれば前借りさしてくれるとこで,49.4,8529.1,35.7,973.7,0,753.8,11534.2,12288.0,46,19.133
2026-04-25 15:52:48.012,Translating できれば前借りさしてくれるとこで,50.7,8529.4,35.7,973.7,0,753.8,11534.2,12288.0,46,19.111
2026-04-25 15:52:48.514,Translating できれば前借りさしてくれるとこで,50.9,8529.4,35.7,973.7,0,753.8,11534.2,12288.0,46,19.21
2026-04-25 15:52:49.016,Translating あーなんかいいバイないかな,43.5,8523.5,35.6,973.7,0,753.8,11534.2,12288.0,46,19.261
2026-04-25 15:52:49.516,Translating あーなんかいいバイないかな,50.9,8523.5,35.6,973.7,0,753.8,11534.2,12288.0,46,19.179
2026-04-25 15:52:50.018,Translating あーなんかいいバイないかな,51.2,8526.6,35.6,973.7,0,753.8,11534.2,12288.0,46,19.188
2026-04-25 15:52:50.520,Translating こんなことだったらあの炊飯器買うんじゃなかった,42.6,8517.0,35.6,973.7,0,753.8,11534.2,12288.0,46,19.381
2026-04-25 15:52:51.021,Translating こんなことだったらあの炊飯器買うんじゃなかった,50.7,8517.7,35.6,973.7,0,753.8,11534.2,12288.0,46,19.303
2026-04-25 15:52:51.522,Translating こんなことだったらあの炊飯器買うんじゃなかった,52.8,8519.4,35.6,973.7,0,753.8,11534.2,12288.0,46,19.138
2026-04-25 15:52:52.024,Translating こんなことだったらあの炊飯器買うんじゃなかった,50.2,8522.4,35.6,973.7,0,753.8,11534.2,12288.0,46,19.114
2026-04-25 15:52:52.526,Translating こんなことだったらあの炊飯器買うんじゃなかった,50.3,8513.7,35.6,973.7,0,753.8,11534.2,12288.0,46,19.187
2026-04-25 15:52:53.028,Translating できればらくーで高いバイト料くれるとこ,52.5,8516.9,35.6,973.7,4,753.8,11534.2,12288.0,46,19.341
2026-04-25 15:52:53.529,Translating できればらくーで高いバイト料くれるとこ,43.9,8517.1,35.6,973.7,0,753.8,11534.2,12288.0,46,19.436
2026-04-25 15:52:54.030,Translating できればらくーで高いバイト料くれるとこ,49.8,8508.0,35.6,973.7,0,753.8,11534.2,12288.0,46,19.415
2026-04-25 15:52:54.531,Translating できればらくーで高いバイト料くれるとこ,51.7,8499.1,35.5,973.7,1,753.8,11534.2,12288.0,46,19.352
2026-04-25 15:52:55.033,Translating できればらくーで高いバイト料くれるとこ,50.3,8499.3,35.5,973.7,0,753.8,11534.2,12288.0,46,19.29
2026-04-25 15:52:55.535,Translating 心苦しいのはこっちだちゃ,49.2,8483.8,35.5,973.7,19,753.8,11534.2,12288.0,46,19.301
2026-04-25 15:52:56.036,Translating 心苦しいのはこっちだちゃ,45.8,8483.1,35.5,973.7,0,753.8,11534.2,12288.0,46,19.318
2026-04-25 15:52:56.538,Translating 心苦しいのはこっちだちゃ,51.9,8485.8,35.5,973.7,1,753.8,11534.2,12288.0,46,19.337
2026-04-25 15:52:57.040,Translating たいへんねえ北陸の貧しい農家に生まれると,48.8,8484.1,35.5,973.7,17,753.8,11534.2,12288.0,46,19.298
2026-04-25 15:52:57.541,Translating たいへんねえ北陸の貧しい農家に生まれると,47.0,8489.3,35.5,973.7,1,753.8,11534.2,12288.0,46,19.304
2026-04-25 15:52:58.043,Translating たいへんねえ北陸の貧しい農家に生まれると,50.2,8489.7,35.5,973.7,0,753.8,11534.2,12288.0,46,19.298
2026-04-25 15:52:58.545,Translating たいへんねえ北陸の貧しい農家に生まれると,50.5,8485.8,35.5,973.7,1,753.8,11534.2,12288.0,46,19.159
2026-04-25 15:52:59.048,Translating ３万．．．！！ひっで――あたしなんか１１万ももらってるのに,43.7,8493.2,35.5,973.7,0,753.8,11534.2,12288.0,46,19.24
2026-04-25 15:52:59.548,Translating ３万．．．！！ひっで――あたしなんか１１万ももらってるのに,50.7,8494.6,35.5,973.7,1,753.8,11534.2,12288.0,46,19.232
2026-04-25 15:53:00.050,Translating ３万．．．！！ひっで――あたしなんか１１万ももらってるのに,50.7,8494.6,35.5,973.7,0,753.8,11534.2,12288.0,46,19.098
2026-04-25 15:53:00.553,Translating ３万．．．！！ひっで――あたしなんか１１万ももらってるのに,51.4,8499.1,35.5,973.7,16,753.8,11534.2,12288.0,46,19.062
2026-04-25 15:53:01.055,Translating ３万．．．！！ひっで――あたしなんか１１万ももらってるのに,50.4,8492.8,35.5,973.7,0,753.8,11534.2,12288.0,46,19.074
2026-04-25 15:53:01.557,Translating ３万．．．！！ひっで――あたしなんか１１万ももらってるのに,52.0,8494.6,35.5,973.7,1,753.8,11534.2,12288.0,46,19.137
2026-04-25 15:53:02.059,Translating 家の悪口いわないでくれる？もともとムリをいったあたしが悪かったんだ,43.4,8474.7,35.4,973.7,7,753.8,11534.2,12288.0,46,19.233
2026-04-25 15:53:02.560,Translating 家の悪口いわないでくれる？もともとムリをいったあたしが悪かったんだ,49.8,8476.3,35.4,973.7,1,753.8,11534.2,12288.0,46,19.309
2026-04-25 15:53:03.062,Translating 家の悪口いわないでくれる？もともとムリをいったあたしが悪かったんだ,50.4,8477.1,35.4,973.7,0,753.8,11534.2,12288.0,46,19.245
2026-04-25 15:53:03.563,Translating 家の悪口いわないでくれる？もともとムリをいったあたしが悪かったんだ,51.5,8482.3,35.5,973.7,8,753.8,11534.2,12288.0,46,19.236
2026-04-25 15:53:04.065,Translating 家の悪口いわないでくれる？もともとムリをいったあたしが悪かったんだ,50.2,8487.3,35.5,973.7,0,753.8,11534.2,12288.0,46,19.184
2026-04-25 15:53:04.567,Translating 家の悪口いわないでくれる？もともとムリをいったあたしが悪かったんだ,50.9,8488.9,35.5,973.7,1,753.8,11534.2,12288.0,46,19.055
2026-04-25 15:53:05.069,Translating このままだと今月はいいとしても来月は完全に飢え死にするなあ,53.1,8460.4,35.4,973.7,0,753.8,11534.2,12288.0,46,19.109
2026-04-25 15:53:05.569,Translating このままだと今月はいいとしても来月は完全に飢え死にするなあ,43.0,8474.4,35.4,973.7,0,753.8,11534.2,12288.0,46,19.345
2026-04-25 15:53:06.071,Translating このままだと今月はいいとしても来月は完全に飢え死にするなあ,50.7,8474.9,35.4,973.7,0,753.8,11534.2,12288.0,46,19.349
2026-04-25 15:53:06.573,Translating このままだと今月はいいとしても来月は完全に飢え死にするなあ,53.0,8465.5,35.4,973.7,0,753.8,11534.2,12288.0,46,19.201
2026-04-25 15:53:07.075,Translating このままだと今月はいいとしても来月は完全に飢え死にするなあ,50.4,8463.1,35.4,973.7,0,753.8,11534.2,12288.0,46,19.301
2026-04-25 15:53:07.577,Translating このままだと今月はいいとしても来月は完全に飢え死にするなあ,50.8,8462.3,35.4,973.7,0,753.8,11534.2,12288.0,46,19.3
2026-04-25 15:53:08.080,Translating このままだと今月はいいとしても来月は完全に飢え死にするなあ,51.2,8468.4,35.4,973.7,0,753.8,11534.2,12288.0,46,19.192
2026-04-25 15:53:08.581,Translating 母親としてなにもしてやれなくて心苦しく．．．,42.2,8485.9,35.5,973.7,0,753.8,11534.2,12288.0,46,19.218
2026-04-25 15:53:09.082,Translating 母親としてなにもしてやれなくて心苦しく．．．,49.4,8486.0,35.5,973.7,0,753.8,11534.2,12288.0,46,19.15
2026-04-25 15:53:09.584,Translating 母親としてなにもしてやれなくて心苦しく．．．,51.4,8490.2,35.5,973.7,0,753.8,11534.2,12288.0,46,19.018
2026-04-25 15:53:10.086,Translating 母親としてなにもしてやれなくて心苦しく．．．,50.2,8490.4,35.5,973.7,0,753.8,11534.2,12288.0,46,19.065
2026-04-25 15:53:10.587,Translating ３万円じゃ下宿代しか出ないじゃないのっ,42.9,8492.6,35.5,973.7,0,753.8,11534.2,12288.0,46,19.18
2026-04-25 15:53:11.088,Translating ３万円じゃ下宿代しか出ないじゃないのっ,50.7,8493.0,35.5,973.7,0,753.8,11534.2,12288.0,46,19.146
2026-04-25 15:53:11.590,Translating ３万円じゃ下宿代しか出ないじゃないのっ,52.9,8494.3,35.5,973.7,0,753.8,11534.2,12288.0,46,19.081
2026-04-25 15:53:12.092,Translating ３万円じゃ下宿代しか出ないじゃないのっ,50.2,8489.0,35.5,973.7,0,753.8,11534.2,12288.0,46,19.101
2026-04-25 15:53:12.594,Translating ３万円じゃ下宿代しか出ないじゃないのっ,50.9,8489.3,35.5,973.7,0,753.8,11534.2,12288.0,46,19.061
2026-04-25 15:53:13.096,Translating ただでさえ食べるものに事欠いてるってのに,44.8,8481.5,35.5,973.7,0,753.8,11534.2,12288.0,46,19.136
2026-04-25 15:53:13.597,Translating ただでさえ食べるものに事欠いてるってのに,50.8,8481.7,35.5,973.7,0,753.8,11534.2,12288.0,46,19.068
2026-04-25 15:53:14.099,Translating ただでさえ食べるものに事欠いてるってのに,51.1,8491.0,35.5,973.7,0,753.8,11534.2,12288.0,46,18.979
2026-04-25 15:53:14.601,BubbleTypesetter._apply_cleaning,49.4,8484.1,35.5,980.7,2,753.8,11534.2,12288.0,46,19.069
2026-04-25 15:53:15.102,BubbleTypesetter._apply_cleaning,8.5,8483.0,35.5,980.7,0,753.8,11534.2,12288.0,46,19.122
2026-04-25 15:53:15.607,BubbleTypesetter._process_bubble,8.6,8483.3,35.5,980.7,0,753.8,11534.2,12288.0,46,19.103
2026-04-25 15:53:16.140,BubbleTypesetter._apply_cleaning,9.0,8483.3,35.5,980.7,0,753.8,11534.2,12288.0,46,19.075
2026-04-25 15:53:16.646,BubbleTypesetter._wrap_text_pixel_width,9.0,8484.4,35.5,980.7,0,753.8,11534.2,12288.0,46,19.124
2026-04-25 15:53:17.223,BubbleTypesetter._apply_cleaning,8.6,8482.6,35.5,980.7,0,753.8,11534.2,12288.0,46,19.112
2026-04-25 15:53:17.724,BubbleTypesetter._apply_cleaning,9.2,8483.0,35.5,980.7,0,753.8,11534.2,12288.0,46,19.123
2026-04-25 15:53:18.229,BubbleTypesetter._wrap_text_pixel_width,8.3,8482.1,35.5,980.7,0,753.8,11534.2,12288.0,46,19.124
2026-04-25 15:53:18.807,BubbleTypesetter._wrap_text_pixel_width,9.1,8482.3,35.5,980.7,0,753.8,11534.2,12288.0,46,19.136
2026-04-25 15:53:20.003,yolo_start,0.0,7880.3,32.9,40.0,0,769.5,11518.5,12288.0,46,19.556
2026-04-25 15:53:20.520,EngineOCRFactory._setup_engine,29.6,8133.2,34.0,519.3,7,773.6,11514.4,12288.0,46,20.47
2026-04-25 15:53:21.023,EngineOCRFactory._setup_engine,10.1,8184.2,34.2,565.7,0,773.6,11514.4,12288.0,46,20.742
2026-04-25 15:53:21.525,EngineOCRFactory._setup_engine,9.8,8247.2,34.5,675.0,43,772.4,11515.6,12288.0,46,20.646
2026-04-25 15:53:22.035,EngineOCRFactory._setup_engine,9.6,8280.2,34.6,697.0,37,775.2,11512.8,12288.0,46,20.89
2026-04-25 15:53:22.536,EngineOCRFactory._run,44.4,8641.5,36.1,954.4,0,774.5,11513.5,12288.0,46,21.146
2026-04-25 15:53:23.037,EngineOCRFactory._run,39.2,8653.9,36.2,968.9,10,776.6,11511.4,12288.0,46,21.316
2026-04-25 15:53:23.538,EngineOCRFactory._run,14.1,8867.8,37.1,1187.1,6,776.6,11511.4,12288.0,46,21.457
2026-04-25 15:53:24.045,EngineOCRFactory._run,33.0,8977.7,37.5,1298.3,42,776.6,11511.4,12288.0,46,21.405
2026-04-25 15:53:24.547,MangaOCRExtractor.extract from ./tmp-new-teste/1024-95-pbt-cpu-only/crops_AkkeraKanjinchou_003_L/AkkeraKanjinchou_003_L_bubble_001.png,51.7,8987.7,37.6,1308.1,43,776.5,11511.5,12288.0,46,21.408
2026-04-25 15:53:25.048,MangaOCRExtractor.extract from ./tmp-new-teste/1024-95-pbt-cpu-only/crops_AkkeraKanjinchou_003_L/AkkeraKanjinchou_003_L_bubble_003.png,52.0,8975.7,37.5,1308.2,0,776.5,11511.5,12288.0,46,20.633
2026-04-25 15:53:25.549,MangaOCRExtractor.extract from ./tmp-new-teste/1024-95-pbt-cpu-only/crops_AkkeraKanjinchou_003_L/AkkeraKanjinchou_003_L_bubble_006.png,51.3,8976.0,37.5,1308.3,0,772.4,11515.6,12288.0,46,19.856
2026-04-25 15:53:26.050,MangaOCRExtractor.extract from ./tmp-new-teste/1024-95-pbt-cpu-only/crops_AkkeraKanjinchou_003_L/AkkeraKanjinchou_003_L_bubble_007.png,51.2,8945.2,37.4,1308.3,0,772.4,11515.6,12288.0,46,19.606
2026-04-25 15:53:26.551,MangaOCRExtractor.extract from ./tmp-new-teste/1024-95-pbt-cpu-only/crops_AkkeraKanjinchou_003_L/AkkeraKanjinchou_003_L_bubble_008.png,52.4,8947.4,37.4,1308.3,0,772.4,11515.6,12288.0,46,19.582
2026-04-25 15:53:27.052,MangaOCRExtractor.extract from ./tmp-new-teste/1024-95-pbt-cpu-only/crops_AkkeraKanjinchou_003_L/AkkeraKanjinchou_003_L_bubble_010.png,51.2,8944.0,37.4,1308.3,0,772.4,11515.6,12288.0,46,19.418
2026-04-25 15:53:27.553,MangaOCRExtractor.extract from ./tmp-new-teste/1024-95-pbt-cpu-only/crops_AkkeraKanjinchou_003_L/AkkeraKanjinchou_003_L_bubble_011.png,51.3,8944.4,37.4,1309.1,0,772.4,11515.6,12288.0,46,19.372
2026-04-25 15:53:28.054,MangaOCRExtractor.extract from ./tmp-new-teste/1024-95-pbt-cpu-only/crops_AkkeraKanjinchou_003_L/AkkeraKanjinchou_003_L_bubble_012.png,51.6,8896.0,37.2,1310.6,0,768.4,11519.6,12288.0,46,19.401
2026-04-25 15:53:28.555,MangaOCRExtractor.extract from ./tmp-new-teste/1024-95-pbt-cpu-only/crops_AkkeraKanjinchou_003_R/AkkeraKanjinchou_003_R_bubble_014.png,51.3,8895.2,37.2,1310.6,15,766.1,11521.9,12288.0,46,19.394
2026-04-25 15:53:29.056,MangaOCRExtractor.extract from ./tmp-new-teste/1024-95-pbt-cpu-only/crops_AkkeraKanjinchou_003_R/AkkeraKanjinchou_003_R_bubble_016.png,51.2,8892.1,37.2,1310.6,15,750.1,11537.9,12288.0,46,19.495
2026-04-25 15:53:29.557,MangaOCRExtractor.extract from ./tmp-new-teste/1024-95-pbt-cpu-only/crops_AkkeraKanjinchou_003_R/AkkeraKanjinchou_003_R_bubble_018.png,51.9,8892.6,37.2,1310.6,15,750.1,11537.9,12288.0,46,19.544
2026-04-25 15:53:30.057,MangaOCRExtractor.extract from ./tmp-new-teste/1024-95-pbt-cpu-only/crops_AkkeraKanjinchou_003_R/AkkeraKanjinchou_003_R_bubble_020.png,51.5,8891.5,37.2,1310.7,0,750.1,11537.9,12288.0,46,19.554
2026-04-25 15:53:30.625,MangaOCRExtractor.extract from ./tmp-new-teste/1024-95-pbt-cpu-only/crops_AkkeraKanjinchou_003_R/AkkeraKanjinchou_003_R_bubble_021.png,40.6,8610.0,36.0,1005.1,13,750.1,11537.9,12288.0,46,19.612
2026-04-25 15:53:31.131,Translating ずずっ,28.3,8606.2,36.0,1010.5,15,750.1,11537.9,12288.0,46,19.538
2026-04-25 15:53:31.633,Translating ず～っ,45.6,8606.6,36.0,1010.5,0,750.1,11537.9,12288.0,46,19.469
2026-04-25 15:53:32.134,Translating 正一位大,51.8,8613.5,36.0,1010.5,3,750.1,11537.9,12288.0,46,19.355
2026-04-25 15:53:32.635,Translating くわばらくわぱら．．．,42.5,8625.0,36.1,1010.5,6,750.1,11537.9,12288.0,46,19.322
2026-04-25 15:53:33.137,Translating くわばらくわぱら．．．,44.9,8589.0,35.9,1010.5,0,750.1,11537.9,12288.0,46,19.41
2026-04-25 15:53:33.638,Translating くわばらくわぱら．．．,50.5,8589.0,35.9,1010.5,0,750.1,11537.9,12288.0,46,19.359
2026-04-25 15:53:34.140,Translating 玉位大明神,54.3,8572.2,35.8,1010.5,0,750.1,11537.9,12288.0,46,19.281
2026-04-25 15:53:34.642,Translating 玉位大明神,41.6,8580.3,35.9,1010.5,0,750.1,11537.9,12288.0,46,19.422
2026-04-25 15:53:35.144,Translating 仏さんの有様が凄いんでしょ？,53.4,8576.0,35.9,1010.5,0,750.1,11537.9,12288.0,46,19.432
2026-04-25 15:53:35.646,Translating 仏さんの有様が凄いんでしょ？,42.4,8578.3,35.9,1010.5,0,750.1,11537.9,12288.0,46,19.385
2026-04-25 15:53:36.148,Translating 仏さんの有様が凄いんでしょ？,50.8,8576.5,35.9,1010.5,0,750.1,11537.9,12288.0,46,19.328
2026-04-25 15:53:36.650,Translating 妖の仕業じゃないかって．．．誰か言ってたっけ,53.2,8578.2,35.9,1010.6,0,750.1,11537.9,12288.0,46,19.229
2026-04-25 15:53:37.152,Translating 妖の仕業じゃないかって．．．誰か言ってたっけ,44.7,8568.2,35.8,1010.6,0,750.1,11537.9,12288.0,46,19.309
2026-04-25 15:53:37.653,Translating 妖の仕業じゃないかって．．．誰か言ってたっけ,50.0,8572.0,35.8,1010.6,0,750.1,11537.9,12288.0,46,19.375
2026-04-25 15:53:38.155,Translating 妖の仕業じゃないかって．．．誰か言ってたっけ,50.5,8575.0,35.9,1010.6,0,750.1,11537.9,12288.0,46,19.253
2026-04-25 15:53:38.657,Translating 妖の仕業じゃないかって．．．誰か言ってたっけ,50.7,8577.2,35.9,1010.6,0,750.1,11537.9,12288.0,46,19.209
2026-04-25 15:53:39.158,Translating 妖の仕業じゃないかって．．．誰か言ってたっけ,51.2,8572.5,35.8,1010.6,0,750.1,11537.9,12288.0,46,19.302
2026-04-25 15:53:39.659,Translating 今度はお旗本の剣術指南役がバッサリだと！,46.1,8549.4,35.7,1010.6,17,750.1,11537.9,12288.0,46,19.331
2026-04-25 15:53:40.160,Translating 今度はお旗本の剣術指南役がバッサリだと！,46.2,8549.5,35.7,1010.6,0,750.1,11537.9,12288.0,46,19.28
2026-04-25 15:53:40.662,Translating 今度はお旗本の剣術指南役がバッサリだと！,51.1,8546.2,35.7,1010.6,0,750.1,11537.9,12288.0,46,19.331
2026-04-25 15:53:41.164,Translating 今度はお旗本の剣術指南役がバッサリだと！,50.5,8549.9,35.7,1010.6,0,750.1,11537.9,12288.0,46,19.293
2026-04-25 15:53:41.666,Translating 妖？はははそんなもんこの世にいるもんか！,53.7,8551.5,35.8,1010.6,0,750.1,11537.9,12288.0,46,19.241
2026-04-25 15:53:42.169,Translating 妖？はははそんなもんこの世にいるもんか！,43.4,8561.4,35.8,1010.6,0,750.1,11537.9,12288.0,46,19.407
2026-04-25 15:53:42.671,Translating 妖？はははそんなもんこの世にいるもんか！,49.8,8569.6,35.8,1010.6,0,750.1,11537.9,12288.0,46,19.498
2026-04-25 15:53:43.172,Translating 妖？はははそんなもんこの世にいるもんか！,50.4,8569.5,35.8,1010.6,0,750.1,11537.9,12288.0,46,19.454
2026-04-25 15:53:43.674,Translating 妖？はははそんなもんこの世にいるもんか！,50.7,8563.4,35.8,1010.6,0,750.1,11537.9,12288.0,46,19.501
2026-04-25 15:53:44.176,Translating 神田の辻斬り騒ぎ,45.4,8569.8,35.8,1010.6,17,750.1,11537.9,12288.0,46,19.474
2026-04-25 15:53:44.677,Translating 神田の辻斬り騒ぎ,50.3,8570.0,35.8,1010.6,0,750.1,11537.9,12288.0,46,19.386
2026-04-25 15:53:45.179,Translating 神田の辻斬り騒ぎ,51.4,8570.3,35.8,1010.6,0,750.1,11537.9,12288.0,46,19.447
2026-04-25 15:53:45.682,Translating 腕に覚えある剣士ばかり．．．これで十人近いよねぇー．．．,43.6,8555.3,35.8,1010.6,14,750.1,11537.9,12288.0,46,19.403
2026-04-25 15:53:46.182,Translating 腕に覚えある剣士ばかり．．．これで十人近いよねぇー．．．,50.5,8557.9,35.8,1010.6,0,750.1,11537.9,12288.0,46,19.279
2026-04-25 15:53:46.684,Translating 腕に覚えある剣士ばかり．．．これで十人近いよねぇー．．．,52.6,8550.7,35.7,1010.6,0,750.1,11537.9,12288.0,46,19.312
2026-04-25 15:53:47.186,Translating 腕に覚えある剣士ばかり．．．これで十人近いよねぇー．．．,50.8,8551.9,35.8,1010.6,0,750.1,11537.9,12288.0,46,19.246
2026-04-25 15:53:47.688,Translating 腕に覚えある剣士ばかり．．．これで十人近いよねぇー．．．,50.7,8556.4,35.8,1010.6,0,750.1,11537.9,12288.0,46,19.199
2026-04-25 15:53:48.190,Translating 手足腹わた四方八方に飛び散って見れたもんじゃないってさ,44.5,8552.1,35.8,1010.6,0,750.1,11537.9,12288.0,46,19.396
2026-04-25 15:53:48.691,Translating 手足腹わた四方八方に飛び散って見れたもんじゃないってさ,50.6,8557.0,35.8,1010.6,0,750.1,11537.9,12288.0,46,19.497
2026-04-25 15:53:49.193,Translating 手足腹わた四方八方に飛び散って見れたもんじゃないってさ,50.0,8556.6,35.8,1010.6,0,750.1,11537.9,12288.0,46,19.426
2026-04-25 15:53:49.695,Translating 手足腹わた四方八方に飛び散って見れたもんじゃないってさ,51.1,8557.1,35.8,1010.6,0,750.1,11537.9,12288.0,46,19.444
2026-04-25 15:53:50.196,Translating フフフ．．．,50.7,8557.3,35.8,1010.6,0,750.1,11537.9,12288.0,46,19.467
2026-04-25 15:53:50.698,Translating フフフ．．．,43.1,8574.7,35.9,1010.6,0,750.1,11537.9,12288.0,46,19.55
2026-04-25 15:53:51.200,Translating フフフ．．．,51.7,8575.1,35.9,1010.6,14,750.1,11537.9,12288.0,46,19.57
2026-04-25 15:53:51.702,Translating く．．．来るな．．．！,46.8,8561.0,35.8,1010.6,6,750.1,11537.9,12288.0,46,19.537
2026-04-25 15:53:52.203,Translating く．．．来るな．．．！,50.6,8560.3,35.8,1010.6,0,750.1,11537.9,12288.0,46,19.571
2026-04-25 15:53:52.705,Translating 化して妖となる,47.1,8572.5,35.8,1010.6,15,750.1,11537.9,12288.0,46,19.609
2026-04-25 15:53:53.206,Translating 化して妖となる,50.7,8571.5,35.8,1010.6,0,750.1,11537.9,12288.0,46,19.596
2026-04-25 15:53:53.708,Translating まだまだ足らないなァ．．．,42.1,8577.2,35.9,1010.6,0,750.1,11537.9,12288.0,46,19.568
2026-04-25 15:53:54.208,Translating まだまだ足らないなァ．．．,51.4,8580.1,35.9,1010.6,0,750.1,11537.9,12288.0,46,19.438
2026-04-25 15:53:54.710,Translating ファムを得てより,44.9,8583.9,35.9,1010.6,3,750.1,11537.9,12288.0,46,19.312
2026-04-25 15:53:55.210,Translating ファムを得てより,48.3,8582.3,35.9,1010.6,0,750.1,11537.9,12288.0,46,19.354
2026-04-25 15:53:55.712,Translating 魔軍なり,64.7,8567.7,35.8,1010.6,0,750.1,11537.9,12288.0,46,19.246
2026-04-25 15:53:56.214,Translating 魔軍なり,44.4,8573.9,35.8,1010.6,0,750.1,11537.9,12288.0,46,19.301
2026-04-25 15:53:56.716,Translating だけ物っ．．．来るーー．．,52.9,8578.0,35.9,1010.6,0,750.1,11537.9,12288.0,46,19.408
2026-04-25 15:53:57.217,Translating だけ物っ．．．来るーー．．,45.3,8579.2,35.9,1010.6,0,750.1,11537.9,12288.0,46,19.31
2026-04-25 15:53:57.719,Translating だけ物っ．．．来るーー．．,50.7,8579.9,35.9,1010.6,0,750.1,11537.9,12288.0,46,19.262
2026-04-25 15:53:58.220,Translating ぎゃあああァ,45.9,8568.0,35.8,1010.6,0,750.1,11537.9,12288.0,46,19.246
2026-04-25 15:53:58.722,Translating 其は天を滅ぼす,47.4,8565.1,35.8,1010.6,0,750.1,11537.9,12288.0,46,19.248
2026-04-25 15:53:59.222,Translating 其は天を滅ぼす,48.5,8569.9,35.8,1010.6,0,750.1,11537.9,12288.0,46,19.32
2026-04-25 15:53:59.724,Translating 其は天を滅ぼす,50.4,8570.6,35.8,1010.6,0,750.1,11537.9,12288.0,46,19.304
2026-04-25 15:54:00.225,BubbleTypesetter._apply_cleaning,35.2,8564.9,35.8,1017.5,16,750.1,11537.9,12288.0,46,19.328
2026-04-25 15:54:00.731,BubbleTypesetter._apply_cleaning,8.8,8564.9,35.8,1017.6,0,750.1,11537.9,12288.0,46,19.306
2026-04-25 15:54:01.239,BubbleTypesetter._apply_cleaning,8.6,8564.9,35.8,1017.6,0,750.1,11537.9,12288.0,46,19.226
2026-04-25 15:54:01.745,BubbleTypesetter._wrap_text_pixel_width,9.5,8567.6,35.8,1017.6,0,750.1,11537.9,12288.0,46,19.114
2026-04-25 15:54:02.312,BubbleTypesetter._apply_cleaning,8.7,8567.8,35.8,1017.6,0,750.1,11537.9,12288.0,46,19.174
2026-04-25 15:54:02.839,BubbleTypesetter._apply_cleaning,8.6,8568.1,35.8,1017.6,0,750.1,11537.9,12288.0,45,19.21
2026-04-25 15:54:03.876,yolo_start,100.0,7920.0,33.1,40.0,0,767.8,11520.2,12288.0,46,19.506
2026-04-25 15:54:04.385,EngineOCRFactory._setup_engine,24.9,8169.8,34.2,520.7,14,773.6,11514.4,12288.0,46,19.68
2026-04-25 15:54:04.887,EngineOCRFactory._setup_engine,10.3,8219.7,34.4,565.7,45,773.6,11514.4,12288.0,46,20.278
2026-04-25 15:54:05.388,EngineOCRFactory._setup_engine,9.5,8280.6,34.6,674.5,15,773.5,11514.5,12288.0,46,20.133
2026-04-25 15:54:05.897,EngineOCRFactory._setup_engine,9.2,8312.4,34.8,697.0,40,776.2,11511.8,12288.0,46,20.357
2026-04-25 15:54:06.399,EngineOCRFactory._run,46.3,8576.7,35.9,975.1,25,775.0,11513.0,12288.0,46,20.602
2026-04-25 15:54:06.902,EngineOCRFactory._run,40.4,8537.0,35.7,943.4,0,777.1,11510.9,12288.0,46,20.135
2026-04-25 15:54:07.406,EngineOCRFactory._run,19.0,8781.9,36.7,1192.3,16,776.6,11511.4,12288.0,46,19.818
2026-04-25 15:54:07.907,EngineOCRFactory._run,33.9,8881.2,37.1,1305.7,0,776.6,11511.4,12288.0,46,19.609
2026-04-25 15:54:08.408,MangaOCRExtractor.extract from ./tmp-new-teste/1024-95-pbt-cpu-only/crops_AkkeraKanjinchou_004_L/AkkeraKanjinchou_004_L_bubble_001.png,52.9,8883.4,37.1,1311.9,46,776.4,11511.6,12288.0,46,20.32
2026-04-25 15:54:08.909,MangaOCRExtractor.extract from ./tmp-new-teste/1024-95-pbt-cpu-only/crops_AkkeraKanjinchou_004_L/AkkeraKanjinchou_004_L_bubble_003.png,51.2,8878.3,37.1,1312.0,0,776.4,11511.6,12288.0,46,20.945
2026-04-25 15:54:09.409,MangaOCRExtractor.extract from ./tmp-new-teste/1024-95-pbt-cpu-only/crops_AkkeraKanjinchou_004_L/AkkeraKanjinchou_004_L_bubble_005.png,51.8,8878.0,37.1,1312.1,15,772.4,11515.6,12288.0,46,20.401
2026-04-25 15:54:09.910,MangaOCRExtractor.extract from ./tmp-new-teste/1024-95-pbt-cpu-only/crops_AkkeraKanjinchou_004_L/AkkeraKanjinchou_004_L_bubble_007.png,51.4,8878.3,37.1,1312.1,2,772.4,11515.6,12288.0,46,19.645
2026-04-25 15:54:10.412,MangaOCRExtractor.extract from ./tmp-new-teste/1024-95-pbt-cpu-only/crops_AkkeraKanjinchou_004_L/AkkeraKanjinchou_004_L_bubble_010.png,51.4,8878.7,37.1,1312.1,15,772.4,11515.6,12288.0,46,19.641
2026-04-25 15:54:10.913,MangaOCRExtractor.extract from ./tmp-new-teste/1024-95-pbt-cpu-only/crops_AkkeraKanjinchou_004_L/AkkeraKanjinchou_004_L_bubble_011.png,51.8,8879.0,37.1,1312.1,15,772.4,11515.6,12288.0,46,19.471
2026-04-25 15:54:11.414,MangaOCRExtractor.extract from ./tmp-new-teste/1024-95-pbt-cpu-only/crops_AkkeraKanjinchou_004_R/AkkeraKanjinchou_004_R_bubble_013.png,52.3,8880.9,37.1,1312.9,16,772.4,11515.6,12288.0,46,19.543
2026-04-25 15:54:11.914,MangaOCRExtractor.extract from ./tmp-new-teste/1024-95-pbt-cpu-only/crops_AkkeraKanjinchou_004_R/AkkeraKanjinchou_004_R_bubble_016.png,51.4,8878.1,37.1,1312.9,2,766.4,11521.6,12288.0,46,19.527
2026-04-25 15:54:12.415,MangaOCRExtractor.extract from ./tmp-new-teste/1024-95-pbt-cpu-only/crops_AkkeraKanjinchou_004_R/AkkeraKanjinchou_004_R_bubble_018.png,52.3,8878.0,37.1,1312.9,8,766.1,11521.9,12288.0,46,19.481
2026-04-25 15:54:12.916,MangaOCRExtractor.extract from ./tmp-new-teste/1024-95-pbt-cpu-only/crops_AkkeraKanjinchou_004_R/AkkeraKanjinchou_004_R_bubble_020.png,51.2,8878.6,37.1,1312.9,0,750.1,11537.9,12288.0,46,19.454
2026-04-25 15:54:13.417,MangaOCRExtractor.extract from ./tmp-new-teste/1024-95-pbt-cpu-only/crops_AkkeraKanjinchou_004_R/AkkeraKanjinchou_004_R_bubble_022.png,51.2,8878.6,37.1,1312.9,2,750.1,11537.9,12288.0,46,19.419
2026-04-25 15:54:13.918,MangaOCRExtractor.extract from ./tmp-new-teste/1024-95-pbt-cpu-only/crops_AkkeraKanjinchou_004_R/AkkeraKanjinchou_004_R_bubble_022.png,50.4,8591.1,35.9,1015.5,14,750.1,11537.9,12288.0,46,19.313
2026-04-25 15:54:14.420,Translating 変な子だった,17.3,8583.3,35.9,952.7,49,750.1,11537.9,12288.0,46,19.44
2026-04-25 15:54:14.921,Translating 変な子だった,50.6,8580.7,35.9,952.7,0,750.1,11537.9,12288.0,46,19.443
2026-04-25 15:54:15.423,Translating ま．．．毎度ーっ,43.4,8562.6,35.8,952.7,1,750.1,11537.9,12288.0,46,19.375
2026-04-25 15:54:15.924,Translating ま．．．毎度ーっ,51.2,8550.1,35.7,952.7,15,750.1,11537.9,12288.0,46,19.28
2026-04-25 15:54:16.425,Translating 食い過ぎ．．．！！,43.3,8548.3,35.7,952.7,1,750.1,11537.9,12288.0,46,19.283
2026-04-25 15:54:16.926,Translating 食い過ぎ．．．！！,50.2,8548.8,35.7,952.7,0,750.1,11537.9,12288.0,46,19.271
2026-04-25 15:54:17.427,Translating 食い過ぎだろ．．．！,46.3,8564.2,35.8,952.7,8,750.1,11537.9,12288.0,46,19.298
2026-04-25 15:54:17.928,Translating 食い過ぎだろ．．．！,48.2,8561.1,35.8,952.7,0,750.1,11537.9,12288.0,45,19.351
2026-04-25 15:54:18.430,Translating 食い過ぎだろ．．．！,50.4,8561.9,35.8,952.7,0,750.1,11537.9,12288.0,46,19.306
2026-04-25 15:54:18.931,Translating 神田近辺．．．,43.3,8543.3,35.7,952.7,2,750.1,11537.9,12288.0,46,19.23
2026-04-25 15:54:19.432,Translating 全て歩いたか,52.1,8543.0,35.7,952.8,0,750.1,11537.9,12288.0,45,19.404
2026-04-25 15:54:19.934,Translating 全て歩いたか,41.8,8548.6,35.7,952.8,14,750.1,11537.9,12288.0,46,19.488
2026-04-25 15:54:20.436,Translating 馳走になった,54.4,8551.6,35.8,952.8,0,750.1,11537.9,12288.0,46,19.376
2026-04-25 15:54:20.938,Translating 馳走になった,43.2,8511.4,35.6,952.8,0,750.1,11537.9,12288.0,45,19.461
2026-04-25 15:54:21.439,Translating マジで？！！！,45.7,8488.9,35.5,952.8,0,742.1,11545.9,12288.0,45,19.406
2026-04-25 15:54:21.940,Translating 忘れてた！豆餅十個程包んでくれ,47.5,8491.1,35.5,952.8,0,742.1,11545.9,12288.0,46,19.341
2026-04-25 15:54:22.441,Translating 忘れてた！豆餅十個程包んでくれ,46.3,8491.3,35.5,952.8,0,742.1,11545.9,12288.0,45,19.467
2026-04-25 15:54:22.943,Translating 忘れてた！豆餅十個程包んでくれ,50.3,8495.4,35.5,952.8,0,742.1,11545.9,12288.0,45,19.395
2026-04-25 15:54:23.444,Translating 忘れてた！豆餅十個程包んでくれ,51.6,8495.4,35.5,952.8,0,742.1,11545.9,12288.0,46,19.215
2026-04-25 15:54:23.945,Translating 忘れてた！豆餅十個程包んでくれ,50.4,8493.9,35.5,952.8,0,742.1,11545.9,12288.0,45,19.16
2026-04-25 15:54:24.448,Translating は？何が？,53.5,8498.4,35.5,952.8,0,742.1,11545.9,12288.0,45,19.132
2026-04-25 15:54:24.950,Translating は？何が？,41.1,8498.6,35.5,952.8,5,742.1,11545.9,12288.0,46,19.199
2026-04-25 15:54:25.452,Translating は？何が？,50.5,8478.6,35.4,952.8,0,742.1,11545.9,12288.0,46,19.35
2026-04-25 15:54:25.954,Translating 大丈夫．．．？かなーーーって！？,43.0,8492.9,35.5,952.8,0,742.1,11545.9,12288.0,46,19.311
2026-04-25 15:54:26.455,Translating 大丈夫．．．？かなーーーって！？,52.5,8494.6,35.5,952.8,0,742.1,11545.9,12288.0,45,19.252
2026-04-25 15:54:26.957,Translating 大丈夫．．．？かなーーーって！？,50.7,8502.7,35.5,952.8,0,742.1,11545.9,12288.0,46,19.271
2026-04-25 15:54:27.459,Translating ．．．この,42.1,8526.6,35.6,952.8,0,742.1,11545.9,12288.0,46,19.242
2026-04-25 15:54:27.960,Translating ．．．この,50.8,8525.9,35.6,952.8,0,742.1,11545.9,12288.0,45,19.318
2026-04-25 15:54:28.462,Translating おお！,46.0,8526.4,35.6,952.8,0,742.1,11545.9,12288.0,45,19.387
2026-04-25 15:54:28.964,Translating おーっくっ．．．,46.2,8521.1,35.6,952.8,0,742.1,11545.9,12288.0,46,19.343
2026-04-25 15:54:29.465,Translating 何かな？,51.3,8521.4,35.6,952.8,0,742.1,11545.9,12288.0,45,19.292
2026-04-25 15:54:29.969,Translating 何かな？,42.8,8498.4,35.5,952.8,11,742.1,11545.9,12288.0,46,19.266
2026-04-25 15:54:30.471,Translating そうだめォ,48.6,8492.1,35.5,952.8,0,742.1,11545.9,12288.0,46,19.18
2026-04-25 15:54:30.971,Translating そうだめォ,46.9,8492.9,35.5,952.8,0,742.1,11545.9,12288.0,45,19.141
2026-04-25 15:54:31.473,Translating 本当にいい縁日日和よね〜〜,52.3,8485.9,35.5,952.8,0,742.1,11545.9,12288.0,45,19.092
2026-04-25 15:54:31.974,Translating 本当にいい縁日日和よね〜〜,44.9,8493.5,35.5,952.8,0,742.1,11545.9,12288.0,46,19.081
2026-04-25 15:54:32.476,Translating 本当にいい縁日日和よね〜〜,52.0,8494.4,35.5,952.8,0,742.1,11545.9,12288.0,45,19.055
2026-04-25 15:54:32.978,Translating 本当にいい縁日日和よね〜〜,51.8,8499.3,35.5,952.8,0,742.1,11545.9,12288.0,45,19.004
2026-04-25 15:54:33.480,Translating はい！草餅に梅餅お待ちどぉさま～,52.8,8493.2,35.5,952.8,0,742.1,11545.9,12288.0,45,19.063
2026-04-25 15:54:33.982,Translating はい！草餅に梅餅お待ちどぉさま～,44.2,8494.2,35.5,952.8,17,742.1,11545.9,12288.0,46,19.189
2026-04-25 15:54:34.483,Translating はい！草餅に梅餅お待ちどぉさま～,51.1,8498.5,35.5,952.8,0,742.1,11545.9,12288.0,45,19.241
2026-04-25 15:54:34.985,Translating はい！草餅に梅餅お待ちどぉさま～,50.5,8502.6,35.5,952.8,0,742.1,11545.9,12288.0,45,19.26
2026-04-25 15:54:35.486,Translating ぷと、,51.7,8498.9,35.5,952.8,0,742.1,11545.9,12288.0,45,19.161
2026-04-25 15:54:35.988,Translating ぷと、,42.3,8510.8,35.6,952.8,12,742.1,11545.9,12288.0,46,19.196
2026-04-25 15:54:36.490,Translating 江戸日本晴れこんな日は茶と菓子でのんびり一服が一番だのォ,44.4,8518.6,35.6,952.8,0,742.1,11545.9,12288.0,45,19.197
2026-04-25 15:54:36.990,Translating 江戸日本晴れこんな日は茶と菓子でのんびり一服が一番だのォ,51.3,8518.0,35.6,952.8,0,742.1,11545.9,12288.0,46,19.268
2026-04-25 15:54:37.492,Translating 江戸日本晴れこんな日は茶と菓子でのんびり一服が一番だのォ,50.9,8518.5,35.6,952.8,14,742.1,11545.9,12288.0,45,19.282
2026-04-25 15:54:37.993,Translating 江戸日本晴れこんな日は茶と菓子でのんびり一服が一番だのォ,50.3,8517.6,35.6,952.8,0,742.1,11545.9,12288.0,45,19.28
2026-04-25 15:54:38.496,Translating 江戸日本晴れこんな日は茶と菓子でのんびり一服が一番だのォ,51.3,8521.8,35.6,952.8,0,742.1,11545.9,12288.0,45,19.308
2026-04-25 15:54:38.998,Translating 江戸日本晴れこんな日は茶と菓子でのんびり一服が一番だのォ,50.3,8520.5,35.6,952.8,15,742.1,11545.9,12288.0,46,19.257
2026-04-25 15:54:39.499,BubbleTypesetter._apply_cleaning,40.7,8505.5,35.6,959.8,0,742.1,11545.9,12288.0,45,19.188
2026-04-25 15:54:40.000,BubbleTypesetter._apply_cleaning,8.7,8505.2,35.6,959.8,0,742.1,11545.9,12288.0,45,19.284
2026-04-25 15:54:40.506,BubbleTypesetter._apply_cleaning,8.9,8505.5,35.6,959.8,1,742.1,11545.9,12288.0,46,19.277
2026-04-25 15:54:41.009,BubbleTypesetter._apply_cleaning,8.7,8505.5,35.6,959.8,0,742.1,11545.9,12288.0,45,19.275
2026-04-25 15:54:41.509,BubbleTypesetter._apply_cleaning,9.2,8507.9,35.6,959.8,0,742.1,11545.9,12288.0,45,19.323
2026-04-25 15:54:42.752,yolo_start,0.0,7918.0,33.1,40.0,0,757.8,11530.2,12288.0,45,19.403
2026-04-25 15:54:43.267,EngineOCRFactory._setup_engine,30.0,8159.4,34.1,520.9,30,763.6,11524.4,12288.0,46,19.708
2026-04-25 15:54:43.805,EngineOCRFactory._setup_engine,9.4,8206.8,34.3,566.4,6,763.6,11524.4,12288.0,46,20.25
2026-04-25 15:54:44.312,EngineOCRFactory._setup_engine,9.6,8273.0,34.6,679.1,43,763.3,11524.7,12288.0,46,20.255
2026-04-25 15:54:44.815,EngineOCRFactory._run,10.8,8355.1,34.9,757.6,43,766.1,11521.9,12288.0,46,20.586
2026-04-25 15:54:45.316,EngineOCRFactory._run,50.1,8591.6,35.9,975.4,2,765.0,11523.0,12288.0,46,21.349
2026-04-25 15:54:45.817,EngineOCRFactory._run,24.8,8605.5,36.0,979.8,2,769.1,11518.9,12288.0,46,21.268
2026-04-25 15:54:46.318,EngineOCRFactory._run,26.0,8827.9,36.9,1196.2,0,768.6,11519.4,12288.0,46,21.528
2026-04-25 15:54:46.819,EngineOCRFactory._run,33.9,8938.8,37.4,1313.4,0,768.6,11519.4,12288.0,46,21.969
2026-04-25 15:54:47.319,MangaOCRExtractor.extract from ./tmp-new-teste/1024-95-pbt-cpu-only/crops_AkkeraKanjinchou_005_L/AkkeraKanjinchou_005_L_bubble_001.png,52.2,8942.5,37.4,1315.8,37,768.6,11519.4,12288.0,46,21.639
2026-04-25 15:54:47.820,MangaOCRExtractor.extract from ./tmp-new-teste/1024-95-pbt-cpu-only/crops_AkkeraKanjinchou_005_L/AkkeraKanjinchou_005_L_bubble_004.png,52.7,8939.3,37.4,1315.8,37,768.6,11519.4,12288.0,46,21.281
2026-04-25 15:54:48.321,MangaOCRExtractor.extract from ./tmp-new-teste/1024-95-pbt-cpu-only/crops_AkkeraKanjinchou_005_L/AkkeraKanjinchou_005_L_bubble_006.png,51.3,8937.8,37.4,1316.0,2,764.4,11523.6,12288.0,46,20.658
2026-04-25 15:54:48.822,MangaOCRExtractor.extract from ./tmp-new-teste/1024-95-pbt-cpu-only/crops_AkkeraKanjinchou_005_L/AkkeraKanjinchou_005_L_bubble_008.png,51.5,8938.1,37.4,1316.0,15,764.4,11523.6,12288.0,46,20.052
2026-04-25 15:54:49.323,MangaOCRExtractor.extract from ./tmp-new-teste/1024-95-pbt-cpu-only/crops_AkkeraKanjinchou_005_L/AkkeraKanjinchou_005_L_bubble_009.png,51.8,8937.7,37.4,1316.0,0,764.4,11523.6,12288.0,45,19.737
2026-04-25 15:54:49.824,MangaOCRExtractor.extract from ./tmp-new-teste/1024-95-pbt-cpu-only/crops_AkkeraKanjinchou_005_L/AkkeraKanjinchou_005_L_bubble_011.png,51.2,8937.7,37.4,1316.0,15,764.4,11523.6,12288.0,46,19.686
2026-04-25 15:54:50.325,MangaOCRExtractor.extract from ./tmp-new-teste/1024-95-pbt-cpu-only/crops_AkkeraKanjinchou_005_R/AkkeraKanjinchou_005_R_bubble_012.png,51.2,8937.9,37.4,1316.8,0,764.4,11523.6,12288.0,46,19.632
2026-04-25 15:54:50.826,MangaOCRExtractor.extract from ./tmp-new-teste/1024-95-pbt-cpu-only/crops_AkkeraKanjinchou_005_R/AkkeraKanjinchou_005_R_bubble_014.png,51.7,8938.2,37.4,1316.8,14,760.4,11527.6,12288.0,45,19.592
2026-04-25 15:54:51.327,MangaOCRExtractor.extract from ./tmp-new-teste/1024-95-pbt-cpu-only/crops_AkkeraKanjinchou_005_R/AkkeraKanjinchou_005_R_bubble_016.png,51.7,8938.3,37.4,1316.8,0,760.1,11527.9,12288.0,45,19.521
2026-04-25 15:54:51.828,MangaOCRExtractor.extract from ./tmp-new-teste/1024-95-pbt-cpu-only/crops_AkkeraKanjinchou_005_R/AkkeraKanjinchou_005_R_bubble_018.png,52.2,8939.5,37.4,1316.8,0,754.1,11533.9,12288.0,46,19.512
2026-04-25 15:54:52.329,MangaOCRExtractor.extract from ./tmp-new-teste/1024-95-pbt-cpu-only/crops_AkkeraKanjinchou_005_R/AkkeraKanjinchou_005_R_bubble_020.png,52.2,8939.1,37.4,1316.8,0,754.1,11533.9,12288.0,45,19.395
2026-04-25 15:54:52.830,MangaOCRExtractor.extract from ./tmp-new-teste/1024-95-pbt-cpu-only/crops_AkkeraKanjinchou_005_R/AkkeraKanjinchou_005_R_bubble_022.png,51.2,8939.3,37.4,1316.9,0,754.1,11533.9,12288.0,45,19.397
2026-04-25 15:54:53.331,MangaOCRExtractor.extract from ./tmp-new-teste/1024-95-pbt-cpu-only/crops_AkkeraKanjinchou_005_R/AkkeraKanjinchou_005_R_bubble_023.png,51.0,8939.3,37.4,1316.9,0,754.1,11533.9,12288.0,46,19.41
2026-04-25 15:54:53.832,Translating 何？喧嘩かい？,19.3,8612.9,36.0,988.1,25,754.1,11533.9,12288.0,46,19.422
2026-04-25 15:54:54.333,Translating 何？喧嘩かい？,47.8,8612.9,36.0,988.1,0,754.1,11533.9,12288.0,45,19.479
2026-04-25 15:54:54.835,Translating ビビって声も出しゃしねぇ,51.3,8599.4,36.0,988.1,0,754.1,11533.9,12288.0,46,19.475
2026-04-25 15:54:55.336,Translating ビビって声も出しゃしねぇ,42.2,8600.3,36.0,988.1,0,754.1,11533.9,12288.0,45,19.298
2026-04-25 15:54:55.837,Translating ビビって声も出しゃしねぇ,51.0,8549.9,35.7,988.1,0,754.1,11533.9,12288.0,45,19.303
2026-04-25 15:54:56.338,Translating ビビって声も出しゃしねぇ,50.7,8540.6,35.7,988.1,0,749.2,11538.8,12288.0,46,19.215
2026-04-25 15:54:56.840,Translating 何とか言え無礼者！,43.5,8541.9,35.7,988.1,0,749.2,11538.8,12288.0,45,19.179
2026-04-25 15:54:57.341,Translating 何とか言え無礼者！,50.7,8541.4,35.7,988.1,0,749.2,11538.8,12288.0,45,19.329
2026-04-25 15:54:57.844,Translating 何とか言え無礼者！,50.8,8543.7,35.7,988.1,0,749.2,11538.8,12288.0,45,19.294
2026-04-25 15:54:58.346,Translating 何とか言え無礼者！,51.1,8547.5,35.7,988.1,0,749.2,11538.8,12288.0,45,19.132
2026-04-25 15:54:58.848,Translating 笠の浪人が鞘当てしたんだって,49.0,8538.9,35.7,988.1,0,749.2,11538.8,12288.0,45,19.107
2026-04-25 15:54:59.349,Translating 笠の浪人が鞘当てしたんだって,45.4,8542.9,35.7,988.1,0,749.2,11538.8,12288.0,45,19.228
2026-04-25 15:54:59.851,Translating 笠の浪人が鞘当てしたんだって,51.2,8528.6,35.7,988.1,0,749.2,11538.8,12288.0,45,19.3
2026-04-25 15:55:00.353,Translating 笠の浪人が鞘当てしたんだって,50.2,8533.0,35.7,988.1,0,749.2,11538.8,12288.0,46,19.273
2026-04-25 15:55:00.855,Translating 子供．．．なのか．．．？変な奴．．,51.2,8517.4,35.6,988.1,0,749.2,11538.8,12288.0,45,19.326
2026-04-25 15:55:01.356,Translating 子供．．．なのか．．．？変な奴．．,42.9,8529.5,35.7,988.1,0,749.2,11538.8,12288.0,45,19.344
2026-04-25 15:55:01.858,Translating 子供．．．なのか．．．？変な奴．．,52.1,8531.3,35.7,988.1,1,749.2,11538.8,12288.0,45,19.248
2026-04-25 15:55:02.360,Translating あれってホラ．．．暴れ者の虎藤道場の剣士だよ,42.5,8526.9,35.7,988.1,0,749.2,11538.8,12288.0,45,19.179
2026-04-25 15:55:02.861,Translating あれってホラ．．．暴れ者の虎藤道場の剣士だよ,50.3,8527.7,35.7,988.1,1,749.2,11538.8,12288.0,45,19.253
2026-04-25 15:55:03.362,Translating あれってホラ．．．暴れ者の虎藤道場の剣士だよ,51.0,8526.3,35.6,988.1,15,749.2,11538.8,12288.0,45,19.285
2026-04-25 15:55:03.865,Translating あれってホラ．．．暴れ者の虎藤道場の剣士だよ,50.7,8514.0,35.6,988.1,1,749.2,11538.8,12288.0,45,19.249
2026-04-25 15:55:04.367,Translating あれってホラ．．．暴れ者の虎藤道場の剣士だよ,50.8,8509.6,35.6,988.1,0,749.2,11538.8,12288.0,45,19.273
2026-04-25 15:55:04.869,Translating 人の餅ジロジロ見て．．．変な奴．．．,43.8,8503.4,35.6,988.1,8,743.2,11544.8,12288.0,46,19.339
2026-04-25 15:55:05.370,Translating 人の餅ジロジロ見て．．．変な奴．．．,50.3,8503.4,35.6,988.1,0,743.2,11544.8,12288.0,45,19.511
2026-04-25 15:55:05.872,Translating 人の餅ジロジロ見て．．．変な奴．．．,50.9,8513.3,35.6,988.1,1,743.2,11544.8,12288.0,45,19.523
2026-04-25 15:55:06.374,Translating 人の餅ジロジロ見て．．．変な奴．．．,51.7,8511.8,35.6,988.1,7,743.2,11544.8,12288.0,45,19.404
2026-04-25 15:55:06.876,Translating オレと同じ事言ってら,52.4,8521.6,35.6,988.1,1,743.2,11544.8,12288.0,45,19.3
2026-04-25 15:55:07.378,Translating オレと同じ事言ってら,44.5,8537.5,35.7,988.1,3,743.2,11544.8,12288.0,45,19.321
2026-04-25 15:55:07.879,Translating オレと同じ事言ってら,51.6,8547.9,35.7,988.1,1,743.2,11544.8,12288.0,45,19.321
2026-04-25 15:55:08.381,Translating 親父殿．．．,43.4,8532.6,35.7,988.1,0,743.2,11544.8,12288.0,45,19.354
2026-04-25 15:55:08.882,Translating また一服といくかの,51.7,8516.0,35.6,988.2,1,743.2,11544.8,12288.0,45,19.531
2026-04-25 15:55:09.383,Translating また一服といくかの,41.9,8520.3,35.6,988.2,0,743.2,11544.8,12288.0,45,19.522
2026-04-25 15:55:09.884,Translating ふー．．．手掛かり一向に無しか,45.6,8526.7,35.6,988.2,1,743.2,11544.8,12288.0,45,19.442
2026-04-25 15:55:10.385,Translating ふー．．．手掛かり一向に無しか,50.5,8527.1,35.7,988.2,0,743.2,11544.8,12288.0,45,19.417
2026-04-25 15:55:10.887,Translating ふー．．．手掛かり一向に無しか,51.5,8531.0,35.7,988.2,0,743.2,11544.8,12288.0,45,19.308
2026-04-25 15:55:11.388,Translating ふー．．．手掛かり一向に無しか,47.8,8525.6,35.6,988.2,0,743.2,11544.8,12288.0,45,19.242
2026-04-25 15:55:11.890,Translating ふー．．．手掛かり一向に無しか,51.3,8494.7,35.5,988.2,0,743.2,11544.8,12288.0,45,19.356
2026-04-25 15:55:12.392,Translating ふー．．．手掛かり一向に無しか,51.5,8499.5,35.5,988.2,0,743.2,11544.8,12288.0,45,19.358
2026-04-25 15:55:12.894,Translating 渡れた疲れた,45.9,8538.2,35.7,988.2,17,743.2,11544.8,12288.0,45,19.41
2026-04-25 15:55:13.395,Translating ．．．この辻斬り騒ぎーー．．,50.7,8551.4,35.8,988.2,0,743.2,11544.8,12288.0,45,19.396
2026-04-25 15:55:13.897,Translating ．．．この辻斬り騒ぎーー．．,44.9,8507.4,35.6,988.2,11,743.2,11544.8,12288.0,45,19.494
2026-04-25 15:55:14.399,Translating ．．．この辻斬り騒ぎーー．．,50.6,8512.6,35.6,988.2,0,743.2,11544.8,12288.0,45,19.445
2026-04-25 15:55:14.901,Translating 鎚――．．．？,53.1,8514.9,35.6,988.2,0,743.2,11544.8,12288.0,46,19.366
2026-04-25 15:55:15.403,Translating 鎚――．．．？,43.9,8523.4,35.6,988.2,0,743.2,11544.8,12288.0,45,19.317
2026-04-25 15:55:15.905,Translating 奴に関係あるハズなんだ必ず．．．！,45.3,8543.0,35.7,988.2,12,743.2,11544.8,12288.0,45,19.417
2026-04-25 15:55:16.406,Translating 奴に関係あるハズなんだ必ず．．．！,51.5,8552.3,35.8,988.2,0,743.2,11544.8,12288.0,45,19.342
2026-04-25 15:55:16.907,Translating 奴に関係あるハズなんだ必ず．．．！,51.5,8551.6,35.8,988.2,0,743.2,11544.8,12288.0,45,19.324
2026-04-25 15:55:17.409,Translating 奴に関係あるハズなんだ必ず．．．！,50.9,8553.0,35.8,988.2,0,743.2,11544.8,12288.0,45,19.259
2026-04-25 15:55:17.910,Translating 妙なもんしょってるなー．．．,43.3,8548.4,35.7,988.2,0,743.2,11544.8,12288.0,45,19.285
2026-04-25 15:55:18.411,Translating 妙なもんしょってるなー．．．,51.4,8548.1,35.7,988.2,0,743.2,11544.8,12288.0,45,19.393
2026-04-25 15:55:18.913,BubbleTypesetter._apply_cleaning,52.2,8540.8,35.7,988.2,0,743.2,11544.8,12288.0,45,19.418
2026-04-25 15:55:19.415,BubbleTypesetter._apply_cleaning,14.5,8540.5,35.7,995.2,6,743.2,11544.8,12288.0,45,19.432
2026-04-25 15:55:19.915,BubbleTypesetter._apply_cleaning,9.2,8540.0,35.7,995.2,0,743.2,11544.8,12288.0,45,19.418
2026-04-25 15:55:20.421,BubbleTypesetter._apply_cleaning,8.5,8539.7,35.7,995.2,0,743.2,11544.8,12288.0,45,19.424
2026-04-25 15:55:20.932,BubbleTypesetter._process_bubble,8.8,8538.9,35.7,995.2,0,743.2,11544.8,12288.0,45,19.45
2026-04-25 15:55:22.228,yolo_start,0.0,7920.7,33.1,40.0,0,762.9,11525.1,12288.0,45,19.599
2026-04-25 15:55:22.745,EngineOCRFactory._setup_engine,29.6,8156.3,34.1,519.5,44,768.8,11519.2,12288.0,46,20.13
2026-04-25 15:55:23.247,EngineOCRFactory._setup_engine,10.1,8204.9,34.3,565.6,35,768.8,11519.2,12288.0,46,20.85
2026-04-25 15:55:23.752,EngineOCRFactory._setup_engine,9.4,8279.7,34.6,674.6,43,768.7,11519.3,12288.0,46,20.662
2026-04-25 15:55:24.255,EngineOCRFactory._setup_engine,9.3,8310.0,34.7,704.4,41,771.4,11516.6,12288.0,46,20.628
2026-04-25 15:55:24.756,EngineOCRFactory._run,46.2,8566.4,35.8,917.9,7,770.2,11517.8,12288.0,46,20.954
2026-04-25 15:55:25.258,EngineOCRFactory._run,36.0,8589.0,35.9,947.0,14,774.3,11513.7,12288.0,45,20.179
2026-04-25 15:55:25.760,EngineOCRFactory._run,15.6,8812.5,36.8,1187.7,7,773.8,11514.2,12288.0,45,19.845
2026-04-25 15:55:26.261,EngineOCRFactory._run,32.6,8918.7,37.3,1300.2,37,773.8,11514.2,12288.0,46,19.942
2026-04-25 15:55:26.761,MangaOCRExtractor.extract from ./tmp-new-teste/1024-95-pbt-cpu-only/crops_AkkeraKanjinchou_006_L/AkkeraKanjinchou_006_L_bubble_001.png,53.2,8925.7,37.3,1307.3,43,773.6,11514.4,12288.0,46,20.46
2026-04-25 15:55:27.262,MangaOCRExtractor.extract from ./tmp-new-teste/1024-95-pbt-cpu-only/crops_AkkeraKanjinchou_006_L/AkkeraKanjinchou_006_L_bubble_003.png,51.1,8926.2,37.3,1307.5,14,769.6,11518.4,12288.0,45,20.963
2026-04-25 15:55:27.763,MangaOCRExtractor.extract from ./tmp-new-teste/1024-95-pbt-cpu-only/crops_AkkeraKanjinchou_006_L/AkkeraKanjinchou_006_L_bubble_004.png,51.8,8926.2,37.3,1307.5,6,769.6,11518.4,12288.0,45,20.165
2026-04-25 15:55:28.264,MangaOCRExtractor.extract from ./tmp-new-teste/1024-95-pbt-cpu-only/crops_AkkeraKanjinchou_006_L/AkkeraKanjinchou_006_L_bubble_006.png,51.1,8921.6,37.3,1307.5,0,769.6,11518.4,12288.0,45,19.566
2026-04-25 15:55:28.765,MangaOCRExtractor.extract from ./tmp-new-teste/1024-95-pbt-cpu-only/crops_AkkeraKanjinchou_006_R/AkkeraKanjinchou_006_R_bubble_008.png,51.1,8923.2,37.3,1307.5,16,769.6,11518.4,12288.0,45,19.501
2026-04-25 15:55:29.266,MangaOCRExtractor.extract from ./tmp-new-teste/1024-95-pbt-cpu-only/crops_AkkeraKanjinchou_006_R/AkkeraKanjinchou_006_R_bubble_010.png,51.7,8923.3,37.3,1307.5,30,769.6,11518.4,12288.0,46,19.409
2026-04-25 15:55:29.767,MangaOCRExtractor.extract from ./tmp-new-teste/1024-95-pbt-cpu-only/crops_AkkeraKanjinchou_006_R/AkkeraKanjinchou_006_R_bubble_012.png,51.7,8924.5,37.3,1308.3,0,769.6,11518.4,12288.0,45,19.401
2026-04-25 15:55:30.268,MangaOCRExtractor.extract from ./tmp-new-teste/1024-95-pbt-cpu-only/crops_AkkeraKanjinchou_006_R/AkkeraKanjinchou_006_R_bubble_014.png,51.1,8924.5,37.3,1308.3,0,765.6,11522.4,12288.0,45,19.458
2026-04-25 15:55:30.769,MangaOCRExtractor.extract from ./tmp-new-teste/1024-95-pbt-cpu-only/crops_AkkeraKanjinchou_006_R/AkkeraKanjinchou_006_R_bubble_016.png,51.7,8922.1,37.3,1308.3,15,765.2,11522.8,12288.0,45,19.404
2026-04-25 15:55:31.270,MangaOCRExtractor.extract from ./tmp-new-teste/1024-95-pbt-cpu-only/crops_AkkeraKanjinchou_006_R/AkkeraKanjinchou_006_R_bubble_018.png,50.9,8922.6,37.3,1308.3,15,749.2,11538.8,12288.0,45,19.362
2026-04-25 15:55:31.771,Translating どうした！飾りかそれは！,21.0,8517.9,35.6,939.1,32,749.2,11538.8,12288.0,45,19.423
2026-04-25 15:55:32.271,Translating どうした！飾りかそれは！,47.3,8522.3,35.6,939.1,15,749.2,11538.8,12288.0,45,19.367
2026-04-25 15:55:32.773,Translating どうした！飾りかそれは！,50.4,8529.9,35.7,939.1,0,749.2,11538.8,12288.0,45,19.232
2026-04-25 15:55:33.273,Translating フン怖くて声が出んか！？,47.9,8520.8,35.6,939.1,0,749.2,11538.8,12288.0,45,19.039
2026-04-25 15:55:33.774,Translating フン怖くて声が出んか！？,48.7,8519.5,35.6,939.1,7,749.2,11538.8,12288.0,45,19.076
2026-04-25 15:55:34.275,Translating フン怖くて声が出んか！？,50.2,8519.5,35.6,939.1,0,749.2,11538.8,12288.0,45,19.111
2026-04-25 15:55:34.776,Translating フン怖くて声が出んか！？,50.1,8510.7,35.6,939.1,0,749.2,11538.8,12288.0,45,19.089
2026-04-25 15:55:35.278,Translating や待てこいつの腰物,49.8,8502.9,35.6,939.1,0,749.2,11538.8,12288.0,45,19.016
2026-04-25 15:55:35.779,Translating や待てこいつの腰物,46.3,8507.1,35.6,939.1,0,749.2,11538.8,12288.0,45,19.112
2026-04-25 15:55:36.281,Translating や待てこいつの腰物,50.2,8500.8,35.5,939.1,0,749.2,11538.8,12288.0,45,19.094
2026-04-25 15:55:36.783,Translating や待てこいつの腰物,53.5,8502.6,35.5,939.1,0,749.2,11538.8,12288.0,45,18.969
2026-04-25 15:55:37.285,Translating 抜けん！試合ってやるわ！,44.5,8509.7,35.6,939.1,0,749.2,11538.8,12288.0,45,19.106
2026-04-25 15:55:37.787,Translating 抜けん！試合ってやるわ！,50.7,8512.7,35.6,939.1,0,749.2,11538.8,12288.0,45,19.106
2026-04-25 15:55:38.290,Translating 竹光！！だははは！本当に飾りか！,53.8,8510.1,35.6,939.1,0,749.2,11538.8,12288.0,45,18.963
2026-04-25 15:55:38.792,Translating 竹光！！だははは！本当に飾りか！,39.9,8510.1,35.6,939.1,0,749.2,11538.8,12288.0,45,19.051
2026-04-25 15:55:39.293,Translating 竹光！！だははは！本当に飾りか！,50.7,8509.9,35.6,939.1,0,749.2,11538.8,12288.0,45,19.04
2026-04-25 15:55:39.795,Translating 竹光！！だははは！本当に飾りか！,50.7,8509.8,35.6,939.1,0,749.2,11538.8,12288.0,45,18.951
2026-04-25 15:55:40.297,Translating 本物の腰抜けかー．．．,52.3,8510.1,35.6,939.2,0,749.2,11538.8,12288.0,45,19.085
2026-04-25 15:55:40.799,Translating 本物の腰抜けかー．．．,41.5,8514.4,35.6,939.2,0,749.2,11538.8,12288.0,45,19.272
2026-04-25 15:55:41.301,Translating 本物の腰抜けかー．．．,51.2,8517.0,35.6,939.2,0,749.2,11538.8,12288.0,45,19.226
2026-04-25 15:55:41.803,Translating 来い！,43.9,8487.9,35.5,939.2,6,749.2,11538.8,12288.0,45,19.243
2026-04-25 15:55:42.305,Translating あらら．．,42.7,8492.2,35.5,939.2,0,749.2,11538.8,12288.0,45,19.249
2026-04-25 15:55:42.805,Translating あらら．．,50.8,8496.7,35.5,939.2,0,749.2,11538.8,12288.0,45,19.288
2026-04-25 15:55:43.308,Translating 案の定．．．,46.0,8486.7,35.5,939.2,0,741.2,11546.8,12288.0,45,19.324
2026-04-25 15:55:43.808,Translating くだらね．．．,52.3,8484.1,35.5,939.2,0,741.2,11546.8,12288.0,45,19.34
2026-04-25 15:55:44.310,Translating くだらね．．．,41.3,8490.7,35.5,939.2,0,741.2,11546.8,12288.0,45,19.388
2026-04-25 15:55:44.812,Translating 相当シメられるよありゃあ．．．,48.4,8503.6,35.6,939.2,0,741.2,11546.8,12288.0,45,19.337
2026-04-25 15:55:45.313,Translating 相当シメられるよありゃあ．．．,44.8,8505.1,35.6,939.2,0,741.2,11546.8,12288.0,45,19.269
2026-04-25 15:55:45.814,Translating 相当シメられるよありゃあ．．．,50.9,8505.8,35.6,939.2,0,741.2,11546.8,12288.0,45,19.267
2026-04-25 15:55:46.316,Translating 出おったわ！,51.0,8505.8,35.6,939.2,0,741.2,11546.8,12288.0,45,19.241
2026-04-25 15:55:46.818,Translating 出おったわ！,44.9,8505.3,35.6,939.2,0,741.2,11546.8,12288.0,45,19.295
2026-04-25 15:55:47.320,Translating 刀．．．,53.9,8495.8,35.5,939.2,0,741.2,11546.8,12288.0,45,19.182
2026-04-25 15:55:47.821,Translating 刀．．．,42.5,8486.7,35.5,939.2,0,741.2,11546.8,12288.0,45,19.198
2026-04-25 15:55:48.323,Translating フンなら力ずくでも謝らせてやる！,44.3,8495.9,35.5,939.2,14,741.2,11546.8,12288.0,45,19.321
2026-04-25 15:55:48.824,Translating フンなら力ずくでも謝らせてやる！,50.4,8493.4,35.5,939.2,0,741.2,11546.8,12288.0,45,19.245
2026-04-25 15:55:49.325,Translating フンなら力ずくでも謝らせてやる！,51.1,8497.9,35.5,939.2,0,741.2,11546.8,12288.0,45,19.302
2026-04-25 15:55:49.826,Translating フンなら力ずくでも謝らせてやる！,50.3,8498.1,35.5,939.2,0,741.2,11546.8,12288.0,45,19.31
2026-04-25 15:55:50.328,Translating フンなら力ずくでも謝らせてやる！,50.3,8498.4,35.5,939.2,0,741.2,11546.8,12288.0,45,19.316
2026-04-25 15:55:50.831,Translating 魔．．．？,43.3,8502.3,35.5,939.2,21,741.2,11546.8,12288.0,45,19.358
2026-04-25 15:55:51.332,Translating 水がさんぞ．．．刀魔！！,44.5,8505.5,35.6,939.2,0,741.2,11546.8,12288.0,45,19.297
2026-04-25 15:55:51.833,Translating 水がさんぞ．．．刀魔！！,50.9,8508.0,35.6,939.2,0,741.2,11546.8,12288.0,45,19.413
2026-04-25 15:55:52.340,BubbleTypesetter._apply_cleaning,44.5,8508.5,35.6,946.1,7,741.2,11546.8,12288.0,45,19.409
2026-04-25 15:55:52.878,BubbleTypesetter._wrap_text_pixel_width,8.8,8508.5,35.6,946.1,0,741.2,11546.8,12288.0,45,19.36
2026-04-25 15:55:53.465,BubbleTypesetter._apply_cleaning,8.9,8508.5,35.6,946.1,0,741.2,11546.8,12288.0,45,19.385
2026-04-25 15:55:53.975,BubbleTypesetter._wrap_text_pixel_width,8.5,8508.7,35.6,946.1,15,741.2,11546.8,12288.0,45,19.359
2026-04-25 15:55:55.070,yolo_start,0.0,7936.6,33.2,40.0,8,752.9,11535.1,12288.0,45,19.55
2026-04-25 15:55:55.589,EngineOCRFactory._setup_engine,22.6,8180.5,34.2,523.1,44,752.9,11535.1,12288.0,46,20.21
2026-04-25 15:55:56.119,EngineOCRFactory._setup_engine,9.7,8225.5,34.4,566.4,0,752.9,11535.1,12288.0,45,20.539
2026-04-25 15:55:56.624,EngineOCRFactory._setup_engine,10.1,8291.9,34.7,678.2,39,752.9,11535.1,12288.0,46,20.488
2026-04-25 15:55:57.125,EngineOCRFactory._setup_engine,9.5,8358.2,34.9,740.1,42,755.6,11532.4,12288.0,46,20.767
2026-04-25 15:55:57.626,EngineOCRFactory._run,51.1,8615.0,36.0,914.4,0,755.5,11532.5,12288.0,45,20.687
2026-04-25 15:55:58.133,EngineOCRFactory._run,42.2,8612.1,36.0,929.1,36,761.6,11526.4,12288.0,46,19.974
2026-04-25 15:55:58.636,EngineOCRFactory._run,11.2,8877.6,37.1,1197.3,41,761.6,11526.4,12288.0,46,20.317
2026-04-25 15:55:59.137,EngineOCRFactory._run,32.6,8924.3,37.3,1530.7,1,761.6,11526.4,12288.0,46,20.679
2026-04-25 15:55:59.639,MangaOCRExtractor.extract from ./tmp-new-teste/1024-95-pbt-cpu-only/crops_AkkeraKanjinchou_007_L/AkkeraKanjinchou_007_L_bubble_001.png,52.3,8928.4,37.3,1317.0,42,761.6,11526.4,12288.0,46,20.692
2026-04-25 15:56:00.140,MangaOCRExtractor.extract from ./tmp-new-teste/1024-95-pbt-cpu-only/crops_AkkeraKanjinchou_007_L/AkkeraKanjinchou_007_L_bubble_003.png,52.1,8927.4,37.3,1317.1,20,761.6,11526.4,12288.0,46,21.317
2026-04-25 15:56:00.641,MangaOCRExtractor.extract from ./tmp-new-teste/1024-95-pbt-cpu-only/crops_AkkeraKanjinchou_007_L/AkkeraKanjinchou_007_L_bubble_006.png,51.3,8927.9,37.3,1317.1,6,761.5,11526.5,12288.0,46,21.678
2026-04-25 15:56:01.143,MangaOCRExtractor.extract from ./tmp-new-teste/1024-95-pbt-cpu-only/crops_AkkeraKanjinchou_007_L/AkkeraKanjinchou_007_L_bubble_008.png,51.4,8926.2,37.3,1317.1,8,761.5,11526.5,12288.0,45,21.039
2026-04-25 15:56:01.644,MangaOCRExtractor.extract from ./tmp-new-teste/1024-95-pbt-cpu-only/crops_AkkeraKanjinchou_007_L/AkkeraKanjinchou_007_L_bubble_010.png,51.8,8928.0,37.3,1317.2,15,761.5,11526.5,12288.0,45,20.736
2026-04-25 15:56:02.145,MangaOCRExtractor.extract from ./tmp-new-teste/1024-95-pbt-cpu-only/crops_AkkeraKanjinchou_007_L/AkkeraKanjinchou_007_L_bubble_011.png,52.1,8923.1,37.3,1317.2,12,761.5,11526.5,12288.0,46,20.123
2026-04-25 15:56:02.646,MangaOCRExtractor.extract from ./tmp-new-teste/1024-95-pbt-cpu-only/crops_AkkeraKanjinchou_007_R/AkkeraKanjinchou_007_R_bubble_014.png,52.0,8923.1,37.3,1317.9,6,761.5,11526.5,12288.0,45,19.485
2026-04-25 15:56:03.147,MangaOCRExtractor.extract from ./tmp-new-teste/1024-95-pbt-cpu-only/crops_AkkeraKanjinchou_007_R/AkkeraKanjinchou_007_R_bubble_016.png,51.4,8923.1,37.3,1317.9,4,757.5,11530.5,12288.0,45,19.545
2026-04-25 15:56:03.647,MangaOCRExtractor.extract from ./tmp-new-teste/1024-95-pbt-cpu-only/crops_AkkeraKanjinchou_007_R/AkkeraKanjinchou_007_R_bubble_018.png,51.1,8923.5,37.3,1318.0,4,757.5,11530.5,12288.0,45,19.543
2026-04-25 15:56:04.148,MangaOCRExtractor.extract from ./tmp-new-teste/1024-95-pbt-cpu-only/crops_AkkeraKanjinchou_007_R/AkkeraKanjinchou_007_R_bubble_021.png,51.8,8924.3,37.3,1318.0,16,757.2,11530.8,12288.0,45,19.432
2026-04-25 15:56:04.649,MangaOCRExtractor.extract from ./tmp-new-teste/1024-95-pbt-cpu-only/crops_AkkeraKanjinchou_007_R/AkkeraKanjinchou_007_R_bubble_023.png,51.1,8924.3,37.3,1318.0,10,741.2,11546.8,12288.0,45,19.425
2026-04-25 15:56:05.150,MangaOCRExtractor.extract from ./tmp-new-teste/1024-95-pbt-cpu-only/crops_AkkeraKanjinchou_007_R/AkkeraKanjinchou_007_R_bubble_024.png,50.6,8922.3,37.3,1318.0,1,741.2,11546.8,12288.0,45,19.43
2026-04-25 15:56:05.651,MangaOCRExtractor.extract from ./tmp-new-teste/1024-95-pbt-cpu-only/crops_AkkeraKanjinchou_007_R/AkkeraKanjinchou_007_R_bubble_025.png,51.3,8922.3,37.3,1318.0,0,741.2,11546.8,12288.0,45,19.434
2026-04-25 15:56:06.152,MangaOCRExtractor.extract from ./tmp-new-teste/1024-95-pbt-cpu-only/crops_AkkeraKanjinchou_007_R/AkkeraKanjinchou_007_R_bubble_026.png,50.8,8923.0,37.3,1318.1,1,741.2,11546.8,12288.0,45,19.451
2026-04-25 15:56:06.653,MangaOCRExtractor.extract from ./tmp-new-teste/1024-95-pbt-cpu-only/crops_AkkeraKanjinchou_007_R/AkkeraKanjinchou_007_R_bubble_028.png,51.8,8924.7,37.3,1318.1,0,741.2,11546.8,12288.0,45,19.341
2026-04-25 15:56:07.153,Translating や．．．やめ,22.2,8822.1,36.9,1230.0,1,741.2,11546.8,12288.0,45,19.409
2026-04-25 15:56:07.654,Translating や．．．やめ,45.3,8826.3,36.9,1230.0,0,741.2,11546.8,12288.0,45,19.475
2026-04-25 15:56:08.156,Translating ひ！？,44.4,8816.0,36.9,1230.0,1,741.2,11546.8,12288.0,45,19.423
2026-04-25 15:56:08.657,Translating まったく．．,44.2,8828.4,36.9,1230.0,11,741.2,11546.8,12288.0,45,19.387
2026-04-25 15:56:09.158,Translating だけ物だ．．．,53.7,8825.6,36.9,1230.0,1,741.2,11546.8,12288.0,45,19.348
2026-04-25 15:56:09.660,Translating だけ物だ．．．,43.9,8808.9,36.8,1230.0,0,741.2,11546.8,12288.0,45,19.363
2026-04-25 15:56:10.162,Translating ここから．．．頭にかけて．．．,51.2,8788.8,36.7,1230.1,1,741.2,11546.8,12288.0,45,19.286
2026-04-25 15:56:10.664,Translating ここから．．．頭にかけて．．．,43.9,8797.1,36.8,1230.1,0,741.2,11546.8,12288.0,45,19.287
2026-04-25 15:56:11.165,Translating ここから．．．頭にかけて．．．,50.7,8791.9,36.8,1230.1,1,741.2,11546.8,12288.0,45,19.251
2026-04-25 15:56:11.667,Translating こ．．．化け物．．,47.1,8791.2,36.8,1230.1,3,741.2,11546.8,12288.0,45,19.189
2026-04-25 15:56:12.168,Translating こ．．．化け物．．,49.9,8790.1,36.8,1230.1,0,741.2,11546.8,12288.0,45,19.357
2026-04-25 15:56:12.669,Translating 斬り甲斐がないよ．．．,46.8,8794.6,36.8,1230.1,3,741.2,11546.8,12288.0,45,19.335
2026-04-25 15:56:13.170,Translating 斬り甲斐がないよ．．．,49.2,8798.8,36.8,1230.1,0,741.2,11546.8,12288.0,45,19.26
2026-04-25 15:56:13.671,Translating 斬り甲斐がないよ．．．,51.0,8798.9,36.8,1230.1,0,741.2,11546.8,12288.0,45,19.245
2026-04-25 15:56:14.172,Translating っやめてくれェェェ,44.3,8802.4,36.8,1230.1,0,741.2,11546.8,12288.0,45,19.107
2026-04-25 15:56:14.672,Translating っやめてくれェェェ,50.4,8802.7,36.8,1230.1,0,741.2,11546.8,12288.0,45,18.981
2026-04-25 15:56:15.175,Translating 手からーー．．．,44.9,8785.7,36.7,1230.1,0,741.2,11546.8,12288.0,45,19.069
2026-04-25 15:56:15.677,Translating もう少し骨のある奴はいないのかねェ,53.4,8780.6,36.7,1230.1,0,741.2,11546.8,12288.0,45,19.241
2026-04-25 15:56:16.179,Translating もう少し骨のある奴はいないのかねェ,43.0,8776.8,36.7,1230.1,0,741.2,11546.8,12288.0,45,19.293
2026-04-25 15:56:16.680,Translating もう少し骨のある奴はいないのかねェ,52.7,8780.5,36.7,1230.1,0,741.2,11546.8,12288.0,45,19.341
2026-04-25 15:56:17.182,Translating 赤い刀が―――！！！,43.1,8794.5,36.8,1230.1,17,741.2,11546.8,12288.0,45,19.372
2026-04-25 15:56:17.683,Translating 赤い刀が―――！！！,50.8,8799.6,36.8,1230.1,0,741.2,11546.8,12288.0,45,19.267
2026-04-25 15:56:18.184,Translating さ．．．,46.1,8800.2,36.8,1230.1,29,741.2,11546.8,12288.0,45,19.272
2026-04-25 15:56:18.685,Translating あー．．．,46.2,8784.7,36.7,1230.1,2,741.2,11546.8,12288.0,45,19.37
2026-04-25 15:56:19.186,Translating あー．．．,48.0,8793.6,36.8,1230.1,0,741.2,11546.8,12288.0,45,19.247
2026-04-25 15:56:19.688,Translating こっち．．．,43.0,8792.4,36.8,1230.1,14,741.2,11546.8,12288.0,45,19.29
2026-04-25 15:56:20.189,Translating な．．．！！,46.1,8813.9,36.9,1230.1,0,741.2,11546.8,12288.0,45,19.305
2026-04-25 15:56:20.690,Translating な．．．！！,47.5,8813.9,36.9,1230.1,0,741.2,11546.8,12288.0,45,19.206
2026-04-25 15:56:21.192,Translating 何だ．．．！？,45.8,8791.4,36.8,1230.1,1,741.2,11546.8,12288.0,45,19.376
2026-04-25 15:56:21.693,Translating なっ．．．！！,45.7,8792.6,36.8,1230.1,0,741.2,11546.8,12288.0,45,19.391
2026-04-25 15:56:22.194,Translating 何！！だと．．．？,52.9,8793.6,36.8,1230.1,1,741.2,11546.8,12288.0,45,19.243
2026-04-25 15:56:22.696,Translating 何！！だと．．．？,41.6,8791.3,36.8,1230.1,0,741.2,11546.8,12288.0,45,19.221
2026-04-25 15:56:23.198,Translating キャキ,45.8,8808.0,36.8,1230.1,1,741.2,11546.8,12288.0,45,19.291
2026-04-25 15:56:23.700,Translating な．．．何．．．！？,45.2,8800.0,36.8,1230.1,15,741.2,11546.8,12288.0,45,19.292
2026-04-25 15:56:24.200,Translating 本物は．．．,51.9,8803.6,36.8,1230.1,8,741.2,11546.8,12288.0,45,19.267
2026-04-25 15:56:24.702,Translating 本物は．．．,41.4,8807.9,36.8,1230.1,0,741.2,11546.8,12288.0,45,19.349
2026-04-25 15:56:25.204,Translating しまったなァ．．．あんまりウルサイから思わず．．．,48.6,8779.7,36.7,1230.1,17,741.2,11546.8,12288.0,45,19.375
2026-04-25 15:56:25.705,Translating しまったなァ．．．あんまりウルサイから思わず．．．,47.1,8779.7,36.7,1230.1,15,741.2,11546.8,12288.0,45,19.321
2026-04-25 15:56:26.207,Translating しまったなァ．．．あんまりウルサイから思わず．．．,50.8,8773.5,36.7,1230.1,0,741.2,11546.8,12288.0,45,19.291
2026-04-25 15:56:26.709,Translating しまったなァ．．．あんまりウルサイから思わず．．．,51.7,8789.0,36.7,1230.1,0,741.2,11546.8,12288.0,45,19.231
2026-04-25 15:56:27.211,Translating まあいいか．．．獲物一匹残ったしねェ,43.3,8793.6,36.8,1230.1,15,741.2,11546.8,12288.0,45,19.341
2026-04-25 15:56:27.712,Translating まあいいか．．．獲物一匹残ったしねェ,50.8,8796.1,36.8,1230.1,0,741.2,11546.8,12288.0,45,19.329
2026-04-25 15:56:28.213,Translating まあいいか．．．獲物一匹残ったしねェ,50.4,8801.7,36.8,1230.1,0,741.2,11546.8,12288.0,45,19.297
2026-04-25 15:56:28.715,Translating えっ．．．えっ江戸屈指虎藤道場の門下だぞ！！,44.9,8786.3,36.7,1230.1,23,741.2,11546.8,12288.0,45,19.385
2026-04-25 15:56:29.216,Translating えっ．．．えっ江戸屈指虎藤道場の門下だぞ！！,48.3,8790.8,36.8,1230.1,0,741.2,11546.8,12288.0,45,19.441
2026-04-25 15:56:29.717,Translating えっ．．．えっ江戸屈指虎藤道場の門下だぞ！！,50.4,8791.5,36.8,1230.1,0,741.2,11546.8,12288.0,45,19.39
2026-04-25 15:56:30.219,Translating えっ．．．えっ江戸屈指虎藤道場の門下だぞ！！,51.7,8796.5,36.8,1230.1,0,741.2,11546.8,12288.0,45,19.208
2026-04-25 15:56:30.721,Translating えっ．．．えっ江戸屈指虎藤道場の門下だぞ！！,50.3,8792.1,36.8,1230.1,0,741.2,11546.8,12288.0,45,19.218
2026-04-25 15:56:31.223,Translating 竹光は本当に飾りだよ鞘当てしていいカモを釣るための道具．．．,45.9,8770.5,36.7,1230.2,0,741.2,11546.8,12288.0,45,19.251
2026-04-25 15:56:31.724,Translating 竹光は本当に飾りだよ鞘当てしていいカモを釣るための道具．．．,51.7,8771.7,36.7,1230.2,0,741.2,11546.8,12288.0,45,19.216
2026-04-25 15:56:32.226,Translating 竹光は本当に飾りだよ鞘当てしていいカモを釣るための道具．．．,51.8,8773.9,36.7,1230.2,0,741.2,11546.8,12288.0,45,19.228
2026-04-25 15:56:32.728,Translating 竹光は本当に飾りだよ鞘当てしていいカモを釣るための道具．．．,50.5,8778.1,36.7,1230.2,0,741.2,11546.8,12288.0,45,19.221
2026-04-25 15:56:33.230,Translating 竹光は本当に飾りだよ鞘当てしていいカモを釣るための道具．．．,51.6,8773.4,36.7,1230.2,0,741.2,11546.8,12288.0,45,19.159
2026-04-25 15:56:33.732,Translating 竹光は本当に飾りだよ鞘当てしていいカモを釣るための道具．．．,50.4,8769.6,36.7,1230.2,0,741.2,11546.8,12288.0,45,19.255
2026-04-25 15:56:34.234,Translating 刀無しでやる気か！？ナメるなよ！！,50.8,8772.1,36.7,1230.2,0,741.2,11546.8,12288.0,45,19.317
2026-04-25 15:56:34.735,Translating 刀無しでやる気か！？ナメるなよ！！,42.2,8773.2,36.7,1230.2,0,741.2,11546.8,12288.0,45,19.354
2026-04-25 15:56:35.236,Translating 刀無しでやる気か！？ナメるなよ！！,50.8,8773.7,36.7,1230.2,0,741.2,11546.8,12288.0,45,19.345
2026-04-25 15:56:35.739,Translating 刀無しでやる気か！？ナメるなよ！！,50.3,8774.4,36.7,1230.2,0,741.2,11546.8,12288.0,45,19.219
2026-04-25 15:56:36.241,Translating 刀無しでやる気か！？ナメるなよ！！,50.7,8774.8,36.7,1230.2,0,741.2,11546.8,12288.0,45,19.143
2026-04-25 15:56:36.742,Translating 何なんだコイツーー．．．！！,47.8,8787.7,36.7,1230.2,0,741.2,11546.8,12288.0,45,19.227
2026-04-25 15:56:37.243,Translating 何なんだコイツーー．．．！！,50.9,8786.8,36.7,1230.2,0,741.2,11546.8,12288.0,45,19.229
2026-04-25 15:56:37.751,BubbleTypesetter._apply_cleaning,24.8,8786.4,36.7,1237.0,0,741.2,11546.8,12288.0,45,19.254
2026-04-25 15:56:38.252,BubbleTypesetter._apply_cleaning,9.1,8787.1,36.7,1237.0,0,741.2,11546.8,12288.0,45,19.348
2026-04-25 15:56:38.752,BubbleTypesetter._apply_cleaning,8.3,8787.4,36.7,1237.1,0,741.2,11546.8,12288.0,45,19.292
2026-04-25 15:56:39.258,BubbleTypesetter._apply_cleaning,8.6,8787.6,36.7,1237.1,0,741.2,11546.8,12288.0,45,19.246
2026-04-25 15:56:39.779,BubbleTypesetter._wrap_text_pixel_width,8.8,8788.1,36.7,1237.1,0,741.2,11546.8,12288.0,45,19.217
2026-04-25 15:56:40.341,BubbleTypesetter._wrap_text_pixel_width,8.8,8789.1,36.7,1237.1,0,741.2,11546.8,12288.0,45,19.227
2026-04-25 15:56:41.338,yolo_start,0.0,7914.7,33.1,40.0,15,756.9,11531.1,12288.0,45,19.393
2026-04-25 15:56:41.850,EngineOCRFactory._setup_engine,22.3,8166.6,34.1,524.0,14,756.9,11531.1,12288.0,45,19.556
2026-04-25 15:56:42.369,EngineOCRFactory._setup_engine,9.5,8210.7,34.3,566.2,29,756.9,11531.1,12288.0,45,20.425
2026-04-25 15:56:42.874,EngineOCRFactory._setup_engine,7.8,8265.4,34.6,670.8,44,756.9,11531.1,12288.0,45,20.403
2026-04-25 15:56:43.399,EngineOCRFactory._setup_engine,9.2,8300.5,34.7,697.1,42,759.6,11528.4,12288.0,46,20.559
2026-04-25 15:56:43.901,EngineOCRFactory._run,43.7,8621.9,36.0,905.8,35,759.5,11528.5,12288.0,45,20.974
2026-04-25 15:56:44.403,EngineOCRFactory._run,39.7,8680.0,36.3,974.6,0,763.6,11524.4,12288.0,45,20.182
2026-04-25 15:56:44.906,EngineOCRFactory._run,13.3,8878.2,37.1,1179.2,20,763.6,11524.4,12288.0,45,19.882
2026-04-25 15:56:45.412,EngineOCRFactory._run,33.5,8988.2,37.6,1290.3,7,763.6,11524.4,12288.0,45,19.566
2026-04-25 15:56:45.914,MangaOCRExtractor.extract from ./tmp-new-teste/1024-95-pbt-cpu-only/crops_Arisa_003_L/Arisa_003_L_bubble_001.png,53.2,9007.0,37.7,1299.4,46,781.5,11506.5,12288.0,46,20.288
2026-04-25 15:56:46.415,MangaOCRExtractor.extract from ./tmp-new-teste/1024-95-pbt-cpu-only/crops_Arisa_003_L/Arisa_003_L_bubble_003.png,53.0,9007.0,37.7,1299.5,1,781.5,11506.5,12288.0,45,20.925
2026-04-25 15:56:46.916,MangaOCRExtractor.extract from ./tmp-new-teste/1024-95-pbt-cpu-only/crops_Arisa_003_L/Arisa_003_L_bubble_006.png,54.8,8975.3,37.5,1299.6,7,801.9,11486.1,12288.0,45,20.354
2026-04-25 15:56:47.418,MangaOCRExtractor.extract from ./tmp-new-teste/1024-95-pbt-cpu-only/crops_Arisa_003_L/Arisa_003_L_bubble_007.png,54.6,8976.3,37.5,1299.6,21,801.8,11486.2,12288.0,45,20.372
2026-04-25 15:56:47.919,MangaOCRExtractor.extract from ./tmp-new-teste/1024-95-pbt-cpu-only/crops_Arisa_003_L/Arisa_003_L_bubble_008.png,52.4,8977.2,37.5,1299.6,43,803.6,11484.4,12288.0,46,21.122
2026-04-25 15:56:48.421,MangaOCRExtractor.extract from ./tmp-new-teste/1024-95-pbt-cpu-only/crops_Arisa_003_L/Arisa_003_L_bubble_010.png,51.7,8977.7,37.5,1299.6,7,803.6,11484.4,12288.0,46,21.197
2026-04-25 15:56:48.922,MangaOCRExtractor.extract from ./tmp-new-teste/1024-95-pbt-cpu-only/crops_Arisa_003_R/Arisa_003_R_bubble_012.png,51.9,8949.1,37.4,1300.4,0,800.6,11487.4,12288.0,45,20.926
2026-04-25 15:56:49.422,MangaOCRExtractor.extract from ./tmp-new-teste/1024-95-pbt-cpu-only/crops_Arisa_003_R/Arisa_003_R_bubble_013.png,50.9,8952.3,37.4,1300.4,0,796.6,11491.4,12288.0,45,20.685
2026-04-25 15:56:49.923,MangaOCRExtractor.extract from ./tmp-new-teste/1024-95-pbt-cpu-only/crops_Arisa_003_R/Arisa_003_R_bubble_014.png,50.9,8950.6,37.4,1300.4,0,794.1,11493.9,12288.0,45,20.314
2026-04-25 15:56:50.424,MangaOCRExtractor.extract from ./tmp-new-teste/1024-95-pbt-cpu-only/crops_Arisa_003_R/Arisa_003_R_bubble_015.png,51.6,8950.6,37.4,1300.4,15,778.1,11509.9,12288.0,45,19.769
2026-04-25 15:56:50.949,MangaOCRExtractor.extract from ./tmp-new-teste/1024-95-pbt-cpu-only/crops_Arisa_003_R/Arisa_003_R_bubble_016.png,40.4,8919.5,37.3,1302.0,7,778.0,11510.0,12288.0,45,19.322
2026-04-25 15:56:51.452,Translating ふうっ,28.8,8918.2,37.3,1307.4,6,778.0,11510.0,12288.0,45,19.269
2026-04-25 15:56:51.954,Translating んあ？,46.5,8917.6,37.3,1307.4,7,778.0,11510.0,12288.0,45,19.294
2026-04-25 15:56:52.454,Translating うまくいった．．．,51.9,8918.0,37.3,1307.4,0,761.6,11526.4,12288.0,45,19.284
2026-04-25 15:56:52.955,Translating うまくいった．．．,42.1,8923.9,37.3,1307.4,0,761.2,11526.8,12288.0,45,19.292
2026-04-25 15:56:53.456,Translating 兄さん！！,43.8,8927.6,37.3,1307.4,0,761.2,11526.8,12288.0,45,19.208
2026-04-25 15:56:53.957,Translating 土手んとこで寝直してくるわ,51.3,8926.1,37.3,1307.4,0,761.2,11526.8,12288.0,45,19.217
2026-04-25 15:56:54.458,Translating 土手んとこで寝直してくるわ,43.2,8913.1,37.3,1307.4,11,761.2,11526.8,12288.0,45,19.377
2026-04-25 15:56:54.960,Translating 土手んとこで寝直してくるわ,51.4,8908.4,37.2,1307.4,0,761.2,11526.8,12288.0,45,19.317
2026-04-25 15:56:55.462,Translating 土手んとこで寝直してくるわ,50.7,8908.7,37.2,1307.4,0,761.2,11526.8,12288.0,45,19.287
2026-04-25 15:56:55.963,Translating 琴美おまえは先に自分の教室入ってろ,42.1,8917.5,37.3,1307.5,2,761.2,11526.8,12288.0,45,19.122
2026-04-25 15:56:56.463,Translating 琴美おまえは先に自分の教室入ってろ,53.1,8923.2,37.3,1307.5,0,761.2,11526.8,12288.0,45,19.039
2026-04-25 15:56:56.966,Translating 琴美おまえは先に自分の教室入ってろ,50.7,8922.6,37.3,1307.5,0,761.2,11526.8,12288.0,45,19.098
2026-04-25 15:56:57.468,Translating 兄さんがもう５分早く起きてくれたらこんな．．．,44.9,8916.4,37.3,1307.5,0,761.2,11526.8,12288.0,45,19.039
2026-04-25 15:56:57.969,Translating 兄さんがもう５分早く起きてくれたらこんな．．．,51.7,8887.3,37.2,1307.5,0,761.2,11526.8,12288.0,45,18.993
2026-04-25 15:56:58.471,Translating 兄さんがもう５分早く起きてくれたらこんな．．．,50.7,8887.3,37.2,1307.5,0,761.2,11526.8,12288.0,45,19.108
2026-04-25 15:56:58.972,Translating 兄さんがもう５分早く起きてくれたらこんな．．．,50.5,8892.1,37.2,1307.5,0,761.2,11526.8,12288.0,45,19.11
2026-04-25 15:56:59.474,Translating 兄さんがもう５分早く起きてくれたらこんな．．．,51.4,8892.3,37.2,1307.5,0,761.2,11526.8,12288.0,45,19.075
2026-04-25 15:56:59.976,Translating ってまだ寝足りないの！？,46.1,8893.2,37.2,1307.5,0,761.2,11526.8,12288.0,45,19.133
2026-04-25 15:57:00.477,Translating ってまだ寝足りないの！？,50.7,8897.2,37.2,1307.5,0,761.2,11526.8,12288.0,45,19.197
2026-04-25 15:57:00.979,Translating 卑怯なり報崎量一郎――っ！！,45.0,8891.1,37.2,1307.5,0,761.2,11526.8,12288.0,45,19.103
2026-04-25 15:57:01.480,Translating 卑怯なり報崎量一郎――っ！！,51.8,8896.1,37.2,1307.5,0,761.2,11526.8,12288.0,45,19.168
2026-04-25 15:57:01.982,Translating 卑怯なり報崎量一郎――っ！！,50.1,8897.0,37.2,1307.5,0,761.2,11526.8,12288.0,45,19.232
2026-04-25 15:57:02.484,Translating 卑怯なり報崎量一郎――っ！！,51.6,8893.5,37.2,1307.5,0,761.2,11526.8,12288.0,45,19.108
2026-04-25 15:57:02.986,Translating なにっ！？,52.0,8892.2,37.2,1307.5,0,761.2,11526.8,12288.0,45,19.067
2026-04-25 15:57:03.488,Translating なにっ！？,41.0,8892.0,37.2,1307.5,13,761.2,11526.8,12288.0,45,19.116
2026-04-25 15:57:03.990,Translating 裏から来るとはコソクですわっ！！,46.7,8893.1,37.2,1307.5,0,761.2,11526.8,12288.0,45,19.095
2026-04-25 15:57:04.491,Translating 裏から来るとはコソクですわっ！！,50.5,8893.6,37.2,1307.5,0,761.2,11526.8,12288.0,45,19.221
2026-04-25 15:57:04.992,Translating 裏から来るとはコソクですわっ！！,50.7,8891.6,37.2,1307.5,0,761.2,11526.8,12288.0,45,19.176
2026-04-25 15:57:05.493,Translating この私生徒会長じきじきに取り締まってさしあげますわ！,53.8,8889.9,37.2,1307.5,0,761.2,11526.8,12288.0,45,19.029
2026-04-25 15:57:05.996,Translating この私生徒会長じきじきに取り締まってさしあげますわ！,40.5,8892.7,37.2,1307.5,0,761.2,11526.8,12288.0,45,19.157
2026-04-25 15:57:06.498,Translating この私生徒会長じきじきに取り締まってさしあげますわ！,51.7,8889.8,37.2,1307.5,0,761.2,11526.8,12288.0,45,19.259
2026-04-25 15:57:07.000,Translating この私生徒会長じきじきに取り締まってさしあげますわ！,51.6,8875.8,37.1,1307.5,0,761.2,11526.8,12288.0,45,19.223
2026-04-25 15:57:07.502,Translating 遅いっ！毎度担任の顔に泥を塗ってくれおって．．．！,45.0,8864.4,37.1,1307.5,0,761.2,11526.8,12288.0,45,19.248
2026-04-25 15:57:08.003,Translating 遅いっ！毎度担任の顔に泥を塗ってくれおって．．．！,50.6,8864.7,37.1,1307.5,0,761.2,11526.8,12288.0,45,19.418
2026-04-25 15:57:08.504,Translating 遅いっ！毎度担任の顔に泥を塗ってくれおって．．．！,51.0,8865.0,37.1,1307.5,0,761.2,11526.8,12288.0,45,19.362
2026-04-25 15:57:09.006,Translating 遅いっ！毎度担任の顔に泥を塗ってくれおって．．．！,49.8,8862.6,37.1,1307.5,5,761.2,11526.8,12288.0,45,19.228
2026-04-25 15:57:09.507,Translating 遅いっ！毎度担任の顔に泥を塗ってくれおって．．．！,50.7,8848.1,37.0,1307.5,0,761.2,11526.8,12288.0,45,19.233
2026-04-25 15:57:10.009,Translating 遅いっ！毎度担任の顔に泥を塗ってくれおって．．．！,50.8,8857.9,37.0,1307.5,0,761.2,11526.8,12288.0,45,19.25
2026-04-25 15:57:10.510,Translating 裏門だーー！お崎真一郎が裏門から侵入しましたー！！,51.8,8855.0,37.0,1307.5,7,761.2,11526.8,12288.0,45,19.192
2026-04-25 15:57:11.012,Translating 裏門だーー！お崎真一郎が裏門から侵入しましたー！！,44.3,8847.1,37.0,1307.5,18,761.2,11526.8,12288.0,45,19.337
2026-04-25 15:57:11.513,Translating 裏門だーー！お崎真一郎が裏門から侵入しましたー！！,52.3,8852.8,37.0,1307.5,0,761.2,11526.8,12288.0,45,19.396
2026-04-25 15:57:12.015,Translating 裏門だーー！お崎真一郎が裏門から侵入しましたー！！,51.3,8845.7,37.0,1307.5,15,761.2,11526.8,12288.0,45,19.335
2026-04-25 15:57:12.516,Translating 裏門だーー！お崎真一郎が裏門から侵入しましたー！！,50.9,8846.3,37.0,1307.5,0,761.2,11526.8,12288.0,45,19.202
2026-04-25 15:57:13.017,Translating 森崎眞一郎ーーっ！！,52.8,8851.1,37.0,1307.5,1,761.2,11526.8,12288.0,45,19.254
2026-04-25 15:57:13.518,Translating 森崎眞一郎ーーっ！！,44.0,8853.8,37.0,1307.5,28,761.2,11526.8,12288.0,45,19.351
2026-04-25 15:57:14.019,Translating 森崎眞一郎ーーっ！！,50.5,8863.4,37.1,1307.5,1,761.2,11526.8,12288.0,45,19.38
2026-04-25 15:57:14.526,BubbleTypesetter._apply_cleaning,26.9,8856.9,37.0,1314.4,0,757.2,11530.8,12288.0,45,19.346
2026-04-25 15:57:15.043,BubbleTypesetter._apply_cleaning,9.0,8857.3,37.0,1314.4,1,757.2,11530.8,12288.0,45,19.323
2026-04-25 15:57:15.549,BubbleTypesetter._process_bubble,8.5,8857.3,37.0,1314.4,0,757.2,11530.8,12288.0,45,19.298
2026-04-25 15:57:16.103,BubbleTypesetter._process_bubble,9.0,8857.3,37.0,1314.4,0,757.2,11530.8,12288.0,45,19.152
2026-04-25 15:57:17.019,yolo_start,0.0,7917.1,33.1,40.0,1,772.9,11515.1,12288.0,45,19.418
2026-04-25 15:57:17.530,EngineOCRFactory._setup_engine,23.1,8159.2,34.1,523.0,28,772.9,11515.1,12288.0,45,19.514
2026-04-25 15:57:18.064,EngineOCRFactory._setup_engine,14.1,8201.2,34.3,566.2,46,772.9,11515.1,12288.0,46,20.161
2026-04-25 15:57:18.571,EngineOCRFactory._setup_engine,9.4,8275.3,34.6,679.2,0,772.9,11515.1,12288.0,45,20.279
2026-04-25 15:57:19.074,EngineOCRFactory._run,10.4,8351.9,34.9,752.9,44,775.6,11512.4,12288.0,45,20.555
2026-04-25 15:57:19.574,EngineOCRFactory._run,48.2,8559.1,35.8,911.2,0,775.5,11512.5,12288.0,45,20.878
2026-04-25 15:57:20.075,EngineOCRFactory._run,28.8,8591.3,35.9,952.4,20,781.6,11506.4,12288.0,45,20.552
2026-04-25 15:57:20.577,EngineOCRFactory._run,21.6,8829.3,36.9,1187.7,1,781.6,11506.4,12288.0,45,19.856
2026-04-25 15:57:21.077,EngineOCRFactory._run,33.4,8938.4,37.4,1301.1,33,781.6,11506.4,12288.0,45,20.137
2026-04-25 15:57:21.578,MangaOCRExtractor.extract from ./tmp-new-teste/1024-95-pbt-cpu-only/crops_Arisa_004_L/Arisa_004_L_bubble_001.png,53.3,8945.1,37.4,1307.3,32,781.6,11506.4,12288.0,45,19.967
2026-04-25 15:57:22.079,MangaOCRExtractor.extract from ./tmp-new-teste/1024-95-pbt-cpu-only/crops_Arisa_004_L/Arisa_004_L_bubble_004.png,52.4,8943.0,37.4,1307.4,44,781.6,11506.4,12288.0,45,20.498
2026-04-25 15:57:22.580,MangaOCRExtractor.extract from ./tmp-new-teste/1024-95-pbt-cpu-only/crops_Arisa_004_L/Arisa_004_L_bubble_007.png,52.2,8943.9,37.4,1307.4,14,781.5,11506.5,12288.0,45,20.968
2026-04-25 15:57:23.081,MangaOCRExtractor.extract from ./tmp-new-teste/1024-95-pbt-cpu-only/crops_Arisa_004_L/Arisa_004_L_bubble_009.png,51.5,8931.4,37.3,1307.4,14,781.5,11506.5,12288.0,45,20.272
2026-04-25 15:57:23.582,MangaOCRExtractor.extract from ./tmp-new-teste/1024-95-pbt-cpu-only/crops_Arisa_004_L/Arisa_004_L_bubble_011.png,51.1,8931.9,37.3,1307.4,15,781.5,11506.5,12288.0,45,19.622
2026-04-25 15:57:24.083,MangaOCRExtractor.extract from ./tmp-new-teste/1024-95-pbt-cpu-only/crops_Arisa_004_R/Arisa_004_R_bubble_013.png,51.7,8932.4,37.3,1307.5,1,781.5,11506.5,12288.0,45,19.457
2026-04-25 15:57:24.584,MangaOCRExtractor.extract from ./tmp-new-teste/1024-95-pbt-cpu-only/crops_Arisa_004_R/Arisa_004_R_bubble_014.png,50.9,8932.6,37.3,1308.2,15,781.5,11506.5,12288.0,45,19.452
2026-04-25 15:57:25.085,MangaOCRExtractor.extract from ./tmp-new-teste/1024-95-pbt-cpu-only/crops_Arisa_004_R/Arisa_004_R_bubble_016.png,51.2,8933.3,37.3,1308.2,0,777.5,11510.5,12288.0,45,19.28
2026-04-25 15:57:25.586,MangaOCRExtractor.extract from ./tmp-new-teste/1024-95-pbt-cpu-only/crops_Arisa_004_R/Arisa_004_R_bubble_017.png,51.4,8933.3,37.3,1308.3,0,777.5,11510.5,12288.0,45,19.308
2026-04-25 15:57:26.087,MangaOCRExtractor.extract from ./tmp-new-teste/1024-95-pbt-cpu-only/crops_Arisa_004_R/Arisa_004_R_bubble_018.png,50.7,8925.9,37.3,1308.3,0,761.2,11526.8,12288.0,45,19.311
2026-04-25 15:57:26.588,MangaOCRExtractor.extract from ./tmp-new-teste/1024-95-pbt-cpu-only/crops_Arisa_004_R/Arisa_004_R_bubble_019.png,51.7,8926.3,37.3,1308.3,2,761.2,11526.8,12288.0,45,19.254
2026-04-25 15:57:27.089,Translating はあ,27.3,8559.1,35.8,968.3,0,761.2,11526.8,12288.0,45,19.257
2026-04-25 15:57:27.590,Translating はあ,39.7,8571.5,35.8,968.3,0,761.2,11526.8,12288.0,45,19.413
2026-04-25 15:57:28.092,Translating はあ,43.3,8569.2,35.8,968.3,0,761.2,11526.8,12288.0,45,19.424
2026-04-25 15:57:28.594,Translating ん？,42.9,8583.4,35.9,968.3,0,761.2,11526.8,12288.0,45,19.359
2026-04-25 15:57:29.095,Translating きゃ,52.7,8536.9,35.7,968.3,0,761.2,11526.8,12288.0,45,19.361
2026-04-25 15:57:29.595,Translating ぐえ,44.8,8540.0,35.7,968.3,16,761.2,11526.8,12288.0,45,19.244
2026-04-25 15:57:30.098,Translating ぐえ,43.0,8545.7,35.7,968.3,4,761.2,11526.8,12288.0,45,19.126
2026-04-25 15:57:30.599,Translating 先生に怒られ,44.3,8541.0,35.7,968.3,0,761.2,11526.8,12288.0,45,19.221
2026-04-25 15:57:31.102,Translating 先生に怒られ,50.7,8536.3,35.7,968.3,0,761.2,11526.8,12288.0,45,19.18
2026-04-25 15:57:31.603,Translating おめえ！いった．．．,45.8,8548.8,35.7,968.3,0,761.2,11526.8,12288.0,45,19.095
2026-04-25 15:57:32.106,Translating おめえ！いった．．．,50.4,8549.9,35.7,968.3,0,761.2,11526.8,12288.0,45,19.126
2026-04-25 15:57:32.607,Translating うおっ,46.2,8541.7,35.7,968.3,0,753.2,11534.8,12288.0,45,19.187
2026-04-25 15:57:33.108,Translating きゃあああ,53.7,8549.1,35.7,968.3,0,753.2,11534.8,12288.0,45,19.264
2026-04-25 15:57:33.610,Translating きゃあああ,40.8,8552.8,35.8,968.3,0,753.2,11534.8,12288.0,45,19.222
2026-04-25 15:57:34.112,Translating どうしよう．．．初日からぐすっ遅刻なんて．．．,43.0,8548.8,35.7,968.3,0,753.2,11534.8,12288.0,45,19.326
2026-04-25 15:57:34.613,Translating どうしよう．．．初日からぐすっ遅刻なんて．．．,51.3,8553.1,35.8,968.3,0,753.2,11534.8,12288.0,45,19.309
2026-04-25 15:57:35.114,Translating どうしよう．．．初日からぐすっ遅刻なんて．．．,50.6,8553.8,35.8,968.3,0,753.2,11534.8,12288.0,45,19.085
2026-04-25 15:57:35.615,Translating どうしよう．．．初日からぐすっ遅刻なんて．．．,50.3,8546.7,35.7,968.3,0,753.2,11534.8,12288.0,45,18.975
2026-04-25 15:57:36.117,Translating あいつ．．．,47.7,8532.2,35.7,968.3,22,753.2,11534.8,12288.0,45,19.093
2026-04-25 15:57:36.617,Translating あいつ．．．,47.3,8536.7,35.7,968.3,0,753.2,11534.8,12288.0,45,19.083
2026-04-25 15:57:37.119,Translating あれっきり消息不明．．．,44.4,8542.4,35.7,968.3,0,753.2,11534.8,12288.0,45,19.161
2026-04-25 15:57:37.621,Translating あれっきり消息不明．．．,52.2,8544.6,35.7,968.3,14,753.2,11534.8,12288.0,45,19.171
2026-04-25 15:57:38.123,Translating 今頃どこでどーしてるんだろな．．．,43.1,8535.9,35.7,968.4,0,753.2,11534.8,12288.0,45,19.209
2026-04-25 15:57:38.624,Translating 今頃どこでどーしてるんだろな．．．,50.5,8540.9,35.7,968.4,0,753.2,11534.8,12288.0,45,19.213
2026-04-25 15:57:39.126,Translating 今頃どこでどーしてるんだろな．．．,51.3,8538.4,35.7,968.4,0,753.2,11534.8,12288.0,45,19.04
2026-04-25 15:57:39.628,Translating 泣き虫はもう直ったか？,42.4,8530.5,35.7,968.4,0,753.2,11534.8,12288.0,45,19.073
2026-04-25 15:57:40.129,Translating 泣き虫はもう直ったか？,49.3,8522.5,35.6,968.4,0,753.2,11534.8,12288.0,45,19.072
2026-04-25 15:57:40.631,Translating 相変わらずあのへんてこなカチューシャしてんのかな．．．,52.6,8530.2,35.7,968.4,0,753.2,11534.8,12288.0,45,19.006
2026-04-25 15:57:41.132,Translating 相変わらずあのへんてこなカチューシャしてんのかな．．．,42.1,8520.6,35.6,968.4,0,753.2,11534.8,12288.0,45,19.021
2026-04-25 15:57:41.633,Translating 相変わらずあのへんてこなカチューシャしてんのかな．．．,52.2,8525.6,35.6,968.4,0,753.2,11534.8,12288.0,45,18.97
2026-04-25 15:57:42.134,Translating 教えてもらった引っ越し先にはあいつの家はなくて,53.8,8529.1,35.7,968.4,7,753.2,11534.8,12288.0,45,19.036
2026-04-25 15:57:42.637,Translating 教えてもらった引っ越し先にはあいつの家はなくて,43.1,8536.7,35.7,968.4,0,753.2,11534.8,12288.0,45,19.261
2026-04-25 15:57:43.138,Translating 教えてもらった引っ越し先にはあいつの家はなくて,50.4,8537.9,35.7,968.4,0,753.2,11534.8,12288.0,45,19.401
2026-04-25 15:57:43.640,Translating 教えてもらった引っ越し先にはあいつの家はなくて,50.8,8542.5,35.7,968.4,0,753.2,11534.8,12288.0,45,19.319
2026-04-25 15:57:44.142,Translating なあ．．．どこかで元気に暮らしてんだろ．．．？,43.8,8529.3,35.7,968.4,0,753.2,11534.8,12288.0,45,19.378
2026-04-25 15:57:44.643,Translating なあ．．．どこかで元気に暮らしてんだろ．．．？,53.2,8533.5,35.7,968.4,0,753.2,11534.8,12288.0,45,19.3
2026-04-25 15:57:45.144,Translating なあ．．．どこかで元気に暮らしてんだろ．．．？,58.9,8535.2,35.7,968.4,45,753.2,11534.8,12288.0,46,19.909
2026-04-25 15:57:45.646,Translating なあ．．．どこかで元気に暮らしてんだろ．．．？,57.0,8540.9,35.7,968.4,44,753.2,11534.8,12288.0,46,20.947
2026-04-25 15:57:46.148,Translating なあ．．．どこかで元気に暮らしてんだろ．．．？,53.1,8541.9,35.7,968.4,0,753.2,11534.8,12288.0,45,20.979
2026-04-25 15:57:46.650,Translating なあ．．．どこかで元気に暮らしてんだろ．．．？泣き虫はもう直ったか？,44.3,8543.6,35.7,968.4,0,753.2,11534.8,12288.0,45,20.122
2026-04-25 15:57:47.151,Translating なあ．．．どこかで元気に暮らしてんだろ．．．？泣き虫はもう直ったか？,57.1,8548.9,35.7,968.4,19,767.8,11520.2,12288.0,46,20.28
2026-04-25 15:57:47.651,Translating なあ．．．どこかで元気に暮らしてんだろ．．．？泣き虫はもう直ったか？,67.1,8557.6,35.8,968.4,18,774.4,11513.6,12288.0,46,21.55
2026-04-25 15:57:48.153,Translating なあ．．．どこかで元気に暮らしてんだろ．．．？泣き虫はもう直ったか？,60.4,8557.1,35.8,968.4,11,776.2,11511.8,12288.0,46,22.072
2026-04-25 15:57:48.655,Translating なあ．．．どこかで元気に暮らしてんだろ．．．？泣き虫はもう直ったか？,59.2,8557.1,35.8,968.4,20,780.4,11507.6,12288.0,46,22.046
2026-04-25 15:57:49.156,BubbleTypesetter._apply_cleaning,67.3,8560.5,35.8,968.4,50,792.8,11495.2,12288.0,46,22.008
2026-04-25 15:57:49.657,BubbleTypesetter._apply_cleaning,21.1,8568.0,35.8,975.3,19,795.4,11492.6,12288.0,46,22.105
2026-04-25 15:57:50.158,BubbleTypesetter._apply_cleaning,11.3,8568.3,35.8,975.3,2,805.8,11482.2,12288.0,45,22.089
2026-04-25 15:57:50.658,BubbleTypesetter._apply_cleaning,10.1,8569.2,35.8,975.3,2,805.8,11482.2,12288.0,46,21.534
2026-04-25 15:57:51.159,BubbleTypesetter._apply_cleaning,9.5,8569.4,35.8,975.3,9,803.0,11485.0,12288.0,45,20.864
2026-04-25 15:57:52.089,yolo_start,0.0,7962.9,33.3,40.0,9,797.6,11490.4,12288.0,45,19.557
2026-04-25 15:57:52.601,EngineOCRFactory._setup_engine,35.6,8217.0,34.4,517.6,10,800.3,11487.7,12288.0,46,19.557
2026-04-25 15:57:53.109,EngineOCRFactory._setup_engine,13.0,8263.5,34.5,565.5,42,796.8,11491.2,12288.0,45,20.819
2026-04-25 15:57:53.634,EngineOCRFactory._setup_engine,11.0,8326.8,34.8,674.6,41,797.4,11490.6,12288.0,46,21.276
2026-04-25 15:57:54.145,EngineOCRFactory._setup_engine,11.1,8352.2,34.9,697.1,24,798.1,11489.9,12288.0,45,21.275
2026-04-25 15:57:54.647,EngineOCRFactory._run,45.6,8605.3,36.0,953.1,2,792.9,11495.1,12288.0,46,21.171
2026-04-25 15:57:55.149,EngineOCRFactory._run,30.4,8600.5,36.0,948.3,5,772.8,11515.2,12288.0,46,21.239
2026-04-25 15:57:55.651,EngineOCRFactory._run,23.1,8815.6,36.9,1167.8,18,772.8,11515.2,12288.0,46,21.497
2026-04-25 15:57:56.151,EngineOCRFactory._run,35.7,8928.4,37.3,1281.2,34,772.8,11515.2,12288.0,46,21.96
2026-04-25 15:57:56.652,MangaOCRExtractor.extract from ./tmp-new-teste/1024-95-pbt-cpu-only/crops_ARMS_022_L/ARMS_022_L_bubble_001.png,56.6,8936.0,37.4,1288.4,41,774.9,11513.1,12288.0,46,21.909
2026-04-25 15:57:57.153,MangaOCRExtractor.extract from ./tmp-new-teste/1024-95-pbt-cpu-only/crops_ARMS_022_L/ARMS_022_L_bubble_002.png,55.7,8938.8,37.4,1288.5,0,775.1,11512.9,12288.0,46,21.353
2026-04-25 15:57:57.654,MangaOCRExtractor.extract from ./tmp-new-teste/1024-95-pbt-cpu-only/crops_ARMS_022_L/ARMS_022_L_bubble_003.png,56.0,8940.9,37.4,1290.1,16,773.1,11514.9,12288.0,46,21.247
2026-04-25 15:57:58.155,MangaOCRExtractor.extract from ./tmp-new-teste/1024-95-pbt-cpu-only/crops_ARMS_022_L/ARMS_022_L_bubble_004.png,51.8,8944.9,37.4,1290.1,3,770.2,11517.8,12288.0,46,20.914
2026-04-25 15:57:58.657,MangaOCRExtractor.extract from ./tmp-new-teste/1024-95-pbt-cpu-only/crops_ARMS_022_R/ARMS_022_R_bubble_005.png,39.1,8897.2,37.2,1240.0,6,770.2,11517.8,12288.0,46,21.021
2026-04-25 15:57:59.160,Translating あの中心は．．．,30.2,8885.6,37.1,1244.6,1,770.2,11517.8,12288.0,45,20.256
2026-04-25 15:57:59.661,Translating 超時空の閉じられた独立空間を作り出してる．．．,45.5,8879.6,37.1,1245.4,14,770.2,11517.8,12288.0,45,19.579
2026-04-25 15:58:00.162,Translating 超時空の閉じられた独立空間を作り出してる．．．,48.3,8884.2,37.1,1245.4,0,770.2,11517.8,12288.0,45,19.219
2026-04-25 15:58:00.663,Translating 超時空の閉じられた独立空間を作り出してる．．．,51.6,8883.8,37.1,1245.4,7,768.8,11519.2,12288.0,45,19.21
2026-04-25 15:58:01.165,Translating 超時空の閉じられた独立空間を作り出してる．．．,51.1,8879.0,37.1,1245.4,0,766.8,11521.2,12288.0,45,19.147
2026-04-25 15:58:01.666,Translating プレ．．．．．ジオメトリックホール．．．？外の世界！？,54.9,8883.1,37.1,1245.4,0,765.5,11522.5,12288.0,45,19.123
2026-04-25 15:58:02.168,Translating プレ．．．．．ジオメトリックホール．．．？外の世界！？,40.9,8844.7,37.0,1245.4,15,764.9,11523.1,12288.0,45,19.25
2026-04-25 15:58:02.669,Translating プレ．．．．．ジオメトリックホール．．．？外の世界！？,51.0,8844.3,37.0,1245.4,0,764.9,11523.1,12288.0,45,19.272
2026-04-25 15:58:03.171,Translating 公転する三位相Ｔ・Ｓ型マイクロブラックホール．．．！これが炉心？,51.9,8853.2,37.0,1245.4,4,753.4,11534.6,12288.0,45,19.196
2026-04-25 15:58:03.672,Translating 公転する三位相Ｔ・Ｓ型マイクロブラックホール．．．！これが炉心？,43.6,8858.1,37.0,1245.4,14,753.4,11534.6,12288.0,45,19.264
2026-04-25 15:58:04.174,Translating 公転する三位相Ｔ・Ｓ型マイクロブラックホール．．．！これが炉心？,52.3,8856.7,37.0,1245.4,0,753.4,11534.6,12288.0,45,19.343
2026-04-25 15:58:04.676,Translating 公転する三位相Ｔ・Ｓ型マイクロブラックホール．．．！これが炉心？,50.7,8860.9,37.0,1245.4,0,753.4,11534.6,12288.0,45,19.24
2026-04-25 15:58:05.178,Translating 公転する三位相Ｔ・Ｓ型マイクロブラックホール．．．！これが炉心？,53.1,8851.5,37.0,1245.4,0,753.4,11534.6,12288.0,45,19.117
2026-04-25 15:58:05.680,Translating あれは．．．,72.9,8869.7,37.1,1245.4,44,780.6,11507.4,12288.0,45,19.642
2026-04-25 15:58:06.182,Translating あれは．．．,47.4,8874.4,37.1,1245.4,43,784.0,11504.0,12288.0,46,20.598
2026-04-25 15:58:06.689,BubbleTypesetter._wrap_text_pixel_width,48.1,8862.0,37.1,1252.4,42,786.7,11501.3,12288.0,46,21.067
2026-04-25 15:58:07.997,yolo_start,0.0,7977.2,33.4,40.0,35,782.7,11505.3,12288.0,46,20.4
2026-04-25 15:58:08.515,EngineOCRFactory._setup_engine,24.8,8236.4,34.4,522.8,27,783.8,11504.2,12288.0,46,20.324
2026-04-25 15:58:09.051,EngineOCRFactory._setup_engine,10.0,8272.7,34.6,566.2,0,783.9,11504.1,12288.0,45,20.028
2026-04-25 15:58:09.559,EngineOCRFactory._setup_engine,9.3,8333.8,34.8,678.9,0,783.9,11504.1,12288.0,45,19.464
2026-04-25 15:58:10.060,EngineOCRFactory._run,11.5,8423.2,35.2,776.8,0,785.6,11502.4,12288.0,45,19.26
2026-04-25 15:58:10.560,EngineOCRFactory._run,49.8,8615.9,36.0,912.0,2,774.9,11513.1,12288.0,45,19.452
2026-04-25 15:58:11.063,EngineOCRFactory._run,32.9,8623.3,36.1,953.4,16,770.4,11517.6,12288.0,45,19.595
2026-04-25 15:58:11.564,EngineOCRFactory._run,22.1,8876.5,37.1,1195.7,2,769.6,11518.4,12288.0,45,19.694
2026-04-25 15:58:12.065,EngineOCRFactory._run,32.8,8988.2,37.6,1309.2,0,767.4,11520.6,12288.0,45,19.536
2026-04-25 15:58:12.566,MangaOCRExtractor.extract from ./tmp-new-teste/1024-95-pbt-cpu-only/crops_ARMS_023_L/ARMS_023_L_bubble_001.png,51.2,9003.9,37.6,1315.4,16,767.4,11520.6,12288.0,45,19.376
2026-04-25 15:58:13.067,MangaOCRExtractor.extract from ./tmp-new-teste/1024-95-pbt-cpu-only/crops_ARMS_023_L/ARMS_023_L_bubble_004.png,52.5,9003.9,37.6,1315.5,0,762.0,11526.0,12288.0,45,19.187
2026-04-25 15:58:13.568,MangaOCRExtractor.extract from ./tmp-new-teste/1024-95-pbt-cpu-only/crops_ARMS_023_L/ARMS_023_L_bubble_006.png,51.1,9004.1,37.6,1315.5,14,754.0,11534.0,12288.0,45,19.347
2026-04-25 15:58:14.069,MangaOCRExtractor.extract from ./tmp-new-teste/1024-95-pbt-cpu-only/crops_ARMS_023_R/ARMS_023_R_bubble_009.png,51.8,9004.1,37.6,1315.5,16,754.0,11534.0,12288.0,45,19.321
2026-04-25 15:58:14.569,MangaOCRExtractor.extract from ./tmp-new-teste/1024-95-pbt-cpu-only/crops_ARMS_023_R/ARMS_023_R_bubble_011.png,51.7,9004.1,37.6,1315.6,10,754.0,11534.0,12288.0,45,19.285
2026-04-25 15:58:15.070,MangaOCRExtractor.extract from ./tmp-new-teste/1024-95-pbt-cpu-only/crops_ARMS_023_R/ARMS_023_R_bubble_014.png,52.5,9002.6,37.6,1315.6,0,754.1,11533.9,12288.0,45,19.408
2026-04-25 15:58:15.571,MangaOCRExtractor.extract from ./tmp-new-teste/1024-95-pbt-cpu-only/crops_ARMS_023_R/ARMS_023_R_bubble_016.png,52.0,9003.0,37.6,1316.3,31,754.0,11534.0,12288.0,46,19.513
2026-04-25 15:58:16.072,MangaOCRExtractor.extract from ./tmp-new-teste/1024-95-pbt-cpu-only/crops_ARMS_023_R/ARMS_023_R_bubble_019.png,52.9,8995.0,37.6,1316.3,0,754.2,11533.8,12288.0,45,19.604
2026-04-25 15:58:16.573,MangaOCRExtractor.extract from ./tmp-new-teste/1024-95-pbt-cpu-only/crops_ARMS_023_R/ARMS_023_R_bubble_021.png,51.9,8997.3,37.6,1316.3,3,754.2,11533.8,12288.0,45,19.832
2026-04-25 15:58:17.074,MangaOCRExtractor.extract from ./tmp-new-teste/1024-95-pbt-cpu-only/crops_ARMS_023_R/ARMS_023_R_bubble_023.png,51.4,8994.1,37.6,1316.4,15,754.1,11533.9,12288.0,45,19.69
2026-04-25 15:58:17.575,MangaOCRExtractor.extract from ./tmp-new-teste/1024-95-pbt-cpu-only/crops_ARMS_023_R/ARMS_023_R_bubble_024.png,51.5,8994.1,37.6,1316.4,16,754.1,11533.9,12288.0,45,19.498
2026-04-25 15:58:18.129,MangaOCRExtractor.extract from ./tmp-new-teste/1024-95-pbt-cpu-only/crops_ARMS_023_R/ARMS_023_R_bubble_025.png,40.4,8653.2,36.2,975.5,25,754.0,11534.0,12288.0,45,19.406
2026-04-25 15:58:18.640,Translating おいっ,37.2,8652.5,36.2,980.9,20,769.1,11518.9,12288.0,45,19.386
2026-04-25 15:58:19.141,Translating ェリーエリー,51.8,8659.6,36.2,980.9,40,773.1,11514.9,12288.0,45,20.276
2026-04-25 15:58:19.642,Translating ェリーエリー,54.7,8655.9,36.2,980.9,26,773.1,11514.9,12288.0,45,20.907
2026-04-25 15:58:20.144,Translating エリノアーディロン中尉！！,47.0,8645.8,36.1,980.9,1,772.0,11516.0,12288.0,45,20.292
2026-04-25 15:58:20.645,Translating エリノアーディロン中尉！！,53.7,8646.0,36.1,980.9,33,772.1,11515.9,12288.0,45,19.776
2026-04-25 15:58:21.146,Translating きゃあっ,51.8,8633.4,36.1,980.9,43,789.3,11498.7,12288.0,46,20.093
2026-04-25 15:58:21.648,Translating きゃあっ,54.9,8634.2,36.1,980.9,42,789.3,11498.7,12288.0,46,20.936
2026-04-25 15:58:22.150,Translating ドク、,44.7,8626.8,36.1,981.0,1,796.9,11491.1,12288.0,45,20.869
2026-04-25 15:58:22.652,Translating ドクン,45.5,8630.9,36.1,981.0,0,797.8,11490.2,12288.0,45,20.289
2026-04-25 15:58:23.154,Translating ドクン,50.9,8606.8,36.0,981.0,14,796.0,11492.0,12288.0,45,20.127
2026-04-25 15:58:23.656,Translating ドクン,48.2,8618.8,36.0,981.0,17,794.0,11494.0,12288.0,45,19.987
2026-04-25 15:58:24.156,Translating ドクン,47.8,8617.8,36.0,981.0,19,787.7,11500.3,12288.0,45,19.594
2026-04-25 15:58:24.657,Translating ドクン,48.8,8620.9,36.0,981.0,2,787.7,11500.3,12288.0,45,19.208
2026-04-25 15:58:25.158,Translating うっ！？,45.8,8620.6,36.0,981.0,1,786.9,11501.1,12288.0,45,19.239
2026-04-25 15:58:25.660,Translating うっ！？,42.4,8628.8,36.1,981.0,0,786.9,11501.1,12288.0,45,19.25
2026-04-25 15:58:26.162,Translating ドクン,46.4,8628.8,36.1,981.0,1,786.6,11501.4,12288.0,45,19.282
2026-04-25 15:58:26.664,Translating いや．．．,46.6,8620.5,36.0,981.0,3,786.6,11501.4,12288.0,45,19.319
2026-04-25 15:58:27.165,Translating やめてっ,49.6,8621.3,36.0,981.0,10,786.6,11501.4,12288.0,45,19.207
2026-04-25 15:58:27.666,Translating やめてっ,44.4,8622.1,36.0,981.0,0,786.2,11501.8,12288.0,45,19.103
2026-04-25 15:58:28.167,Translating やめて,48.4,8609.3,36.0,981.0,15,761.9,11526.1,12288.0,45,19.227
2026-04-25 15:58:28.669,Translating 侵入．．．．．．,46.8,8608.3,36.0,981.0,0,761.9,11526.1,12288.0,45,19.251
2026-04-25 15:58:29.170,Translating 来ないで．．．,51.9,8608.6,36.0,981.0,2,761.9,11526.1,12288.0,45,19.075
2026-04-25 15:58:29.670,Translating 来ないで．．．,42.0,8610.5,36.0,981.0,14,761.9,11526.1,12288.0,45,19.018
2026-04-25 15:58:30.172,Translating 来ないで．．．,51.3,8610.8,36.0,981.0,0,761.9,11526.1,12288.0,45,19.13
2026-04-25 15:58:30.674,Translating さっきの．．．,43.0,8608.4,36.0,981.0,0,761.9,11526.1,12288.0,45,19.216
2026-04-25 15:58:31.175,Translating この嫌な感じ．．．,49.7,8595.5,35.9,981.0,24,761.9,11526.1,12288.0,45,19.248
2026-04-25 15:58:31.675,Translating この嫌な感じ．．．,49.0,8597.9,35.9,981.0,0,761.9,11526.1,12288.0,45,19.162
2026-04-25 15:58:32.176,Translating ドクンドクシ,43.5,8587.0,35.9,981.0,0,761.9,11526.1,12288.0,45,19.182
2026-04-25 15:58:32.677,Translating ドクンドクシ,51.6,8591.5,35.9,981.0,0,761.9,11526.1,12288.0,45,19.033
2026-04-25 15:58:33.178,Translating ビッグパン以前．．．？外からの．．．．．,42.3,8602.0,36.0,981.0,0,761.9,11526.1,12288.0,45,19.071
2026-04-25 15:58:33.679,Translating ビッグパン以前．．．？外からの．．．．．,50.7,8602.6,36.0,981.0,0,761.9,11526.1,12288.0,45,18.999
2026-04-25 15:58:34.181,Translating ビッグパン以前．．．？外からの．．．．．,52.1,8606.4,36.0,981.0,0,761.9,11526.1,12288.0,45,18.878
2026-04-25 15:58:34.683,Translating あの穴から何かが．．．．．．千歩．．,45.3,8607.9,36.0,981.0,0,761.9,11526.1,12288.0,45,19.048
2026-04-25 15:58:35.184,Translating あの穴から何かが．．．．．．千歩．．,50.9,8600.7,36.0,981.0,0,761.9,11526.1,12288.0,45,19.194
2026-04-25 15:58:35.686,Translating あの穴から何かが．．．．．．千歩．．,52.2,8601.6,36.0,981.0,0,761.9,11526.1,12288.0,45,19.23
2026-04-25 15:58:36.188,Translating やめてっじゃめて,43.3,8610.2,36.0,981.1,0,761.9,11526.1,12288.0,45,19.288
2026-04-25 15:58:36.689,BubbleTypesetter._apply_cleaning,54.0,8613.4,36.0,981.1,0,761.9,11526.1,12288.0,45,19.135
2026-04-25 15:58:37.191,BubbleTypesetter._apply_cleaning,13.1,8613.5,36.0,988.0,0,761.9,11526.1,12288.0,45,19.083
2026-04-25 15:58:37.696,BubbleTypesetter._apply_cleaning,8.9,8613.5,36.0,988.0,0,761.9,11526.1,12288.0,45,19.222
2026-04-25 15:58:38.197,BubbleTypesetter._apply_cleaning,8.8,8613.3,36.0,988.0,0,761.9,11526.1,12288.0,45,19.177
2026-04-25 15:58:38.702,BubbleTypesetter._wrap_text_pixel_width,9.0,8613.3,36.0,988.0,0,761.9,11526.1,12288.0,45,19.091
2026-04-25 15:58:39.842,yolo_start,0.0,7992.0,33.4,40.0,25,763.5,11524.5,12288.0,45,19.514
2026-04-25 15:58:40.351,EngineOCRFactory._setup_engine,30.4,8237.2,34.4,518.1,46,773.1,11514.9,12288.0,45,19.781
2026-04-25 15:58:40.857,EngineOCRFactory._setup_engine,9.9,8287.0,34.6,565.5,40,773.1,11514.9,12288.0,45,20.561
2026-04-25 15:58:41.360,EngineOCRFactory._setup_engine,9.6,8352.4,34.9,674.2,37,773.1,11514.9,12288.0,46,20.411
2026-04-25 15:58:41.873,EngineOCRFactory._setup_engine,10.1,8373.7,35.0,697.1,42,775.9,11512.1,12288.0,46,20.229
2026-04-25 15:58:42.376,EngineOCRFactory._run,43.9,8666.4,36.2,958.0,19,774.6,11513.4,12288.0,45,20.868
2026-04-25 15:58:42.879,EngineOCRFactory._run,38.1,8661.3,36.2,955.6,0,774.7,11513.3,12288.0,46,20.953
2026-04-25 15:58:43.381,EngineOCRFactory._run,13.5,8883.9,37.1,1183.3,8,774.1,11513.9,12288.0,46,21.258
2026-04-25 15:58:43.888,EngineOCRFactory._run,32.9,9002.6,37.6,1295.9,2,774.1,11513.9,12288.0,45,21.191
2026-04-25 15:58:44.390,MangaOCRExtractor.extract from ./tmp-new-teste/1024-95-pbt-cpu-only/crops_ARMS_024_L/ARMS_024_L_bubble_001.png,51.9,9008.8,37.7,1304.4,42,774.1,11513.9,12288.0,46,21.437
2026-04-25 15:58:44.891,MangaOCRExtractor.extract from ./tmp-new-teste/1024-95-pbt-cpu-only/crops_ARMS_024_L/ARMS_024_L_bubble_003.png,51.7,9009.2,37.7,1304.5,7,774.1,11513.9,12288.0,46,21.519
2026-04-25 15:58:45.392,MangaOCRExtractor.extract from ./tmp-new-teste/1024-95-pbt-cpu-only/crops_ARMS_024_L/ARMS_024_L_bubble_004.png,51.2,9009.4,37.7,1304.6,0,766.1,11521.9,12288.0,45,21.007
2026-04-25 15:58:45.892,MangaOCRExtractor.extract from ./tmp-new-teste/1024-95-pbt-cpu-only/crops_ARMS_024_L/ARMS_024_L_bubble_005.png,51.1,9009.7,37.7,1304.6,5,766.1,11521.9,12288.0,46,20.713
2026-04-25 15:58:46.393,MangaOCRExtractor.extract from ./tmp-new-teste/1024-95-pbt-cpu-only/crops_ARMS_024_L/ARMS_024_L_bubble_006.png,52.4,9011.2,37.7,1306.6,0,766.1,11521.9,12288.0,45,20.6
2026-04-25 15:58:46.894,MangaOCRExtractor.extract from ./tmp-new-teste/1024-95-pbt-cpu-only/crops_ARMS_024_L/ARMS_024_L_bubble_007.png,51.0,9012.1,37.7,1306.6,0,766.1,11521.9,12288.0,45,20.132
2026-04-25 15:58:47.395,MangaOCRExtractor.extract from ./tmp-new-teste/1024-95-pbt-cpu-only/crops_ARMS_024_L/ARMS_024_L_bubble_007.png,50.7,9012.1,37.7,1309.6,0,766.1,11521.9,12288.0,45,19.47
2026-04-25 15:58:47.896,MangaOCRExtractor.extract from ./tmp-new-teste/1024-95-pbt-cpu-only/crops_ARMS_024_L/ARMS_024_L_bubble_008.png,51.6,9014.8,37.7,1313.6,0,766.1,11521.9,12288.0,45,19.11
2026-04-25 15:58:48.397,MangaOCRExtractor.extract from ./tmp-new-teste/1024-95-pbt-cpu-only/crops_ARMS_024_L/ARMS_024_L_bubble_008.png,50.9,9014.8,37.7,1313.6,0,761.9,11526.1,12288.0,45,19.201
2026-04-25 15:58:48.897,MangaOCRExtractor.extract from ./tmp-new-teste/1024-95-pbt-cpu-only/crops_ARMS_024_R/ARMS_024_R_bubble_009.png,51.0,9017.6,37.7,1316.9,0,761.9,11526.1,12288.0,45,19.245
2026-04-25 15:58:49.398,MangaOCRExtractor.extract from ./tmp-new-teste/1024-95-pbt-cpu-only/crops_ARMS_024_R/ARMS_024_R_bubble_011.png,51.8,9018.0,37.7,1316.9,13,761.9,11526.1,12288.0,45,19.215
2026-04-25 15:58:49.899,MangaOCRExtractor.extract from ./tmp-new-teste/1024-95-pbt-cpu-only/crops_ARMS_024_R/ARMS_024_R_bubble_013.png,51.2,9013.1,37.7,1316.9,13,761.9,11526.1,12288.0,45,19.295
2026-04-25 15:58:50.402,MangaOCRExtractor.extract from ./tmp-new-teste/1024-95-pbt-cpu-only/crops_ARMS_024_R/ARMS_024_R_bubble_013.png,39.7,9012.8,37.7,1318.5,0,761.9,11526.1,12288.0,45,19.238
2026-04-25 15:58:50.905,Translating うっ,28.4,8983.7,37.6,1323.8,0,761.9,11526.1,12288.0,45,19.129
2026-04-25 15:58:51.407,Translating こんなもの野放しにしておけるか！,45.8,8974.5,37.5,1323.8,0,761.9,11526.1,12288.0,45,19.096
2026-04-25 15:58:51.908,Translating こんなもの野放しにしておけるか！,50.9,8978.9,37.5,1323.8,0,761.9,11526.1,12288.0,45,19.155
2026-04-25 15:58:52.409,Translating こんなもの野放しにしておけるか！,51.5,8979.4,37.5,1323.8,0,761.9,11526.1,12288.0,45,19.165
2026-04-25 15:58:52.911,Translating 一刻も早くこいつの命を断って．．．,45.3,8972.7,37.5,1323.8,16,761.9,11526.1,12288.0,45,19.219
2026-04-25 15:58:53.411,Translating 一刻も早くこいつの命を断って．．．,51.2,8973.2,37.5,1323.8,0,761.9,11526.1,12288.0,45,19.254
2026-04-25 15:58:53.914,Translating 一刻も早くこいつの命を断って．．．,50.8,8968.8,37.5,1323.8,0,761.9,11526.1,12288.0,45,19.244
2026-04-25 15:58:54.416,Translating 一刻も早くこいつの命を断って．．．,51.9,8978.0,37.5,1323.8,15,761.9,11526.1,12288.0,45,19.178
2026-04-25 15:58:54.917,Translating そうだまったく異質なもの！,44.2,8956.6,37.4,1323.8,0,761.9,11526.1,12288.0,45,19.136
2026-04-25 15:58:55.418,Translating そうだまったく異質なもの！,51.2,8960.6,37.5,1323.8,0,761.9,11526.1,12288.0,45,19.135
2026-04-25 15:58:55.920,Translating ヘテロディックスーパーストリングチェーンをコントロールしてるのはどれなんだいったい？,53.0,8958.7,37.5,1323.8,15,761.9,11526.1,12288.0,45,19.11
2026-04-25 15:58:56.425,Translating ヘテロディックスーパーストリングチェーンをコントロールしてるのはどれなんだいったい？,42.5,8965.4,37.5,1323.8,0,761.9,11526.1,12288.0,45,19.072
2026-04-25 15:58:56.926,Translating ヘテロディックスーパーストリングチェーンをコントロールしてるのはどれなんだいったい？,50.8,8944.5,37.4,1323.8,0,761.9,11526.1,12288.0,45,19.089
2026-04-25 15:58:57.428,Translating ヘテロディックスーパーストリングチェーンをコントロールしてるのはどれなんだいったい？,51.6,8948.5,37.4,1323.8,0,761.9,11526.1,12288.0,45,18.992
2026-04-25 15:58:57.930,Translating それは――人類が知ってるどんな物ともちがう．．．異界の．．,43.1,8958.5,37.5,1323.9,0,761.9,11526.1,12288.0,45,19.066
2026-04-25 15:58:58.430,Translating それは――人類が知ってるどんな物ともちがう．．．異界の．．,50.8,8958.5,37.5,1323.9,0,761.9,11526.1,12288.0,45,19.241
2026-04-25 15:58:58.933,Translating それは――人類が知ってるどんな物ともちがう．．．異界の．．,51.5,8958.1,37.5,1323.9,0,761.9,11526.1,12288.0,45,19.223
2026-04-25 15:58:59.434,Translating それは――人類が知ってるどんな物ともちがう．．．異界の．．,50.6,8951.4,37.4,1323.9,0,761.9,11526.1,12288.0,45,19.144
2026-04-25 15:58:59.936,Translating ２０１６年１０月２０日（土）ファットナックリーナリンゴーランチーン市場は、お客様にお願いしますので、ご利用いただくださいましたが、,51.7,8955.3,37.4,1323.9,0,761.9,11526.1,12288.0,45,19.172
2026-04-25 15:59:00.438,Translating ２０１６年１０月２０日（土）ファットナックリーナリンゴーランチーン市場は、お客様にお願いしますので、ご利用いただくださいましたが、,43.5,8953.8,37.4,1323.9,6,761.9,11526.1,12288.0,45,19.199
2026-04-25 15:59:00.939,Translating ２０１６年１０月２０日（土）ファットナックリーナリンゴーランチーン市場は、お客様にお願いしますので、ご利用いただくださいましたが、,50.5,8954.0,37.4,1323.9,0,761.9,11526.1,12288.0,45,19.122
2026-04-25 15:59:01.440,Translating ２０１６年１０月２０日（土）ファットナックリーナリンゴーランチーン市場は、お客様にお願いしますので、ご利用いただくださいましたが、,60.0,8947.3,37.4,1323.9,0,773.4,11514.6,12288.0,45,19.014
2026-04-25 15:59:01.942,Translating ２０１６年１０月２０日（土）ファットナックリーナリンゴーランチーン市場は、お客様にお願いしますので、ご利用いただくださいましたが、,57.0,8946.2,37.4,1323.9,55,799.8,11488.2,12288.0,45,19.778
2026-04-25 15:59:02.444,Translating ２０１６年１０月２０日（土）ファットナックリーナリンゴーランチーン市場は、お客様にお願いしますので、ご利用いただくださいましたが、,61.7,8948.1,37.4,1323.9,25,800.2,11487.8,12288.0,46,21.077
2026-04-25 15:59:02.946,Translating ２０１６年１０月２０日（土）ファットナックリーナリンゴーランチーン市場は、お客様にお願いしますので、ご利用いただくださいましたが、,52.5,8952.3,37.4,1323.9,9,800.2,11487.8,12288.0,46,21.544
2026-04-25 15:59:03.447,Translating ２０１６年１０月２０日（土）ファットナックリーナリンゴーランチーン市場は、お客様にお願いしますので、ご利用いただくださいましたが、,62.3,8955.3,37.4,1323.9,19,798.4,11489.6,12288.0,45,21.389
2026-04-25 15:59:03.949,Translating ２０１６年１０月２０日（土）ファットナックリーナリンゴーランチーン市場は、お客様にお願いしますので、ご利用いただくださいましたが、,63.3,8933.0,37.3,1323.9,19,800.4,11487.6,12288.0,46,21.687
2026-04-25 15:59:04.451,Translating これは人間が作りだした物じゃない！！今日は人類のないか！！そんなものを好きだったんでしょうか聞こえるんだろうかわからない？これらはシートの後に集中してるのか．．,73.7,8955.7,37.4,1323.9,49,799.4,11488.6,12288.0,46,21.996
2026-04-25 15:59:04.952,Translating これは人間が作りだした物じゃない！！今日は人類のないか！！そんなものを好きだったんでしょうか聞こえるんだろうかわからない？これらはシートの後に集中してるのか．．,46.4,8988.4,37.6,1323.9,46,802.9,11485.1,12288.0,45,21.025
2026-04-25 15:59:05.452,Translating これは人間が作りだした物じゃない！！今日は人類のないか！！そんなものを好きだったんでしょうか聞こえるんだろうかわからない？これらはシートの後に集中してるのか．．,52.2,8988.4,37.6,1323.9,21,802.8,11485.2,12288.0,46,21.078
2026-04-25 15:59:05.954,Translating これは人間が作りだした物じゃない！！今日は人類のないか！！そんなものを好きだったんでしょうか聞こえるんだろうかわからない？これらはシートの後に集中してるのか．．,54.6,8996.4,37.6,1323.9,16,802.8,11485.2,12288.0,46,21.596
2026-04-25 15:59:06.456,Translating これは人間が作りだした物じゃない！！今日は人類のないか！！そんなものを好きだったんでしょうか聞こえるんだろうかわからない？これらはシートの後に集中してるのか．．,59.0,8995.9,37.6,1323.9,19,804.2,11483.8,12288.0,46,21.579
2026-04-25 15:59:06.958,Translating これは人間が作りだした物じゃない！！今日は人類のないか！！そんなものを好きだったんでしょうか聞こえるんだろうかわからない？これらはシートの後に集中してるのか．．,50.7,8996.7,37.6,1323.9,0,803.9,11484.1,12288.0,46,21.223
2026-04-25 15:59:07.460,Translating これは人間が作りだした物じゃない！！今日は人類のないか！！そんなものを好きだったんでしょうか聞こえるんだろうかわからない？これらはシートの後に集中してるのか．．,52.0,8984.9,37.6,1323.9,0,799.3,11488.7,12288.0,45,20.255
2026-04-25 15:59:07.962,Translating これは人間が作りだした物じゃない！！今日は人類のないか！！そんなものを好きだったんでしょうか聞こえるんだろうかわからない？これらはシートの後に集中してるのか．．,56.3,8980.5,37.5,1323.9,10,803.1,11484.9,12288.0,45,19.451
2026-04-25 15:59:08.464,Translating これは人間が作りだした物じゃない！！今日は人類のないか！！そんなものを好きだったんでしょうか聞こえるんだろうかわからない？これらはシートの後に集中してるのか．．,51.8,8979.2,37.5,1323.9,0,803.1,11484.9,12288.0,45,19.615
2026-04-25 15:59:08.966,Translating これは人間が作りだした物じゃない！！今日は人類のないか！！そんなものを好きだったんでしょうか聞こえるんだろうかわからない？これらはシートの後に集中してるのか．．,52.5,8969.7,37.5,1323.9,0,803.1,11484.9,12288.0,45,19.494
2026-04-25 15:59:09.468,Translating おい！,45.3,8970.4,37.5,1323.9,18,785.6,11502.4,12288.0,45,19.11
2026-04-25 15:59:09.969,Translating はやく．．．．．．,48.1,8968.4,37.5,1323.9,45,754.1,11533.9,12288.0,46,19.534
2026-04-25 15:59:10.470,Translating はやく．．．．．．,51.8,8968.9,37.5,1323.9,47,754.1,11533.9,12288.0,45,19.872
2026-04-25 15:59:10.972,Translating 止めなくちゃ．．．,44.0,8964.1,37.5,1323.9,16,753.3,11534.7,12288.0,45,19.916
2026-04-25 15:59:11.474,Translating 止めなくちゃ．．．,55.1,8971.3,37.5,1323.9,0,753.3,11534.7,12288.0,45,19.692
2026-04-25 15:59:11.976,Translating こいつの息の根を．．．,47.0,8967.8,37.5,1323.9,14,753.3,11534.7,12288.0,45,19.483
2026-04-25 15:59:12.476,Translating こいつの息の根を．．．,56.1,8967.9,37.5,1323.9,46,753.3,11534.7,12288.0,46,19.893
2026-04-25 15:59:12.979,Translating なんでもいいからコントロールモジュールをぶっこわせＣＮＳユニットだ！！,51.0,8965.5,37.5,1323.9,0,753.3,11534.7,12288.0,45,19.987
2026-04-25 15:59:13.479,Translating なんでもいいからコントロールモジュールをぶっこわせＣＮＳユニットだ！！,45.1,8952.6,37.4,1323.9,41,752.4,11535.6,12288.0,45,19.8
2026-04-25 15:59:13.981,Translating なんでもいいからコントロールモジュールをぶっこわせＣＮＳユニットだ！！,50.2,8958.8,37.5,1323.9,0,752.4,11535.6,12288.0,45,19.955
2026-04-25 15:59:14.484,Translating なんでもいいからコントロールモジュールをぶっこわせＣＮＳユニットだ！！,53.7,8963.0,37.5,1323.9,0,752.4,11535.6,12288.0,45,19.813
2026-04-25 15:59:14.985,BubbleTypesetter._apply_cleaning,24.3,8961.8,37.5,1330.7,16,752.4,11535.6,12288.0,45,19.516
2026-04-25 15:59:15.491,BubbleTypesetter._apply_cleaning,9.2,8961.9,37.5,1330.7,0,752.4,11535.6,12288.0,45,19.53
2026-04-25 15:59:16.016,BubbleTypesetter._apply_cleaning,10.5,8956.1,37.4,1330.8,7,753.1,11534.9,12288.0,45,19.339
2026-04-25 15:59:17.391,yolo_start,0.0,8003.7,33.5,40.0,7,760.8,11527.2,12288.0,45,20.002
2026-04-25 15:59:17.912,EngineOCRFactory._setup_engine,29.5,8250.2,34.5,516.0,41,766.6,11521.4,12288.0,46,20.189
2026-04-25 15:59:18.419,EngineOCRFactory._setup_engine,10.2,8302.2,34.7,565.6,26,766.6,11521.4,12288.0,46,20.854
2026-04-25 15:59:18.930,EngineOCRFactory._setup_engine,11.3,8352.1,34.9,674.3,42,766.6,11521.4,12288.0,45,20.638
2026-04-25 15:59:19.438,EngineOCRFactory._setup_engine,10.3,8385.8,35.1,698.2,42,768.1,11519.9,12288.0,46,20.665
2026-04-25 15:59:19.942,EngineOCRFactory._run,46.4,8704.1,36.4,962.8,21,768.1,11519.9,12288.0,46,20.919
2026-04-25 15:59:20.445,EngineOCRFactory._run,44.5,8703.6,36.4,955.5,43,767.8,11520.2,12288.0,46,20.298
2026-04-25 15:59:20.948,EngineOCRFactory._run,13.6,8935.2,37.4,1201.0,42,767.8,11520.2,12288.0,45,20.159
2026-04-25 15:59:21.449,EngineOCRFactory._run,34.3,9050.0,37.8,1660.1,20,767.1,11520.9,12288.0,45,20.339
2026-04-25 15:59:21.952,MangaOCRExtractor.extract from ./tmp-new-teste/1024-95-pbt-cpu-only/crops_ARMS_025_L/ARMS_025_L_bubble_001.png,52.7,9057.4,37.9,1320.6,55,767.1,11520.9,12288.0,46,20.803
2026-04-25 15:59:22.453,MangaOCRExtractor.extract from ./tmp-new-teste/1024-95-pbt-cpu-only/crops_ARMS_025_L/ARMS_025_L_bubble_003.png,52.7,9055.6,37.9,1320.7,0,767.1,11520.9,12288.0,46,21.39
2026-04-25 15:59:22.953,MangaOCRExtractor.extract from ./tmp-new-teste/1024-95-pbt-cpu-only/crops_ARMS_025_L/ARMS_025_L_bubble_005.png,54.2,9012.7,37.7,1320.8,17,759.1,11528.9,12288.0,46,21.567
2026-04-25 15:59:23.456,MangaOCRExtractor.extract from ./tmp-new-teste/1024-95-pbt-cpu-only/crops_ARMS_025_L/ARMS_025_L_bubble_007.png,51.4,9013.3,37.7,1320.8,13,759.1,11528.9,12288.0,45,21.285
2026-04-25 15:59:23.957,MangaOCRExtractor.extract from ./tmp-new-teste/1024-95-pbt-cpu-only/crops_ARMS_025_L/ARMS_025_L_bubble_008.png,52.6,9012.4,37.7,1320.8,0,759.1,11528.9,12288.0,45,20.858
2026-04-25 15:59:24.458,MangaOCRExtractor.extract from ./tmp-new-teste/1024-95-pbt-cpu-only/crops_ARMS_025_L/ARMS_025_L_bubble_009.png,51.2,9012.7,37.7,1320.8,0,759.1,11528.9,12288.0,46,20.042
2026-04-25 15:59:24.959,MangaOCRExtractor.extract from ./tmp-new-teste/1024-95-pbt-cpu-only/crops_ARMS_025_R/ARMS_025_R_bubble_012.png,54.1,9013.3,37.7,1321.6,29,759.1,11528.9,12288.0,45,19.49
2026-04-25 15:59:25.460,MangaOCRExtractor.extract from ./tmp-new-teste/1024-95-pbt-cpu-only/crops_ARMS_025_R/ARMS_025_R_bubble_014.png,51.6,9013.3,37.7,1321.6,15,756.6,11531.4,12288.0,45,19.561
2026-04-25 15:59:25.961,MangaOCRExtractor.extract from ./tmp-new-teste/1024-95-pbt-cpu-only/crops_ARMS_025_R/ARMS_025_R_bubble_016.png,52.5,9013.1,37.7,1321.6,17,752.5,11535.5,12288.0,46,19.744
2026-04-25 15:59:26.462,MangaOCRExtractor.extract from ./tmp-new-teste/1024-95-pbt-cpu-only/crops_ARMS_025_R/ARMS_025_R_bubble_018.png,53.7,9014.2,37.7,1321.6,35,749.6,11538.4,12288.0,45,19.653
2026-04-25 15:59:26.963,MangaOCRExtractor.extract from ./tmp-new-teste/1024-95-pbt-cpu-only/crops_ARMS_025_R/ARMS_025_R_bubble_019.png,52.9,8951.4,37.4,1321.6,0,749.6,11538.4,12288.0,45,19.528
2026-04-25 15:59:27.463,MangaOCRExtractor.extract from ./tmp-new-teste/1024-95-pbt-cpu-only/crops_ARMS_025_R/ARMS_025_R_bubble_020.png,50.9,8951.0,37.4,1321.6,0,749.6,11538.4,12288.0,45,19.551
2026-04-25 15:59:27.964,MangaOCRExtractor.extract from ./tmp-new-teste/1024-95-pbt-cpu-only/crops_ARMS_025_R/ARMS_025_R_bubble_021.png,53.2,8948.9,37.4,1321.7,0,749.6,11538.4,12288.0,45,19.421
2026-04-25 15:59:28.465,MangaOCRExtractor.extract from ./tmp-new-teste/1024-95-pbt-cpu-only/crops_ARMS_025_R/ARMS_025_R_bubble_022.png,50.7,8948.9,37.4,1321.7,0,749.6,11538.4,12288.0,45,19.543
2026-04-25 15:59:28.966,MangaOCRExtractor.extract from ./tmp-new-teste/1024-95-pbt-cpu-only/crops_ARMS_025_R/ARMS_025_R_bubble_023.png,52.3,8948.9,37.4,1321.7,13,749.6,11538.4,12288.0,45,19.534
2026-04-25 15:59:29.467,MangaOCRExtractor.extract from ./tmp-new-teste/1024-95-pbt-cpu-only/crops_ARMS_025_R/ARMS_025_R_bubble_024.png,52.7,8949.4,37.4,1321.7,7,749.6,11538.4,12288.0,45,19.45
2026-04-25 15:59:29.968,MangaOCRExtractor.extract from ./tmp-new-teste/1024-95-pbt-cpu-only/crops_ARMS_025_R/ARMS_025_R_bubble_025.png,51.2,8945.4,37.4,1321.8,0,749.6,11538.4,12288.0,45,19.509
2026-04-25 15:59:30.476,MangaOCRExtractor.extract from ./tmp-new-teste/1024-95-pbt-cpu-only/crops_ARMS_025_R/ARMS_025_R_bubble_025.png,37.7,8671.1,36.3,997.7,0,760.3,11527.7,12288.0,45,19.376
2026-04-25 15:59:30.986,Translating フォーストダウン．．．,36.0,8665.4,36.2,999.7,34,763.2,11524.8,12288.0,45,19.857
2026-04-25 15:59:31.488,Translating はやく,50.6,8672.0,36.3,999.7,25,763.2,11524.8,12288.0,46,20.467
2026-04-25 15:59:31.989,Translating 不時着！,55.6,8675.6,36.3,999.7,0,763.5,11524.5,12288.0,45,20.238
2026-04-25 15:59:32.489,Translating はやくやれ！,49.2,8668.8,36.2,999.7,3,757.4,11530.6,12288.0,45,19.775
2026-04-25 15:59:32.991,Translating はやくやれ！,60.7,8665.2,36.2,999.7,11,781.1,11506.9,12288.0,45,19.427
2026-04-25 15:59:33.492,Translating そんなむちゃな,62.7,8669.6,36.2,999.7,44,781.0,11507.0,12288.0,46,20.186
2026-04-25 15:59:33.994,Translating そんなむちゃな,46.9,8671.3,36.3,999.7,40,781.0,11507.0,12288.0,46,21.127
2026-04-25 15:59:34.495,Translating こっちは今度攻撃されたらもう終りだ！,63.0,8662.4,36.2,999.7,7,778.9,11509.1,12288.0,46,20.833
2026-04-25 15:59:34.998,Translating こっちは今度攻撃されたらもう終りだ！,43.7,8617.0,36.0,999.7,42,778.9,11509.1,12288.0,46,20.735
2026-04-25 15:59:35.499,Translating こっちは今度攻撃されたらもう終りだ！,60.0,8617.3,36.0,999.7,6,785.5,11502.5,12288.0,45,20.408
2026-04-25 15:59:36.001,Translating なんでもいいから全部ぶった切れ！！,63.1,8617.4,36.0,999.7,24,789.5,11498.5,12288.0,46,20.427
2026-04-25 15:59:36.502,Translating なんでもいいから全部ぶった切れ！！,44.8,8617.7,36.0,999.7,21,789.5,11498.5,12288.0,46,21.533
2026-04-25 15:59:37.004,Translating マイクロブラックホールの爆発だってありうるぜ！,57.9,8624.0,36.1,999.7,4,797.2,11490.8,12288.0,46,22.001
2026-04-25 15:59:37.505,Translating マイクロブラックホールの爆発だってありうるぜ！,48.8,8632.0,36.1,999.7,21,799.2,11488.8,12288.0,46,21.655
2026-04-25 15:59:38.006,Translating マイクロブラックホールの爆発だってありうるぜ！,57.5,8623.5,36.1,999.7,22,804.6,11483.4,12288.0,45,21.322
2026-04-25 15:59:38.508,Translating マイクロブラックホールの爆発だってありうるぜ！,60.4,8630.6,36.1,999.7,27,805.7,11482.3,12288.0,45,20.68
2026-04-25 15:59:39.010,Translating いいからぶちかませエリー,49.4,8623.2,36.1,999.7,14,807.5,11480.5,12288.0,46,20.307
2026-04-25 15:59:39.511,Translating いいからぶちかませエリー,53.0,8627.7,36.1,999.7,29,806.4,11481.6,12288.0,45,20.551
2026-04-25 15:59:40.012,Translating いいからぶちかませエリー,51.7,8618.7,36.0,999.7,1,806.4,11481.6,12288.0,45,19.982
2026-04-25 15:59:40.514,Translating ちっ,42.8,8611.7,36.0,999.7,1,805.4,11482.6,12288.0,45,19.343
2026-04-25 15:59:41.015,Translating ん？,54.5,8604.2,36.0,999.7,1,805.2,11482.8,12288.0,45,19.332
2026-04-25 15:59:41.517,Translating ん？,40.6,8585.0,35.9,999.7,0,801.2,11486.8,12288.0,45,19.318
2026-04-25 15:59:42.019,Translating リー？,43.0,8616.0,36.0,999.7,16,801.2,11486.8,12288.0,45,19.283
2026-04-25 15:59:42.521,Translating きもちわるいは,42.1,8600.0,36.0,999.8,0,801.1,11486.9,12288.0,45,19.175
2026-04-25 15:59:43.022,Translating やばいな．．．,51.7,8603.4,36.0,999.8,0,801.1,11486.9,12288.0,45,19.195
2026-04-25 15:59:43.523,Translating やばいな．．．,45.2,8619.3,36.0,999.8,23,769.4,11518.6,12288.0,45,19.224
2026-04-25 15:59:44.024,Translating やばいな．．．,50.8,8618.9,36.0,999.8,0,769.4,11518.6,12288.0,45,19.169
2026-04-25 15:59:44.527,Translating 不時着するぞ！,45.1,8628.8,36.1,999.8,18,751.5,11536.5,12288.0,45,19.318
2026-04-25 15:59:45.028,Translating 不時着するぞ！,51.4,8614.4,36.0,999.8,15,751.5,11536.5,12288.0,45,19.398
2026-04-25 15:59:45.529,Translating 時空の計算をめちゃくちゃにしてやれっ！,43.2,8608.6,36.0,999.8,0,743.5,11544.5,12288.0,45,19.379
2026-04-25 15:59:46.030,Translating 時空の計算をめちゃくちゃにしてやれっ！,50.5,8613.6,36.0,999.8,0,743.5,11544.5,12288.0,45,19.268
2026-04-25 15:59:46.532,Translating 時空の計算をめちゃくちゃにしてやれっ！,52.2,8614.4,36.0,999.8,7,743.5,11544.5,12288.0,45,19.248
2026-04-25 15:59:47.033,Translating 手応えがあったこれがたぶんそうだ．．．,52.1,8615.5,36.0,999.8,0,743.5,11544.5,12288.0,45,19.288
2026-04-25 15:59:47.534,Translating 手応えがあったこれがたぶんそうだ．．．,42.6,8604.5,36.0,999.8,12,743.5,11544.5,12288.0,45,19.405
2026-04-25 15:59:48.035,Translating 手応えがあったこれがたぶんそうだ．．．,51.3,8605.0,36.0,999.8,0,743.5,11544.5,12288.0,45,19.354
2026-04-25 15:59:48.537,Translating 手応えがあったこれがたぶんそうだ．．．,51.2,8607.0,36.0,999.8,0,743.5,11544.5,12288.0,45,19.357
2026-04-25 15:59:49.038,Translating 左側トーラスのＮＥＲにとぎれ！どんどん降下してます,48.5,8611.6,36.0,999.8,0,743.5,11544.5,12288.0,45,19.277
2026-04-25 15:59:49.539,Translating 左側トーラスのＮＥＲにとぎれ！どんどん降下してます,46.3,8619.9,36.0,999.8,0,743.5,11544.5,12288.0,45,19.353
2026-04-25 15:59:50.040,Translating 左側トーラスのＮＥＲにとぎれ！どんどん降下してます,58.9,8611.0,36.0,999.8,0,743.5,11544.5,12288.0,45,19.407
2026-04-25 15:59:50.542,Translating 左側トーラスのＮＥＲにとぎれ！どんどん降下してます,50.2,8603.8,36.0,999.8,0,743.5,11544.5,12288.0,45,19.2
2026-04-25 15:59:51.043,Translating 左側トーラスのＮＥＲにとぎれ！どんどん降下してます,51.6,8614.7,36.0,999.8,0,743.5,11544.5,12288.0,45,19.029
2026-04-25 15:59:51.545,Translating スーパーストリングチェーンを暴走状態にしてーそいつの位臓にメスを入れろう,42.6,8611.7,36.0,999.8,0,743.5,11544.5,12288.0,45,19.028
2026-04-25 15:59:52.046,Translating スーパーストリングチェーンを暴走状態にしてーそいつの位臓にメスを入れろう,50.6,8615.3,36.0,999.8,0,743.5,11544.5,12288.0,45,19.052
2026-04-25 15:59:52.547,Translating スーパーストリングチェーンを暴走状態にしてーそいつの位臓にメスを入れろう,51.4,8612.1,36.0,999.8,0,743.5,11544.5,12288.0,45,18.939
2026-04-25 15:59:53.050,Translating スーパーストリングチェーンを暴走状態にしてーそいつの位臓にメスを入れろう,52.7,8611.8,36.0,999.8,0,743.5,11544.5,12288.0,45,18.957
2026-04-25 15:59:53.552,Translating スーパーストリングチェーンを暴走状態にしてーそいつの位臓にメスを入れろう,59.3,8608.3,36.0,999.8,20,749.6,11538.4,12288.0,45,19.152
2026-04-25 15:59:54.054,Translating スーパーストリングチェーンを暴走状態にしてーそいつの位臓にメスを入れろう,60.6,8608.4,36.0,999.8,42,767.6,11520.4,12288.0,46,20.08
2026-04-25 15:59:54.556,Translating ボスモノボール放射がバーカー限界の１０万倍もあります,63.1,8611.6,36.0,999.8,24,769.7,11518.3,12288.0,46,20.756
2026-04-25 15:59:55.058,Translating ボスモノボール放射がバーカー限界の１０万倍もあります,42.4,8606.2,36.0,999.8,41,769.9,11518.1,12288.0,46,20.854
2026-04-25 15:59:55.559,Translating ボスモノボール放射がバーカー限界の１０万倍もあります,55.0,8606.0,36.0,999.8,0,768.6,11519.4,12288.0,46,20.611
2026-04-25 15:59:56.062,Translating ボスモノボール放射がバーカー限界の１０万倍もあります,54.2,8598.2,35.9,999.8,0,768.8,11519.2,12288.0,45,19.995
2026-04-25 15:59:56.564,Translating ボスモノボール放射がバーカー限界の１０万倍もあります,56.7,8603.3,36.0,999.8,0,767.9,11520.1,12288.0,45,19.475
2026-04-25 15:59:57.065,Translating くそったれぇ！ショックにそなえろ！！,56.3,8570.7,35.8,999.8,0,767.9,11520.1,12288.0,45,19.499
2026-04-25 15:59:57.566,Translating くそったれぇ！ショックにそなえろ！！,46.6,8565.9,35.8,999.8,0,767.8,11520.2,12288.0,45,19.557
2026-04-25 15:59:58.067,Translating くそったれぇ！ショックにそなえろ！！,54.8,8574.9,35.9,999.8,0,767.8,11520.2,12288.0,45,19.491
2026-04-25 15:59:58.569,Translating そいつをぶった切れ者り込んだ人間のシステムを利用するんだ！,56.6,8571.2,35.8,999.8,0,767.4,11520.6,12288.0,45,19.371
2026-04-25 15:59:59.069,Translating そいつをぶった切れ者り込んだ人間のシステムを利用するんだ！,45.7,8571.6,35.8,999.8,0,765.6,11522.4,12288.0,45,19.393
2026-04-25 15:59:59.571,Translating そいつをぶった切れ者り込んだ人間のシステムを利用するんだ！,52.5,8576.1,35.9,999.8,0,762.1,11525.9,12288.0,45,19.381
2026-04-25 16:00:00.073,Translating そいつをぶった切れ者り込んだ人間のシステムを利用するんだ！,51.6,8586.0,35.9,999.8,0,762.0,11526.0,12288.0,45,19.158
2026-04-25 16:00:00.575,Translating 神経らしきものが何本もあるどれを切ったら機能停止するんだ？,53.7,8584.4,35.9,999.8,0,761.8,11526.2,12288.0,45,19.038
2026-04-25 16:00:01.077,Translating 神経らしきものが何本もあるどれを切ったら機能停止するんだ？,45.7,8595.5,35.9,999.8,16,762.0,11526.0,12288.0,45,19.057
2026-04-25 16:00:01.578,Translating 神経らしきものが何本もあるどれを切ったら機能停止するんだ？,55.9,8608.2,36.0,999.8,0,762.0,11526.0,12288.0,45,19.03
2026-04-25 16:00:02.079,Translating 神経らしきものが何本もあるどれを切ったら機能停止するんだ？,51.2,8608.5,36.0,999.8,5,762.0,11526.0,12288.0,45,19.171
2026-04-25 16:00:02.581,Translating 神経らしきものが何本もあるどれを切ったら機能停止するんだ？,50.3,8608.8,36.0,999.8,0,761.8,11526.2,12288.0,45,19.142
2026-04-25 16:00:03.081,Translating そういうことを言えば、そんなことだったのですが、このブログで見ていただきましたが、,48.2,8592.6,35.9,999.8,0,761.8,11526.2,12288.0,45,19.092
2026-04-25 16:00:03.582,Translating そういうことを言えば、そんなことだったのですが、このブログで見ていただきましたが、,46.3,8585.4,35.9,999.8,16,761.8,11526.2,12288.0,45,19.134
2026-04-25 16:00:04.083,Translating そういうことを言えば、そんなことだったのですが、このブログで見ていただきましたが、,50.9,8589.2,35.9,999.8,0,761.4,11526.6,12288.0,45,19.11
2026-04-25 16:00:04.585,Translating そういうことを言えば、そんなことだったのですが、このブログで見ていただきましたが、,51.3,8586.4,35.9,999.8,0,757.4,11530.6,12288.0,45,19.057
2026-04-25 16:00:05.087,Translating そういうことを言えば、そんなことだったのですが、このブログで見ていただきましたが、,50.9,8585.1,35.9,999.8,7,757.4,11530.6,12288.0,45,19.039
2026-04-25 16:00:05.588,BubbleTypesetter._apply_cleaning,28.0,8585.4,35.9,1006.7,0,757.4,11530.6,12288.0,45,19.069
2026-04-25 16:00:06.094,BubbleTypesetter._wrap_text_pixel_width,9.1,8584.3,35.9,1006.7,1,757.4,11530.6,12288.0,45,19.106
2026-04-25 16:00:06.626,BubbleTypesetter._apply_cleaning,10.7,8583.2,35.9,1006.7,15,758.5,11529.5,12288.0,45,19.134
2026-04-25 16:00:07.127,BubbleTypesetter._apply_cleaning,10.0,8583.9,35.9,1006.7,43,758.5,11529.5,12288.0,46,19.5
2026-04-25 16:00:07.632,BubbleTypesetter._process_bubble,28.7,8643.6,36.1,1006.7,43,768.4,11519.6,12288.0,46,20.483
2026-04-25 16:00:08.156,BubbleTypesetter._wrap_text_pixel_width,30.6,8709.2,36.4,1006.7,44,780.2,11507.8,12288.0,46,21.019
2026-04-25 16:00:09.364,yolo_start,0.0,8077.1,33.8,40.0,13,777.4,11510.6,12288.0,45,20.178
2026-04-25 16:00:09.873,EngineOCRFactory._setup_engine,23.2,8309.4,34.7,521.7,6,777.4,11510.6,12288.0,45,19.83
2026-04-25 16:00:10.415,EngineOCRFactory._setup_engine,9.4,8359.2,34.9,566.2,19,776.6,11511.4,12288.0,45,19.655
2026-04-25 16:00:10.923,EngineOCRFactory._setup_engine,10.4,8419.6,35.2,678.7,29,776.6,11511.4,12288.0,46,19.607
2026-04-25 16:00:11.424,EngineOCRFactory._run,11.8,8508.4,35.6,756.4,7,779.3,11508.7,12288.0,45,19.744
2026-04-25 16:00:11.925,EngineOCRFactory._run,49.0,8738.2,36.5,968.7,22,777.2,11510.8,12288.0,45,19.877
2026-04-25 16:00:12.425,EngineOCRFactory._run,23.1,8758.2,36.6,988.6,21,777.1,11510.9,12288.0,46,19.775
2026-04-25 16:00:12.926,EngineOCRFactory._run,26.7,8942.7,37.4,1176.6,7,775.6,11512.4,12288.0,45,19.794
2026-04-25 16:00:13.427,EngineOCRFactory._run,33.6,9065.8,37.9,1296.1,7,771.8,11516.2,12288.0,45,19.752
2026-04-25 16:00:13.928,MangaOCRExtractor.extract from ./tmp-new-teste/1024-95-pbt-cpu-only/crops_BurariTessenTorimonocho_002_L/BurariTessenTorimonocho_002_L_bubble_002.png,52.1,9063.9,37.9,1296.3,7,771.7,11516.3,12288.0,45,19.44
2026-04-25 16:00:14.429,MangaOCRExtractor.extract from ./tmp-new-teste/1024-95-pbt-cpu-only/crops_BurariTessenTorimonocho_002_L/BurariTessenTorimonocho_002_L_bubble_003.png,54.0,9063.9,37.9,1296.4,7,765.4,11522.6,12288.0,45,19.393
2026-04-25 16:00:14.930,MangaOCRExtractor.extract from ./tmp-new-teste/1024-95-pbt-cpu-only/crops_BurariTessenTorimonocho_002_L/BurariTessenTorimonocho_002_L_bubble_004.png,60.8,9061.7,37.9,1296.4,44,764.7,11523.3,12288.0,46,19.954
2026-04-25 16:00:15.431,MangaOCRExtractor.extract from ./tmp-new-teste/1024-95-pbt-cpu-only/crops_BurariTessenTorimonocho_002_L/BurariTessenTorimonocho_002_L_bubble_005.png,52.1,9062.0,37.9,1296.4,21,763.3,11524.7,12288.0,46,20.628
2026-04-25 16:00:15.932,MangaOCRExtractor.extract from ./tmp-new-teste/1024-95-pbt-cpu-only/crops_BurariTessenTorimonocho_002_L/BurariTessenTorimonocho_002_L_bubble_006.png,53.9,9060.0,37.9,1298.6,22,764.4,11523.6,12288.0,45,20.326
2026-04-25 16:00:16.433,MangaOCRExtractor.extract from ./tmp-new-teste/1024-95-pbt-cpu-only/crops_BurariTessenTorimonocho_002_L/BurariTessenTorimonocho_002_L_bubble_007.png,51.9,9055.6,37.9,1299.5,6,764.4,11523.6,12288.0,45,19.704
2026-04-25 16:00:16.934,MangaOCRExtractor.extract from ./tmp-new-teste/1024-95-pbt-cpu-only/crops_BurariTessenTorimonocho_002_L/BurariTessenTorimonocho_002_L_bubble_007.png,53.7,9052.5,37.8,1300.3,6,764.6,11523.4,12288.0,45,19.56
2026-04-25 16:00:17.435,MangaOCRExtractor.extract from ./tmp-new-teste/1024-95-pbt-cpu-only/crops_BurariTessenTorimonocho_002_L/BurariTessenTorimonocho_002_L_bubble_008.png,53.7,9052.4,37.8,1306.8,7,763.7,11524.3,12288.0,45,19.378
2026-04-25 16:00:17.936,MangaOCRExtractor.extract from ./tmp-new-teste/1024-95-pbt-cpu-only/crops_BurariTessenTorimonocho_002_L/BurariTessenTorimonocho_002_L_bubble_008.png,59.6,9051.2,37.8,1306.8,44,778.1,11509.9,12288.0,46,19.913
2026-04-25 16:00:18.437,MangaOCRExtractor.extract from ./tmp-new-teste/1024-95-pbt-cpu-only/crops_BurariTessenTorimonocho_002_R/BurariTessenTorimonocho_002_R_bubble_009.png,60.7,9056.7,37.9,1307.4,42,778.4,11509.6,12288.0,46,20.788
2026-04-25 16:00:18.941,MangaOCRExtractor.extract from ./tmp-new-teste/1024-95-pbt-cpu-only/crops_BurariTessenTorimonocho_002_R/BurariTessenTorimonocho_002_R_bubble_010.png,60.2,9057.6,37.9,1307.4,43,777.6,11510.4,12288.0,46,21.452
2026-04-25 16:00:19.442,MangaOCRExtractor.extract from ./tmp-new-teste/1024-95-pbt-cpu-only/crops_BurariTessenTorimonocho_002_R/BurariTessenTorimonocho_002_R_bubble_011.png,41.9,8773.1,36.7,997.4,34,777.0,11511.0,12288.0,46,20.889
2026-04-25 16:00:19.944,Translating 守銭奴ねェ,35.4,8777.6,36.7,1002.3,23,777.9,11510.1,12288.0,46,20.982
2026-04-25 16:00:20.446,Translating 守銭奴ねェ,59.1,8775.6,36.7,1002.3,20,778.2,11509.8,12288.0,46,22.106
2026-04-25 16:00:20.947,Translating で．．．下手人の女ってのは？,51.2,8756.7,36.6,1002.3,9,778.1,11509.9,12288.0,46,22.526
2026-04-25 16:00:21.448,Translating で．．．下手人の女ってのは？,48.8,8760.3,36.6,1002.3,3,776.2,11511.8,12288.0,46,21.606
2026-04-25 16:00:21.950,Translating で．．．下手人の女ってのは？,50.7,8745.3,36.6,1002.3,4,776.2,11511.8,12288.0,46,20.187
2026-04-25 16:00:22.451,Translating ハイ名前をお光といいます同じ長屋の住人だそうで．．．,42.6,8762.1,36.6,1002.3,5,775.6,11512.4,12288.0,45,19.429
2026-04-25 16:00:22.952,Translating ハイ名前をお光といいます同じ長屋の住人だそうで．．．,51.9,8724.4,36.5,1002.3,4,775.6,11512.4,12288.0,45,19.206
2026-04-25 16:00:23.454,Translating ハイ名前をお光といいます同じ長屋の住人だそうで．．．,51.0,8718.9,36.5,1002.3,0,775.6,11512.4,12288.0,45,19.222
2026-04-25 16:00:23.955,Translating ハイ名前をお光といいます同じ長屋の住人だそうで．．．,51.0,8715.0,36.4,1002.3,1,775.6,11512.4,12288.0,45,19.196
2026-04-25 16:00:24.456,Translating よくよく金に困っての凶行ってやつだよくある話よ,54.0,8714.9,36.4,1002.3,0,775.6,11512.4,12288.0,45,19.186
2026-04-25 16:00:24.959,Translating よくよく金に困っての凶行ってやつだよくある話よ,41.3,8717.9,36.4,1002.3,4,775.6,11512.4,12288.0,45,19.265
2026-04-25 16:00:25.461,Translating よくよく金に困っての凶行ってやつだよくある話よ,51.1,8720.4,36.5,1002.3,3,763.8,11524.2,12288.0,46,19.268
2026-04-25 16:00:25.963,Translating よくよく金に困っての凶行ってやつだよくある話よ,52.2,8726.7,36.5,1002.3,1,751.1,11536.9,12288.0,45,19.164
2026-04-25 16:00:26.465,Translating よくよく金に困っての凶行ってやつだよくある話よ,52.6,8719.6,36.5,1002.3,2,751.1,11536.9,12288.0,45,19.213
2026-04-25 16:00:26.967,Translating なるほど．．．ホトケのそばには空のサイフ．．．下手人の手には血のついた銭か．．,65.8,8664.3,36.2,1002.3,1,749.8,11538.2,12288.0,45,19.221
2026-04-25 16:00:27.468,Translating なるほど．．．ホトケのそばには空のサイフ．．．下手人の手には血のついた銭か．．,48.3,8664.7,36.2,1002.3,4,749.8,11538.2,12288.0,45,19.221
2026-04-25 16:00:27.968,Translating なるほど．．．ホトケのそばには空のサイフ．．．下手人の手には血のついた銭か．．,54.2,8658.4,36.2,1002.3,12,749.8,11538.2,12288.0,45,19.269
2026-04-25 16:00:28.470,Translating なるほど．．．ホトケのそばには空のサイフ．．．下手人の手には血のついた銭か．．,51.2,8657.9,36.2,1002.3,1,749.8,11538.2,12288.0,45,19.192
2026-04-25 16:00:28.972,Translating なるほど．．．ホトケのそばには空のサイフ．．．下手人の手には血のついた銭か．．,51.0,8657.2,36.2,1002.3,2,749.8,11538.2,12288.0,45,19.156
2026-04-25 16:00:29.474,Translating なるほど．．．ホトケのそばには空のサイフ．．．下手人の手には血のついた銭か．．,51.9,8653.2,36.2,1002.3,16,749.8,11538.2,12288.0,45,19.09
2026-04-25 16:00:29.976,Translating なるほど．．．ホトケのそばには空のサイフ．．．下手人の手には血のついた銭か．．,50.6,8647.8,36.2,1002.3,2,749.8,11538.2,12288.0,45,19.06
2026-04-25 16:00:30.479,Translating お．．．おいなんだよ！！周り込むなってイテテテこの野郎ひっかきやがってちくしょう,42.5,8651.8,36.2,1002.3,18,749.8,11538.2,12288.0,45,19.077
2026-04-25 16:00:30.979,Translating お．．．おいなんだよ！！周り込むなってイテテテこの野郎ひっかきやがってちくしょう,51.2,8651.9,36.2,1002.3,16,749.8,11538.2,12288.0,45,19.102
2026-04-25 16:00:31.481,Translating お．．．おいなんだよ！！周り込むなってイテテテこの野郎ひっかきやがってちくしょう,53.2,8653.7,36.2,1002.3,1,749.8,11538.2,12288.0,45,19.109
2026-04-25 16:00:31.983,Translating お．．．おいなんだよ！！周り込むなってイテテテこの野郎ひっかきやがってちくしょう,50.7,8647.9,36.2,1002.3,0,749.8,11538.2,12288.0,45,19.018
2026-04-25 16:00:32.485,Translating お．．．おいなんだよ！！周り込むなってイテテテこの野郎ひっかきやがってちくしょう,52.6,8638.9,36.1,1002.3,0,749.8,11538.2,12288.0,45,18.96
2026-04-25 16:00:32.987,Translating 前は家族と暮らしていたんですが今は一人身で夜腰で食べてたみたいですどうもどこぞに借金があって金には不自由をしてたと言うんでずが．．．,51.7,8640.2,36.1,1002.3,0,749.8,11538.2,12288.0,45,19.035
2026-04-25 16:00:33.488,Translating 前は家族と暮らしていたんですが今は一人身で夜腰で食べてたみたいですどうもどこぞに借金があって金には不自由をしてたと言うんでずが．．．,41.4,8641.6,36.1,1002.3,7,749.8,11538.2,12288.0,45,19.196
2026-04-25 16:00:33.989,Translating 前は家族と暮らしていたんですが今は一人身で夜腰で食べてたみたいですどうもどこぞに借金があって金には不自由をしてたと言うんでずが．．．,50.9,8645.8,36.1,1002.3,1,749.8,11538.2,12288.0,45,19.253
2026-04-25 16:00:34.491,Translating 前は家族と暮らしていたんですが今は一人身で夜腰で食べてたみたいですどうもどこぞに借金があって金には不自由をしてたと言うんでずが．．．,51.3,8640.2,36.1,1002.3,0,749.8,11538.2,12288.0,45,19.232
2026-04-25 16:00:34.993,Translating 前は家族と暮らしていたんですが今は一人身で夜腰で食べてたみたいですどうもどこぞに借金があって金には不自由をしてたと言うんでずが．．．,50.9,8632.6,36.1,1002.3,0,749.8,11538.2,12288.0,45,19.225
2026-04-25 16:00:35.494,Translating 前は家族と暮らしていたんですが今は一人身で夜腰で食べてたみたいですどうもどこぞに借金があって金には不自由をしてたと言うんでずが．．．,51.8,8633.1,36.1,1002.3,0,749.8,11538.2,12288.0,45,19.19
2026-04-25 16:00:35.996,Translating 前は家族と暮らしていたんですが今は一人身で夜腰で食べてたみたいですどうもどこぞに借金があって金には不自由をしてたと言うんでずが．．．,51.1,8640.4,36.1,1002.3,1,749.8,11538.2,12288.0,45,19.195
2026-04-25 16:00:36.497,Translating 前は家族と暮らしていたんですが今は一人身で夜腰で食べてたみたいですどうもどこぞに借金があって金には不自由をしてたと言うんでずが．．．,51.9,8626.5,36.1,1002.3,1,749.8,11538.2,12288.0,45,19.119
2026-04-25 16:00:36.999,Translating 前は家族と暮らしていたんですが今は一人身で夜腰で食べてたみたいですどうもどこぞに借金があって金には不自由をしてたと言うんでずが．．．,51.7,8626.9,36.1,1002.3,0,749.8,11538.2,12288.0,45,19.07
2026-04-25 16:00:37.501,Translating 前は家族と暮らしていたんですが今は一人身で夜腰で食べてたみたいですどうもどこぞに借金があって金には不自由をしてたと言うんでずが．．．,51.3,8627.1,36.1,1002.3,0,749.8,11538.2,12288.0,45,19.187
2026-04-25 16:00:38.003,Translating 実はこの殺された弥吉ってのが、アタ名を守姫城の弥吉と呼ばれてましてゆすりたかりはもちろん後のためならなんでもする結構な感じったそうです,41.8,8627.1,36.1,1002.3,0,749.8,11538.2,12288.0,45,19.185
2026-04-25 16:00:38.504,Translating 実はこの殺された弥吉ってのが、アタ名を守姫城の弥吉と呼ばれてましてゆすりたかりはもちろん後のためならなんでもする結構な感じったそうです,51.2,8626.5,36.1,1002.3,1,749.8,11538.2,12288.0,45,19.245
2026-04-25 16:00:39.004,Translating 実はこの殺された弥吉ってのが、アタ名を守姫城の弥吉と呼ばれてましてゆすりたかりはもちろん後のためならなんでもする結構な感じったそうです,50.6,8626.7,36.1,1002.3,1,749.8,11538.2,12288.0,45,19.341
2026-04-25 16:00:39.507,Translating 実はこの殺された弥吉ってのが、アタ名を守姫城の弥吉と呼ばれてましてゆすりたかりはもちろん後のためならなんでもする結構な感じったそうです,50.9,8627.1,36.1,1002.3,0,749.8,11538.2,12288.0,45,19.289
2026-04-25 16:00:40.009,Translating 実はこの殺された弥吉ってのが、アタ名を守姫城の弥吉と呼ばれてましてゆすりたかりはもちろん後のためならなんでもする結構な感じったそうです,52.2,8631.4,36.1,1002.3,0,749.8,11538.2,12288.0,45,19.317
2026-04-25 16:00:40.512,Translating 実はこの殺された弥吉ってのが、アタ名を守姫城の弥吉と呼ばれてましてゆすりたかりはもちろん後のためならなんでもする結構な感じったそうです,51.1,8630.0,36.1,1002.3,0,749.8,11538.2,12288.0,45,19.456
2026-04-25 16:00:41.014,Translating 実はこの殺された弥吉ってのが、アタ名を守姫城の弥吉と呼ばれてましてゆすりたかりはもちろん後のためならなんでもする結構な感じったそうです,49.5,8625.1,36.1,1002.3,0,749.8,11538.2,12288.0,45,19.428
2026-04-25 16:00:41.516,Translating 実はこの殺された弥吉ってのが、アタ名を守姫城の弥吉と呼ばれてましてゆすりたかりはもちろん後のためならなんでもする結構な感じったそうです,52.7,8626.5,36.1,1002.3,0,749.8,11538.2,12288.0,45,19.327
2026-04-25 16:00:42.018,Translating 実はこの殺された弥吉ってのが、アタ名を守姫城の弥吉と呼ばれてましてゆすりたかりはもちろん後のためならなんでもする結構な感じったそうです,51.2,8622.1,36.0,1002.3,0,749.8,11538.2,12288.0,45,19.278
2026-04-25 16:00:42.519,Translating 実はこの殺された弥吉ってのが、アタ名を守姫城の弥吉と呼ばれてましてゆすりたかりはもちろん後のためならなんでもする結構な感じったそうです,51.3,8619.7,36.0,1002.3,0,749.8,11538.2,12288.0,45,19.22
2026-04-25 16:00:43.021,Translating 実はこの殺された弥吉ってのが、アタ名を守姫城の弥吉と呼ばれてましてゆすりたかりはもちろん後のためならなんでもする結構な感じったそうです,51.9,8614.5,36.0,1002.3,0,749.8,11538.2,12288.0,45,19.149
2026-04-25 16:00:43.523,Translating 第七席,47.8,8608.3,36.0,1002.3,0,749.8,11538.2,12288.0,45,19.251
2026-04-25 16:00:44.024,Translating 死んだ好きの傍に佇む一人の女の姿があった．．．,51.1,8616.9,36.0,1002.4,1,749.8,11538.2,12288.0,45,19.287
2026-04-25 16:00:44.526,Translating 死んだ好きの傍に佇む一人の女の姿があった．．．,43.8,8625.8,36.1,1002.4,1,749.8,11538.2,12288.0,45,19.264
2026-04-25 16:00:45.028,Translating 死んだ好きの傍に佇む一人の女の姿があった．．．,50.8,8634.8,36.1,1002.4,0,749.8,11538.2,12288.0,45,19.285
2026-04-25 16:00:45.530,Translating 死んだ好きの傍に佇む一人の女の姿があった．．．,51.4,8630.7,36.1,1002.4,0,749.8,11538.2,12288.0,45,19.302
2026-04-25 16:00:46.032,Translating ．．．なに,50.0,8627.4,36.1,1002.4,0,749.8,11538.2,12288.0,45,19.311
2026-04-25 16:00:46.533,BubbleTypesetter._apply_cleaning,51.7,8605.0,36.0,1002.4,1,749.8,11538.2,12288.0,45,19.483
2026-04-25 16:00:47.039,BubbleTypesetter._wrap_text_pixel_width,12.4,8605.2,36.0,1009.3,1,749.8,11538.2,12288.0,45,19.596
2026-04-25 16:00:47.626,BubbleTypesetter._wrap_text_pixel_width,9.1,8605.7,36.0,1009.3,1,749.8,11538.2,12288.0,45,19.556
2026-04-25 16:00:48.204,BubbleTypesetter._wrap_text_pixel_width,8.8,8605.7,36.0,1009.3,1,749.8,11538.2,12288.0,45,19.504
2026-04-25 16:00:49.152,yolo_start,50.0,7991.0,33.4,40.0,1,751.0,11537.0,12288.0,45,19.452
2026-04-25 16:00:49.665,EngineOCRFactory._setup_engine,24.0,8236.7,34.4,523.2,18,752.8,11535.2,12288.0,45,19.452
2026-04-25 16:00:50.203,EngineOCRFactory._setup_engine,10.0,8291.1,34.7,566.2,7,756.8,11531.2,12288.0,45,19.623
2026-04-25 16:00:50.708,EngineOCRFactory._setup_engine,10.3,8352.0,34.9,678.5,57,756.7,11531.3,12288.0,45,20.242
2026-04-25 16:00:51.210,EngineOCRFactory._run,11.3,8457.4,35.4,753.0,0,764.2,11523.8,12288.0,46,20.944
2026-04-25 16:00:51.711,EngineOCRFactory._run,50.6,8602.9,36.0,905.6,0,763.2,11524.8,12288.0,45,20.393
2026-04-25 16:00:52.211,EngineOCRFactory._run,10.4,8775.5,36.7,1081.7,13,763.2,11524.8,12288.0,45,19.857
2026-04-25 16:00:52.712,EngineOCRFactory._run,30.1,8972.7,37.5,1283.5,20,763.8,11524.2,12288.0,45,19.773
2026-04-25 16:00:53.213,EngineOCRFactory._run,45.5,8993.8,37.6,1312.6,7,763.8,11524.2,12288.0,45,19.532
2026-04-25 16:00:53.713,MangaOCRExtractor.extract from ./tmp-new-teste/1024-95-pbt-cpu-only/crops_BurariTessenTorimonocho_003/BurariTessenTorimonocho_003_bubble_002.png,60.6,9022.0,37.7,1313.2,54,775.3,11512.7,12288.0,45,19.801
2026-04-25 16:00:54.215,MangaOCRExtractor.extract from ./tmp-new-teste/1024-95-pbt-cpu-only/crops_BurariTessenTorimonocho_003/BurariTessenTorimonocho_003_bubble_004.png,51.6,9016.7,37.7,1313.2,0,775.4,11512.6,12288.0,45,19.688
2026-04-25 16:00:54.716,MangaOCRExtractor.extract from ./tmp-new-teste/1024-95-pbt-cpu-only/crops_BurariTessenTorimonocho_003/BurariTessenTorimonocho_003_bubble_006.png,57.5,9038.2,37.8,1313.2,0,775.4,11512.6,12288.0,45,19.767
2026-04-25 16:00:55.217,MangaOCRExtractor.extract from ./tmp-new-teste/1024-95-pbt-cpu-only/crops_BurariTessenTorimonocho_003/BurariTessenTorimonocho_003_bubble_007.png,58.6,9033.6,37.8,1313.2,41,768.1,11519.9,12288.0,46,19.824
2026-04-25 16:00:55.718,MangaOCRExtractor.extract from ./tmp-new-teste/1024-95-pbt-cpu-only/crops_BurariTessenTorimonocho_003/BurariTessenTorimonocho_003_bubble_009.png,58.5,9044.7,37.8,1313.3,17,767.2,11520.8,12288.0,45,19.654
2026-04-25 16:00:56.219,MangaOCRExtractor.extract from ./tmp-new-teste/1024-95-pbt-cpu-only/crops_BurariTessenTorimonocho_003/BurariTessenTorimonocho_003_bubble_010.png,67.0,9063.4,37.9,1313.3,7,760.5,11527.5,12288.0,45,19.762
2026-04-25 16:00:56.720,MangaOCRExtractor.extract from ./tmp-new-teste/1024-95-pbt-cpu-only/crops_BurariTessenTorimonocho_003/BurariTessenTorimonocho_003_bubble_011.png,62.5,9054.4,37.9,1314.0,50,770.0,11518.0,12288.0,46,19.843
2026-04-25 16:00:57.221,MangaOCRExtractor.extract from ./tmp-new-teste/1024-95-pbt-cpu-only/crops_BurariTessenTorimonocho_003/BurariTessenTorimonocho_003_bubble_012.png,59.5,9085.1,38.0,1314.1,45,775.4,11512.6,12288.0,46,20.458
2026-04-25 16:00:57.722,MangaOCRExtractor.extract from ./tmp-new-teste/1024-95-pbt-cpu-only/crops_BurariTessenTorimonocho_003/BurariTessenTorimonocho_003_bubble_013.png,52.2,9089.3,38.0,1314.1,0,775.4,11512.6,12288.0,45,20.537
2026-04-25 16:00:58.223,MangaOCRExtractor.extract from ./tmp-new-teste/1024-95-pbt-cpu-only/crops_BurariTessenTorimonocho_003/BurariTessenTorimonocho_003_bubble_014.png,58.8,9085.9,38.0,1314.1,0,774.1,11513.9,12288.0,45,19.765
2026-04-25 16:00:58.724,Translating のけーハゲー,25.3,8944.0,37.4,1167.3,0,773.1,11514.9,12288.0,45,19.677
2026-04-25 16:00:59.225,Translating のけーハゲー,82.1,8978.6,37.5,1167.3,42,772.2,11515.8,12288.0,46,20.323
2026-04-25 16:00:59.727,Translating のけーハゲー,64.3,8973.5,37.5,1167.3,41,772.4,11515.6,12288.0,46,21.014
2026-04-25 16:01:00.229,Translating 単純な殺しだ目撃者もいる,59.4,8978.1,37.5,1167.3,20,776.9,11511.1,12288.0,46,21.865
2026-04-25 16:01:00.730,Translating 単純な殺しだ目撃者もいる,41.6,8972.6,37.5,1167.3,0,775.4,11512.6,12288.0,46,22.181
2026-04-25 16:01:01.232,Translating 単純な殺しだ目撃者もいる,55.4,8937.7,37.4,1167.3,21,775.4,11512.6,12288.0,46,21.827
2026-04-25 16:01:01.734,Translating 単純な殺しだ目撃者もいる,55.7,8941.9,37.4,1167.3,0,771.1,11516.9,12288.0,45,21.573
2026-04-25 16:01:02.236,Translating 遊んでおいきよ．．．,50.6,8934.4,37.4,1167.3,44,770.9,11517.1,12288.0,46,21.511
2026-04-25 16:01:02.737,Translating 遊んでおいきよ．．．,55.5,8931.8,37.3,1167.3,42,771.1,11516.9,12288.0,46,21.0
2026-04-25 16:01:03.239,Translating 下手人ってのは．．．？,54.3,8924.2,37.3,1167.4,1,771.1,11516.9,12288.0,45,20.806
2026-04-25 16:01:03.740,Translating 下手人ってのは．．．？,42.3,8931.9,37.3,1167.4,0,771.0,11517.0,12288.0,45,19.974
2026-04-25 16:01:04.241,Translating 下手人ってのは．．．？,56.4,8921.5,37.3,1167.4,14,767.1,11520.9,12288.0,46,19.872
2026-04-25 16:01:04.743,Translating おーい見えねーぞ,52.3,8903.2,37.2,1167.4,0,755.0,11533.0,12288.0,45,19.817
2026-04-25 16:01:05.244,Translating おーい見えねーぞ,41.1,8895.8,37.2,1167.4,0,754.2,11533.8,12288.0,45,19.529
2026-04-25 16:01:05.746,Translating な．．．なんでェ乱暴なやろーだなー,51.5,8879.8,37.1,1167.4,0,754.1,11533.9,12288.0,45,19.325
2026-04-25 16:01:06.247,Translating な．．．なんでェ乱暴なやろーだなー,47.7,8876.1,37.1,1167.4,46,755.1,11532.9,12288.0,46,19.904
2026-04-25 16:01:06.748,Translating な．．．なんでェ乱暴なやろーだなー,58.4,8880.1,37.1,1167.4,42,755.1,11532.9,12288.0,46,20.873
2026-04-25 16:01:07.250,Translating な．．．なんでェ乱暴なやろーだなー,58.2,8877.4,37.1,1167.4,33,764.8,11523.2,12288.0,46,20.921
2026-04-25 16:01:07.752,Translating お光さんが．．．殺しを．．．,49.5,8884.1,37.1,1167.4,41,764.7,11523.3,12288.0,46,20.849
2026-04-25 16:01:08.253,Translating お光さんが．．．殺しを．．．,68.4,8893.6,37.2,1167.4,42,780.2,11507.8,12288.0,46,21.198
2026-04-25 16:01:08.756,Translating お光さんが．．．殺しを．．．,61.3,8905.8,37.2,1167.4,19,780.5,11507.5,12288.0,46,21.692
2026-04-25 16:01:09.258,Translating 桜の木の下でかいそいつもオツだねェ,64.0,8912.9,37.3,1167.4,21,778.9,11509.1,12288.0,46,22.166
2026-04-25 16:01:09.758,Translating 桜の木の下でかいそいつもオツだねェ,52.8,8916.0,37.3,1167.4,21,778.4,11509.6,12288.0,46,22.532
2026-04-25 16:01:10.260,Translating 桜の木の下でかいそいつもオツだねェ,53.2,8909.9,37.3,1167.4,0,778.4,11509.6,12288.0,46,22.045
2026-04-25 16:01:10.762,Translating 桜の木の下でかいそいつもオツだねェ,54.2,8912.7,37.3,1167.4,0,778.4,11509.6,12288.0,45,20.518
2026-04-25 16:01:11.264,Translating ン．．．どうした鉄扇！顔色が悪いぞ．．．,54.6,8906.7,37.2,1167.4,7,776.3,11511.7,12288.0,46,19.571
2026-04-25 16:01:11.767,Translating ン．．．どうした鉄扇！顔色が悪いぞ．．．,45.8,8908.0,37.2,1167.4,16,775.4,11512.6,12288.0,45,19.681
2026-04-25 16:01:12.267,Translating ン．．．どうした鉄扇！顔色が悪いぞ．．．,57.1,8917.7,37.3,1167.4,34,776.0,11512.0,12288.0,46,19.611
2026-04-25 16:01:12.769,Translating ン．．．どうした鉄扇！顔色が悪いぞ．．．,56.6,8918.3,37.3,1167.4,43,775.4,11512.6,12288.0,46,20.222
2026-04-25 16:01:13.271,Translating ン．．．どうした鉄扇！顔色が悪いぞ．．．,57.7,8916.4,37.3,1167.4,15,765.0,11523.0,12288.0,46,20.908
2026-04-25 16:01:13.772,Translating おう．．．どうした鉄の字そんなにあわてて,48.3,8911.8,37.3,1167.4,37,764.8,11523.2,12288.0,45,20.518
2026-04-25 16:01:14.273,Translating おう．．．どうした鉄の字そんなにあわてて,50.8,8904.3,37.2,1167.4,0,764.1,11523.9,12288.0,46,19.649
2026-04-25 16:01:14.774,Translating おう．．．どうした鉄の字そんなにあわてて,57.9,8906.9,37.2,1167.4,44,765.7,11522.3,12288.0,46,19.588
2026-04-25 16:01:15.276,Translating おう．．．どうした鉄の字そんなにあわてて,55.7,8887.0,37.2,1167.4,48,765.7,11522.3,12288.0,46,20.406
2026-04-25 16:01:15.777,Translating おう．．．どうした鉄の字そんなにあわてて,69.5,8949.5,37.4,1167.4,3,766.4,11521.6,12288.0,46,21.384
2026-04-25 16:01:16.279,Translating ど．．．どうしたお姉ちゃん！！おい！！,66.6,9053.9,37.9,1167.4,8,766.4,11521.6,12288.0,46,21.358
2026-04-25 16:01:16.780,Translating ど．．．どうしたお姉ちゃん！！おい！！,66.2,9066.3,37.9,1167.4,3,765.8,11522.2,12288.0,45,20.93
2026-04-25 16:01:17.282,Translating ど．．．どうしたお姉ちゃん！！おい！！,75.5,9098.2,38.0,1167.4,4,765.5,11522.5,12288.0,45,20.561
2026-04-25 16:01:17.783,Translating ど．．．どうしたお姉ちゃん！！おい！！,71.7,9090.7,38.0,1167.4,21,765.5,11522.5,12288.0,45,20.027
2026-04-25 16:01:18.285,Translating 残念ながら今回ばかりはお前の出る幕はなさそうだぜ,62.3,9133.9,38.2,1167.4,18,765.5,11522.5,12288.0,45,19.478
2026-04-25 16:01:18.786,Translating 残念ながら今回ばかりはお前の出る幕はなさそうだぜ,61.7,9197.1,38.5,1167.4,1,765.5,11522.5,12288.0,45,19.504
2026-04-25 16:01:19.288,Translating 残念ながら今回ばかりはお前の出る幕はなさそうだぜ,62.2,9275.7,38.8,1167.4,0,768.5,11519.5,12288.0,45,19.31
2026-04-25 16:01:19.789,Translating 残念ながら今回ばかりはお前の出る幕はなさそうだぜ,54.2,9271.4,38.8,1167.4,1,767.1,11520.9,12288.0,45,19.187
2026-04-25 16:01:20.291,Translating 残念ながら今回ばかりはお前の出る幕はなさそうだぜ,70.7,9266.2,38.7,1167.4,33,765.8,11522.2,12288.0,45,19.423
2026-04-25 16:01:20.792,Translating ご．．．ごめんなさいごめれなさーい,54.8,9072.2,37.9,1167.4,45,764.9,11523.1,12288.0,46,20.303
2026-04-25 16:01:21.293,Translating ご．．．ごめんなさいごめれなさーい,55.4,9072.8,37.9,1167.4,0,764.9,11523.1,12288.0,45,20.772
2026-04-25 16:01:21.794,Translating ご．．．ごめんなさいごめれなさーい,57.1,9059.1,37.9,1167.4,39,763.2,11524.8,12288.0,46,20.726
2026-04-25 16:01:22.295,Translating ご．．．ごめんなさいごめれなさーい,59.2,9063.0,37.9,1167.4,42,763.2,11524.8,12288.0,46,20.967
2026-04-25 16:01:22.797,Translating ああ．．．お光って夜鷹だ．．今は奉行所の仮牢に入れてある,49.3,9050.1,37.8,1167.4,42,762.4,11525.6,12288.0,46,21.313
2026-04-25 16:01:23.298,Translating ああ．．．お光って夜鷹だ．．今は奉行所の仮牢に入れてある,52.4,9055.6,37.9,1167.4,9,762.4,11525.6,12288.0,46,21.462
2026-04-25 16:01:23.800,Translating ああ．．．お光って夜鷹だ．．今は奉行所の仮牢に入れてある,51.4,9052.5,37.8,1167.4,1,762.4,11525.6,12288.0,46,21.185
2026-04-25 16:01:24.302,Translating ああ．．．お光って夜鷹だ．．今は奉行所の仮牢に入れてある,57.6,9049.6,37.8,1167.4,1,764.5,11523.5,12288.0,46,20.629
2026-04-25 16:01:24.803,Translating ああ．．．お光って夜鷹だ．．今は奉行所の仮牢に入れてある,58.9,9038.1,37.8,1167.4,21,766.1,11521.9,12288.0,46,21.472
2026-04-25 16:01:25.305,BubbleTypesetter._apply_cleaning,56.7,9036.8,37.8,1167.4,13,765.8,11522.2,12288.0,46,21.792
2026-04-25 16:01:25.808,BubbleTypesetter._apply_cleaning,13.5,8833.2,36.9,976.4,1,774.4,11513.6,12288.0,46,20.658
2026-04-25 16:01:26.313,BubbleTypesetter._wrap_text_pixel_width,10.0,8828.2,36.9,976.4,41,774.4,11513.6,12288.0,46,20.528
2026-04-25 16:01:26.905,BubbleTypesetter._wrap_text_pixel_width,9.4,8828.2,36.9,976.4,0,774.4,11513.6,12288.0,46,21.655
2026-04-25 16:01:27.426,BubbleTypesetter._process_bubble,11.3,8823.3,36.9,976.4,0,774.6,11513.4,12288.0,46,21.436
2026-04-25 16:01:28.624,yolo_start,0.0,8182.3,34.2,43.7,40,770.2,11517.8,12288.0,46,21.626
2026-04-25 16:01:29.152,EngineOCRFactory._setup_engine,23.7,8421.5,35.2,526.0,20,770.2,11517.8,12288.0,46,21.626
2026-04-25 16:01:29.660,EngineOCRFactory._setup_engine,9.0,8463.4,35.4,566.1,0,768.4,11519.6,12288.0,46,20.452
2026-04-25 16:01:30.167,EngineOCRFactory._setup_engine,8.7,8525.5,35.6,679.7,0,768.4,11519.6,12288.0,45,19.747
2026-04-25 16:01:30.669,EngineOCRFactory._run,12.3,8616.5,36.0,775.5,0,769.5,11518.5,12288.0,45,19.466
2026-04-25 16:01:31.170,EngineOCRFactory._run,48.3,8766.0,36.6,936.5,0,769.4,11518.6,12288.0,45,19.555
2026-04-25 16:01:31.671,EngineOCRFactory._run,21.6,8744.7,36.6,912.1,21,768.7,11519.3,12288.0,45,19.792
2026-04-25 16:01:32.171,EngineOCRFactory._run,33.6,8987.8,37.6,1189.6,8,768.7,11519.3,12288.0,45,19.901
2026-04-25 16:01:32.672,EngineOCRFactory._run,41.3,9102.9,38.1,1309.1,0,765.8,11522.2,12288.0,45,19.714
2026-04-25 16:01:33.173,MangaOCRExtractor.extract from ./tmp-new-teste/1024-95-pbt-cpu-only/crops_BurariTessenTorimonocho_004_L/BurariTessenTorimonocho_004_L_bubble_002.png,53.7,9087.3,38.0,1309.4,14,765.7,11522.3,12288.0,45,19.503
2026-04-25 16:01:33.673,MangaOCRExtractor.extract from ./tmp-new-teste/1024-95-pbt-cpu-only/crops_BurariTessenTorimonocho_004_L/BurariTessenTorimonocho_004_L_bubble_004.png,52.8,9089.0,38.0,1309.4,0,760.8,11527.2,12288.0,45,19.352
2026-04-25 16:01:34.174,MangaOCRExtractor.extract from ./tmp-new-teste/1024-95-pbt-cpu-only/crops_BurariTessenTorimonocho_004_L/BurariTessenTorimonocho_004_L_bubble_005.png,51.2,9084.2,38.0,1309.4,0,752.8,11535.2,12288.0,45,19.468
2026-04-25 16:01:34.675,MangaOCRExtractor.extract from ./tmp-new-teste/1024-95-pbt-cpu-only/crops_BurariTessenTorimonocho_004_L/BurariTessenTorimonocho_004_L_bubble_006.png,60.4,9029.2,37.8,1309.4,14,752.8,11535.2,12288.0,45,19.491
2026-04-25 16:01:35.176,MangaOCRExtractor.extract from ./tmp-new-teste/1024-95-pbt-cpu-only/crops_BurariTessenTorimonocho_004_L/BurariTessenTorimonocho_004_L_bubble_007.png,51.6,9022.4,37.7,1309.4,0,752.8,11535.2,12288.0,45,19.334
2026-04-25 16:01:35.677,MangaOCRExtractor.extract from ./tmp-new-teste/1024-95-pbt-cpu-only/crops_BurariTessenTorimonocho_004_L/BurariTessenTorimonocho_004_L_bubble_009.png,51.2,9022.8,37.7,1309.5,0,752.8,11535.2,12288.0,45,19.324
2026-04-25 16:01:36.178,MangaOCRExtractor.extract from ./tmp-new-teste/1024-95-pbt-cpu-only/crops_BurariTessenTorimonocho_004_L/BurariTessenTorimonocho_004_L_bubble_009.png,51.0,9014.9,37.7,1309.9,0,752.8,11535.2,12288.0,46,19.44
2026-04-25 16:01:36.679,MangaOCRExtractor.extract from ./tmp-new-teste/1024-95-pbt-cpu-only/crops_BurariTessenTorimonocho_004_R/BurariTessenTorimonocho_004_R_bubble_011.png,52.9,9016.4,37.7,1310.2,0,752.8,11535.2,12288.0,45,19.414
2026-04-25 16:01:37.180,MangaOCRExtractor.extract from ./tmp-new-teste/1024-95-pbt-cpu-only/crops_BurariTessenTorimonocho_004_R/BurariTessenTorimonocho_004_R_bubble_012.png,50.8,9008.9,37.7,1310.3,15,752.8,11535.2,12288.0,45,19.473
2026-04-25 16:01:37.681,MangaOCRExtractor.extract from ./tmp-new-teste/1024-95-pbt-cpu-only/crops_BurariTessenTorimonocho_004_R/BurariTessenTorimonocho_004_R_bubble_013.png,51.1,9009.6,37.7,1310.3,0,752.8,11535.2,12288.0,45,19.411
2026-04-25 16:01:38.182,MangaOCRExtractor.extract from ./tmp-new-teste/1024-95-pbt-cpu-only/crops_BurariTessenTorimonocho_004_R/BurariTessenTorimonocho_004_R_bubble_014.png,51.5,9003.9,37.6,1310.3,0,752.8,11535.2,12288.0,45,19.393
2026-04-25 16:01:38.683,MangaOCRExtractor.extract from ./tmp-new-teste/1024-95-pbt-cpu-only/crops_BurariTessenTorimonocho_004_R/BurariTessenTorimonocho_004_R_bubble_015.png,51.4,9004.9,37.6,1311.7,15,752.8,11535.2,12288.0,45,19.519
2026-04-25 16:01:39.184,MangaOCRExtractor.extract from ./tmp-new-teste/1024-95-pbt-cpu-only/crops_BurariTessenTorimonocho_004_R/BurariTessenTorimonocho_004_R_bubble_016.png,50.9,8994.6,37.6,1311.7,17,752.8,11535.2,12288.0,45,19.496
2026-04-25 16:01:39.685,MangaOCRExtractor.extract from ./tmp-new-teste/1024-95-pbt-cpu-only/crops_BurariTessenTorimonocho_004_R/BurariTessenTorimonocho_004_R_bubble_016.png,51.8,8994.9,37.6,1313.0,0,752.8,11535.2,12288.0,45,19.444
2026-04-25 16:01:40.186,Translating お光さん！,16.8,8911.3,37.3,1238.0,1,752.8,11535.2,12288.0,45,19.499
2026-04-25 16:01:40.687,Translating お光さん！,51.0,8923.5,37.3,1238.0,0,752.8,11535.2,12288.0,45,19.563
2026-04-25 16:01:41.188,Translating お光さん！！,54.7,8916.5,37.3,1238.1,1,752.8,11535.2,12288.0,45,19.528
2026-04-25 16:01:41.691,Translating お光さん！！,42.7,8923.2,37.3,1238.1,28,752.8,11535.2,12288.0,45,19.44
2026-04-25 16:01:42.192,Translating かわいそうに．．．,51.8,8919.8,37.3,1238.1,1,752.8,11535.2,12288.0,45,19.399
2026-04-25 16:01:42.694,Translating かわいそうに．．．,42.3,8931.5,37.3,1238.1,4,752.8,11535.2,12288.0,45,19.411
2026-04-25 16:01:43.196,Translating は．．．放して下さいお願いですから！！,48.9,8931.7,37.3,1238.1,8,752.8,11535.2,12288.0,45,19.375
2026-04-25 16:01:43.696,Translating は．．．放して下さいお願いですから！！,48.6,8931.5,37.3,1238.1,0,752.8,11535.2,12288.0,45,19.424
2026-04-25 16:01:44.198,Translating あたし達にホンのちょっとでも余裕があればねェ,53.7,8935.2,37.4,1238.1,0,752.8,11535.2,12288.0,45,19.385
2026-04-25 16:01:44.700,Translating あたし達にホンのちょっとでも余裕があればねェ,41.0,8925.1,37.3,1238.1,0,752.8,11535.2,12288.0,45,19.305
2026-04-25 16:01:45.202,Translating あたし達にホンのちょっとでも余裕があればねェ,50.8,8921.6,37.3,1238.1,0,752.8,11535.2,12288.0,45,19.292
2026-04-25 16:01:45.703,Translating あたし達にホンのちょっとでも余裕があればねェ,51.0,8901.1,37.2,1238.1,0,752.8,11535.2,12288.0,45,19.204
2026-04-25 16:01:46.205,Translating それでも利息を払うので精一杯みたいだったよ．．．,44.2,8875.3,37.1,1238.1,0,752.8,11535.2,12288.0,45,19.32
2026-04-25 16:01:46.706,Translating それでも利息を払うので精一杯みたいだったよ．．．,51.5,8887.7,37.2,1238.1,0,752.8,11535.2,12288.0,45,19.304
2026-04-25 16:01:47.207,Translating それでも利息を払うので精一杯みたいだったよ．．．,50.8,8891.2,37.2,1238.1,0,752.8,11535.2,12288.0,45,19.149
2026-04-25 16:01:47.708,Translating それでも利息を払うので精一杯みたいだったよ．．．,51.9,8885.4,37.1,1238.1,0,752.8,11535.2,12288.0,45,19.178
2026-04-25 16:01:48.210,Translating 私が働かないとあの子が．．．お幸が．．．！！,45.1,8881.3,37.1,1238.1,0,752.8,11535.2,12288.0,45,19.276
2026-04-25 16:01:48.711,Translating 私が働かないとあの子が．．．お幸が．．．！！,50.7,8883.6,37.1,1238.1,0,752.8,11535.2,12288.0,45,19.26
2026-04-25 16:01:49.213,Translating 私が働かないとあの子が．．．お幸が．．．！！,51.9,8885.5,37.1,1238.1,0,752.8,11535.2,12288.0,45,19.2
2026-04-25 16:01:49.715,Translating 私が働かないとあの子が．．．お幸が．．．！！,50.9,8880.2,37.1,1238.1,0,752.8,11535.2,12288.0,45,19.195
2026-04-25 16:01:50.217,Translating だ．．．だめだよお光さんそんな体でどこへ！？,52.1,8873.8,37.1,1238.1,3,752.8,11535.2,12288.0,45,19.09
2026-04-25 16:01:50.719,Translating だ．．．だめだよお光さんそんな体でどこへ！？,41.0,8873.7,37.1,1238.1,0,752.8,11535.2,12288.0,45,19.12
2026-04-25 16:01:51.220,Translating だ．．．だめだよお光さんそんな体でどこへ！？,51.3,8874.2,37.1,1238.1,0,752.8,11535.2,12288.0,45,19.192
2026-04-25 16:01:51.721,Translating だ．．．だめだよお光さんそんな体でどこへ！？,52.2,8878.3,37.1,1238.1,0,752.8,11535.2,12288.0,45,19.11
2026-04-25 16:01:52.223,Translating だ．．．だめだよお光さんそんな体でどこへ！？,51.8,8875.0,37.1,1238.1,0,752.8,11535.2,12288.0,45,19.148
2026-04-25 16:01:52.725,Translating わかったから利息分くらいあたしがなんとかする！！だから今は体を休めて！！,43.4,8870.4,37.1,1238.1,0,752.8,11535.2,12288.0,45,19.213
2026-04-25 16:01:53.225,Translating わかったから利息分くらいあたしがなんとかする！！だから今は体を休めて！！,50.5,8875.2,37.1,1238.1,0,752.8,11535.2,12288.0,45,19.237
2026-04-25 16:01:53.727,Translating わかったから利息分くらいあたしがなんとかする！！だから今は体を休めて！！,51.0,8865.3,37.1,1238.1,0,752.8,11535.2,12288.0,45,19.208
2026-04-25 16:01:54.229,Translating わかったから利息分くらいあたしがなんとかする！！だから今は体を休めて！！,50.7,8856.8,37.0,1238.1,0,752.8,11535.2,12288.0,45,19.262
2026-04-25 16:01:54.730,Translating わかったから利息分くらいあたしがなんとかする！！だから今は体を休めて！！,50.2,8869.5,37.1,1238.1,0,752.8,11535.2,12288.0,45,19.28
2026-04-25 16:01:55.232,Translating わかったから利息分くらいあたしがなんとかする！！だから今は体を休めて！！,51.9,8874.6,37.1,1238.1,0,752.8,11535.2,12288.0,45,19.305
2026-04-25 16:01:55.734,Translating このまま放っておけば、命はなかったでしょう,46.6,8862.6,37.1,1238.1,0,752.8,11535.2,12288.0,45,19.358
2026-04-25 16:01:56.236,Translating このまま放っておけば、命はなかったでしょう,51.7,8866.9,37.1,1238.1,0,752.8,11535.2,12288.0,45,19.364
2026-04-25 16:01:56.738,Translating このまま放っておけば、命はなかったでしょう,52.9,8866.8,37.1,1238.1,0,752.8,11535.2,12288.0,45,19.337
2026-04-25 16:01:57.240,Translating このまま放っておけば、命はなかったでしょう,51.1,8875.7,37.1,1238.1,0,752.8,11535.2,12288.0,45,19.321
2026-04-25 16:01:57.742,Translating もうそれからはお幸ちゃんを取り戻すためになりふりかまわずサ,45.4,8848.3,37.0,1238.1,0,752.8,11535.2,12288.0,45,19.374
2026-04-25 16:01:58.243,Translating もうそれからはお幸ちゃんを取り戻すためになりふりかまわずサ,51.9,8849.0,37.0,1238.1,7,752.8,11535.2,12288.0,45,19.411
2026-04-25 16:01:58.745,Translating もうそれからはお幸ちゃんを取り戻すためになりふりかまわずサ,50.5,8849.4,37.0,1238.1,0,752.8,11535.2,12288.0,45,19.332
2026-04-25 16:01:59.247,Translating もうそれからはお幸ちゃんを取り戻すためになりふりかまわずサ,49.7,8839.3,37.0,1238.1,0,752.8,11535.2,12288.0,45,19.234
2026-04-25 16:01:59.748,Translating 随分と無理をしているみたいですな過労から肺炎を起こしてしる．．．,43.4,8846.4,37.0,1238.1,15,752.8,11535.2,12288.0,45,19.226
2026-04-25 16:02:00.249,Translating 随分と無理をしているみたいですな過労から肺炎を起こしてしる．．．,50.6,8850.4,37.0,1238.1,0,752.8,11535.2,12288.0,45,19.27
2026-04-25 16:02:00.750,Translating 随分と無理をしているみたいですな過労から肺炎を起こしてしる．．．,50.7,8851.7,37.0,1238.1,0,752.8,11535.2,12288.0,45,19.254
2026-04-25 16:02:01.252,Translating 随分と無理をしているみたいですな過労から肺炎を起こしてしる．．．,52.2,8850.7,37.0,1238.1,15,752.8,11535.2,12288.0,45,19.244
2026-04-25 16:02:01.754,Translating 随分と無理をしているみたいですな過労から肺炎を起こしてしる．．．,52.2,8856.8,37.0,1238.1,0,752.8,11535.2,12288.0,45,19.183
2026-04-25 16:02:02.255,Translating その時医者にかかった費用もバカンなんないくらいあってとうとう一人娘のお幸ちゃんを借金のカタに取られちゃったんだよ,51.2,8855.1,37.0,1238.1,0,752.8,11535.2,12288.0,45,19.121
2026-04-25 16:02:02.756,Translating その時医者にかかった費用もバカンなんないくらいあってとうとう一人娘のお幸ちゃんを借金のカタに取られちゃったんだよ,43.3,8842.9,37.0,1238.1,15,752.8,11535.2,12288.0,45,19.282
2026-04-25 16:02:03.257,Translating その時医者にかかった費用もバカンなんないくらいあってとうとう一人娘のお幸ちゃんを借金のカタに取られちゃったんだよ,50.7,8841.2,37.0,1238.1,0,752.8,11535.2,12288.0,45,19.353
2026-04-25 16:02:03.759,Translating その時医者にかかった費用もバカンなんないくらいあってとうとう一人娘のお幸ちゃんを借金のカタに取られちゃったんだよ,50.7,8845.4,37.0,1238.1,0,752.8,11535.2,12288.0,45,19.149
2026-04-25 16:02:04.261,Translating その時医者にかかった費用もバカンなんないくらいあってとうとう一人娘のお幸ちゃんを借金のカタに取られちゃったんだよ,51.8,8842.3,37.0,1238.1,0,752.8,11535.2,12288.0,45,18.998
2026-04-25 16:02:04.763,Translating その時医者にかかった費用もバカンなんないくらいあってとうとう一人娘のお幸ちゃんを借金のカタに取られちゃったんだよ,50.2,8846.7,37.0,1238.1,0,752.8,11535.2,12288.0,45,19.097
2026-04-25 16:02:05.265,Translating その時医者にかかった費用もバカンなんないくらいあってとうとう一人娘のお幸ちゃんを借金のカタに取られちゃったんだよ,51.4,8849.3,37.0,1238.1,0,752.8,11535.2,12288.0,45,19.136
2026-04-25 16:02:05.766,Translating その時医者にかかった費用もバカンなんないくらいあってとうとう一人娘のお幸ちゃんを借金のカタに取られちゃったんだよ,51.9,8843.5,37.0,1238.1,0,752.8,11535.2,12288.0,45,19.037
2026-04-25 16:02:06.268,Translating いや！！急激な,53.4,8858.0,37.0,1238.1,2,752.8,11535.2,12288.0,45,19.026
2026-04-25 16:02:06.771,Translating いや！！急激な,43.8,8858.8,37.0,1238.1,0,752.8,11535.2,12288.0,45,19.106
2026-04-25 16:02:07.273,Translating いや！！急激な,51.2,8859.6,37.0,1238.1,0,752.8,11535.2,12288.0,45,19.108
2026-04-25 16:02:07.774,Translating お光ちゃんああ．．あの人は本当によくやってるよ前は親子三人で仲むつまじく暮らしてたんだけどね旦那が病気ンなって死んじゃってサ,44.3,8838.4,37.0,1238.1,0,752.8,11535.2,12288.0,45,19.126
2026-04-25 16:02:08.275,Translating お光ちゃんああ．．あの人は本当によくやってるよ前は親子三人で仲むつまじく暮らしてたんだけどね旦那が病気ンなって死んじゃってサ,50.7,8838.9,37.0,1238.1,0,752.8,11535.2,12288.0,45,19.172
2026-04-25 16:02:08.776,Translating お光ちゃんああ．．あの人は本当によくやってるよ前は親子三人で仲むつまじく暮らしてたんだけどね旦那が病気ンなって死んじゃってサ,50.7,8839.5,37.0,1238.1,0,752.8,11535.2,12288.0,45,19.143
2026-04-25 16:02:09.278,Translating お光ちゃんああ．．あの人は本当によくやってるよ前は親子三人で仲むつまじく暮らしてたんだけどね旦那が病気ンなって死んじゃってサ,51.9,8843.6,37.0,1238.1,0,752.8,11535.2,12288.0,45,19.25
2026-04-25 16:02:09.780,Translating お光ちゃんああ．．あの人は本当によくやってるよ前は親子三人で仲むつまじく暮らしてたんだけどね旦那が病気ンなって死んじゃってサ,51.0,8850.5,37.0,1238.1,0,752.8,11535.2,12288.0,45,19.269
2026-04-25 16:02:10.282,Translating お光ちゃんああ．．あの人は本当によくやってるよ前は親子三人で仲むつまじく暮らしてたんだけどね旦那が病気ンなって死んじゃってサ,50.7,8851.0,37.0,1238.1,0,752.8,11535.2,12288.0,45,19.178
2026-04-25 16:02:10.784,Translating お光ちゃんああ．．あの人は本当によくやってるよ前は親子三人で仲むつまじく暮らしてたんだけどね旦那が病気ンなって死んじゃってサ,51.2,8841.7,37.0,1238.1,0,752.8,11535.2,12288.0,45,19.143
2026-04-25 16:02:11.286,Translating お光ちゃんああ．．あの人は本当によくやってるよ前は親子三人で仲むつまじく暮らしてたんだけどね旦那が病気ンなって死んじゃってサ,50.3,8842.2,37.0,1238.1,0,752.8,11535.2,12288.0,45,19.118
2026-04-25 16:02:11.788,Translating お光ちゃんああ．．あの人は本当によくやってるよ前は親子三人で仲むつまじく暮らしてたんだけどね旦那が病気ンなって死んじゃってサ,51.8,8833.4,36.9,1238.1,0,752.8,11535.2,12288.0,45,19.158
2026-04-25 16:02:12.290,Translating お光ちゃんああ．．あの人は本当によくやってるよ前は親子三人で仲むつまじく暮らしてたんだけどね旦那が病気ンなって死んじゃってサ,52.2,8826.9,36.9,1238.1,0,752.8,11535.2,12288.0,45,19.212
2026-04-25 16:02:12.797,BubbleTypesetter._process_bubble,21.7,8827.4,36.9,1245.1,0,752.8,11535.2,12288.0,45,19.251
2026-04-25 16:02:13.330,BubbleTypesetter._apply_cleaning,8.5,8827.9,36.9,1245.1,0,752.8,11535.2,12288.0,45,19.159
2026-04-25 16:02:13.835,BubbleTypesetter._apply_cleaning,8.9,8827.9,36.9,1245.1,0,752.8,11535.2,12288.0,45,19.134
2026-04-25 16:02:14.340,BubbleTypesetter._wrap_text_pixel_width,8.9,8828.4,36.9,1245.1,0,752.8,11535.2,12288.0,45,19.095
2026-04-25 16:02:15.586,yolo_start,50.0,7950.0,33.2,40.6,0,750.0,11538.0,12288.0,45,19.176
2026-04-25 16:02:16.104,EngineOCRFactory._setup_engine,21.8,8197.4,34.3,526.6,15,750.0,11538.0,12288.0,45,19.259
2026-04-25 16:02:16.606,EngineOCRFactory._setup_engine,9.9,8223.3,34.4,566.2,0,750.0,11538.0,12288.0,45,19.141
2026-04-25 16:02:17.115,EngineOCRFactory._setup_engine,8.9,8294.0,34.7,679.6,0,750.0,11538.0,12288.0,45,19.138
2026-04-25 16:02:17.617,EngineOCRFactory._run,12.8,8404.8,35.1,777.9,0,752.8,11535.2,12288.0,45,19.098
2026-04-25 16:02:18.120,EngineOCRFactory._run,48.2,8640.4,36.1,946.8,44,752.8,11535.2,12288.0,45,19.321
2026-04-25 16:02:18.622,EngineOCRFactory._run,22.2,8730.8,36.5,1024.6,0,752.8,11535.2,12288.0,45,19.453
2026-04-25 16:02:19.123,EngineOCRFactory._run,25.2,8905.0,37.2,1200.0,0,752.8,11535.2,12288.0,45,19.499
2026-04-25 16:02:19.623,EngineOCRFactory._run,33.8,9017.7,37.7,1319.5,0,752.8,11535.2,12288.0,45,19.174
2026-04-25 16:02:20.124,MangaOCRExtractor.extract from ./tmp-new-teste/1024-95-pbt-cpu-only/crops_EvaLady_002_L/EvaLady_002_L_bubble_002.png,51.2,9010.0,37.7,1319.7,0,752.8,11535.2,12288.0,45,19.254
2026-04-25 16:02:20.625,MangaOCRExtractor.extract from ./tmp-new-teste/1024-95-pbt-cpu-only/crops_EvaLady_002_L/EvaLady_002_L_bubble_004.png,51.1,9010.0,37.7,1319.7,15,752.8,11535.2,12288.0,45,19.406
2026-04-25 16:02:21.126,MangaOCRExtractor.extract from ./tmp-new-teste/1024-95-pbt-cpu-only/crops_EvaLady_002_L/EvaLady_002_L_bubble_006.png,51.7,9010.0,37.7,1319.8,0,752.8,11535.2,12288.0,45,19.386
2026-04-25 16:02:21.627,MangaOCRExtractor.extract from ./tmp-new-teste/1024-95-pbt-cpu-only/crops_EvaLady_002_L/EvaLady_002_L_bubble_008.png,52.1,9011.5,37.7,1319.8,5,752.8,11535.2,12288.0,45,19.478
2026-04-25 16:02:22.128,MangaOCRExtractor.extract from ./tmp-new-teste/1024-95-pbt-cpu-only/crops_EvaLady_002_R/EvaLady_002_R_bubble_009.png,51.0,9008.6,37.7,1319.8,0,752.8,11535.2,12288.0,45,19.451
2026-04-25 16:02:22.629,MangaOCRExtractor.extract from ./tmp-new-teste/1024-95-pbt-cpu-only/crops_EvaLady_002_R/EvaLady_002_R_bubble_011.png,51.7,9008.9,37.7,1319.8,1,752.8,11535.2,12288.0,45,19.372
2026-04-25 16:02:23.130,MangaOCRExtractor.extract from ./tmp-new-teste/1024-95-pbt-cpu-only/crops_EvaLady_002_R/EvaLady_002_R_bubble_012.png,51.2,8997.9,37.6,1320.6,7,752.8,11535.2,12288.0,45,19.338
2026-04-25 16:02:23.631,MangaOCRExtractor.extract from ./tmp-new-teste/1024-95-pbt-cpu-only/crops_EvaLady_002_R/EvaLady_002_R_bubble_014.png,51.2,8997.9,37.6,1320.6,3,752.8,11535.2,12288.0,45,19.335
2026-04-25 16:02:24.132,MangaOCRExtractor.extract from ./tmp-new-teste/1024-95-pbt-cpu-only/crops_EvaLady_002_R/EvaLady_002_R_bubble_015.png,51.2,8934.8,37.4,1320.6,0,752.8,11535.2,12288.0,45,19.277
2026-04-25 16:02:24.748,MangaOCRExtractor.extract from ./tmp-new-teste/1024-95-pbt-cpu-only/crops_EvaLady_002_R/EvaLady_002_R_bubble_016.png,42.5,8902.3,37.2,1270.0,16,752.8,11535.2,12288.0,45,19.354
2026-04-25 16:02:25.250,Translating チー．．,26.6,8677.3,36.3,1014.4,1,752.8,11535.2,12288.0,45,19.488
2026-04-25 16:02:25.752,Translating ニュッテップしました,45.7,8654.5,36.2,1014.4,7,752.8,11535.2,12288.0,45,19.543
2026-04-25 16:02:26.253,Translating ニュッテップしました,50.8,8658.3,36.2,1014.4,1,752.8,11535.2,12288.0,45,19.32
2026-04-25 16:02:26.755,Translating 勢い私も父が嫌いになってー,47.4,8667.7,36.2,1014.4,0,752.8,11535.2,12288.0,45,19.245
2026-04-25 16:02:27.256,Translating 勢い私も父が嫌いになってー,51.8,8671.9,36.3,1014.4,1,752.8,11535.2,12288.0,45,19.337
2026-04-25 16:02:27.757,Translating 勢い私も父が嫌いになってー,50.8,8667.2,36.2,1014.4,0,752.8,11535.2,12288.0,45,19.374
2026-04-25 16:02:28.258,Translating 勢い私も父が嫌いになってー,51.2,8665.8,36.2,1014.4,1,752.8,11535.2,12288.0,45,19.319
2026-04-25 16:02:28.760,Translating 勢い私も父が嫌いになってー,51.5,8663.9,36.2,1014.4,0,752.8,11535.2,12288.0,45,19.233
2026-04-25 16:02:29.262,Translating 星の船だ．．．,44.4,8673.6,36.3,1014.4,1,752.8,11535.2,12288.0,45,19.318
2026-04-25 16:02:29.764,Translating 星の船だ．．．,50.5,8677.6,36.3,1014.4,0,752.8,11535.2,12288.0,45,19.284
2026-04-25 16:02:30.266,Translating 教師でもある父は勉強もせず星を観てばかりいる兄を許せないらしい,51.2,8662.9,36.2,1014.4,1,752.8,11535.2,12288.0,45,19.186
2026-04-25 16:02:30.770,Translating 教師でもある父は勉強もせず星を観てばかりいる兄を許せないらしい,44.2,8654.9,36.2,1014.4,0,752.8,11535.2,12288.0,45,19.296
2026-04-25 16:02:31.271,Translating 教師でもある父は勉強もせず星を観てばかりいる兄を許せないらしい,50.8,8646.5,36.2,1014.4,1,752.8,11535.2,12288.0,45,19.307
2026-04-25 16:02:31.773,Translating 教師でもある父は勉強もせず星を観てばかりいる兄を許せないらしい,52.5,8652.7,36.2,1014.4,0,752.8,11535.2,12288.0,45,19.204
2026-04-25 16:02:32.275,Translating 教師でもある父は勉強もせず星を観てばかりいる兄を許せないらしい,51.6,8657.6,36.2,1014.4,0,752.8,11535.2,12288.0,45,19.144
2026-04-25 16:02:32.777,Translating 教師でもある父は勉強もせず星を観てばかりいる兄を許せないらしい,50.6,8665.6,36.2,1014.4,0,752.8,11535.2,12288.0,45,19.154
2026-04-25 16:02:33.279,Translating 教師でもある父は勉強もせず星を観てばかりいる兄を許せないらしい,49.6,8662.6,36.2,1014.4,0,752.8,11535.2,12288.0,45,19.169
2026-04-25 16:02:33.780,Translating 教師でもある父は勉強もせず星を観てばかりいる兄を許せないらしい,51.7,8660.5,36.2,1014.4,0,752.8,11535.2,12288.0,45,19.18
2026-04-25 16:02:34.282,Translating ひょっとすると生物も．．．,46.0,8647.8,36.2,1014.4,0,752.8,11535.2,12288.0,45,19.2
2026-04-25 16:02:34.782,Translating ひょっとすると生物も．．．,50.9,8652.8,36.2,1014.4,0,752.8,11535.2,12288.0,45,19.165
2026-04-25 16:02:35.284,Translating 話があるちょっと来い,43.9,8602.3,36.0,1014.5,0,752.8,11535.2,12288.0,45,19.287
2026-04-25 16:02:35.787,Translating 話があるちょっと来い,50.7,8608.6,36.0,1014.5,0,752.8,11535.2,12288.0,45,19.343
2026-04-25 16:02:36.289,Translating 話があるちょっと来い,50.8,8597.9,35.9,1014.5,0,752.8,11535.2,12288.0,45,19.183
2026-04-25 16:02:36.791,Translating 待ってろ今土星がいい位置に．．．,48.8,8613.2,36.0,1014.5,0,752.8,11535.2,12288.0,45,19.285
2026-04-25 16:02:37.292,Translating 待ってろ今土星がいい位置に．．．,50.8,8610.6,36.0,1014.5,0,752.8,11535.2,12288.0,45,19.311
2026-04-25 16:02:37.794,Translating 待ってろ今土星がいい位置に．．．,50.9,8611.4,36.0,1014.5,0,752.8,11535.2,12288.0,45,19.226
2026-04-25 16:02:38.296,Translating 待ってろ今土星がいい位置に．．．,52.0,8603.3,36.0,1014.5,0,752.8,11535.2,12288.0,45,19.276
2026-04-25 16:02:38.797,Translating つかまえたぞ火星だ,42.9,8624.1,36.1,1014.5,0,752.8,11535.2,12288.0,45,19.297
2026-04-25 16:02:39.298,Translating つかまえたぞ火星だ,50.8,8616.7,36.0,1014.5,0,752.8,11535.2,12288.0,45,19.218
2026-04-25 16:02:39.800,Translating ハハ運河が見えたって人はいるけどね,45.0,8637.4,36.1,1014.5,0,752.8,11535.2,12288.0,45,19.276
2026-04-25 16:02:40.301,Translating ハハ運河が見えたって人はいるけどね,50.7,8622.8,36.1,1014.5,0,752.8,11535.2,12288.0,45,19.252
2026-04-25 16:02:40.803,Translating ハハ運河が見えたって人はいるけどね,50.9,8622.3,36.0,1014.5,0,752.8,11535.2,12288.0,45,19.132
2026-04-25 16:02:41.306,Translating わぁ赤いんだね,54.0,8608.6,36.0,1014.5,0,752.8,11535.2,12288.0,45,19.165
2026-04-25 16:02:41.807,Translating わぁ赤いんだね,40.8,8607.2,36.0,1014.5,0,752.8,11535.2,12288.0,45,19.276
2026-04-25 16:02:42.309,Translating わぁ赤いんだね,51.3,8607.6,36.0,1014.5,0,752.8,11535.2,12288.0,45,19.261
2026-04-25 16:02:42.811,Translating あそこにだれかいるの？おうちはあるかなぁ？,46.5,8604.7,36.0,1014.5,7,752.8,11535.2,12288.0,45,19.26
2026-04-25 16:02:43.312,Translating あそこにだれかいるの？おうちはあるかなぁ？,50.5,8609.2,36.0,1014.5,0,752.8,11535.2,12288.0,45,19.246
2026-04-25 16:02:43.814,Translating あそこにだれかいるの？おうちはあるかなぁ？,51.1,8598.5,35.9,1014.5,0,752.8,11535.2,12288.0,45,19.214
2026-04-25 16:02:44.315,Translating あそこにだれかいるの？おうちはあるかなぁ？,51.2,8592.9,35.9,1014.5,7,752.8,11535.2,12288.0,45,19.307
2026-04-25 16:02:44.816,Translating 紅いのは酸化してるからさ大昔は空気も水もあったんだ,47.5,8598.2,35.9,1014.5,17,752.8,11535.2,12288.0,45,19.374
2026-04-25 16:02:45.317,Translating 紅いのは酸化してるからさ大昔は空気も水もあったんだ,49.0,8606.2,36.0,1014.5,0,752.8,11535.2,12288.0,45,19.249
2026-04-25 16:02:45.818,Translating 紅いのは酸化してるからさ大昔は空気も水もあったんだ,52.2,8607.8,36.0,1014.5,7,752.8,11535.2,12288.0,45,19.19
2026-04-25 16:02:46.321,Translating 紅いのは酸化してるからさ大昔は空気も水もあったんだ,50.6,8601.2,36.0,1014.5,0,752.8,11535.2,12288.0,45,19.155
2026-04-25 16:02:46.823,Translating 紅いのは酸化してるからさ大昔は空気も水もあったんだ,52.4,8603.4,36.0,1014.5,0,752.8,11535.2,12288.0,45,19.191
2026-04-25 16:02:47.325,Translating 紅いのは酸化してるからさ大昔は空気も水もあったんだ,51.4,8607.8,36.0,1014.5,3,752.8,11535.2,12288.0,45,19.131
2026-04-25 16:02:47.831,BubbleTypesetter._process_bubble,33.0,8601.2,36.0,1021.5,0,752.8,11535.2,12288.0,45,19.185
2026-04-25 16:02:48.357,BubbleTypesetter._apply_cleaning,9.1,8601.1,36.0,1021.5,0,752.8,11535.2,12288.0,45,19.199
2026-04-25 16:02:48.862,BubbleTypesetter._process_bubble,9.0,8599.7,36.0,1021.5,0,752.8,11535.2,12288.0,45,19.08
2026-04-25 16:02:49.422,BubbleTypesetter._wrap_text_pixel_width,8.8,8599.9,36.0,1021.5,0,752.8,11535.2,12288.0,45,19.063
2026-04-25 16:02:50.201,yolo_start,100.0,7943.5,33.2,40.6,0,750.0,11538.0,12288.0,45,19.308
2026-04-25 16:02:50.716,EngineOCRFactory._setup_engine,28.2,8183.8,34.2,521.0,20,759.8,11528.2,12288.0,45,19.308
2026-04-25 16:02:51.250,EngineOCRFactory._setup_engine,9.0,8231.8,34.4,566.2,0,759.8,11528.2,12288.0,45,19.403
2026-04-25 16:02:51.758,EngineOCRFactory._setup_engine,9.2,8300.8,34.7,679.7,0,758.7,11529.3,12288.0,45,18.996
2026-04-25 16:02:52.260,EngineOCRFactory._run,12.9,8410.6,35.2,778.1,0,761.4,11526.6,12288.0,45,19.126
2026-04-25 16:02:52.764,EngineOCRFactory._run,48.0,8621.1,36.0,935.4,21,760.9,11527.1,12288.0,46,19.461
2026-04-25 16:02:53.267,EngineOCRFactory._run,25.3,8725.5,36.5,1047.2,0,760.8,11527.2,12288.0,45,19.595
2026-04-25 16:02:53.768,EngineOCRFactory._run,23.5,8882.2,37.1,1204.1,0,760.8,11527.2,12288.0,45,19.58
2026-04-25 16:02:54.268,EngineOCRFactory._run,32.9,8997.0,37.6,1317.9,14,760.8,11527.2,12288.0,45,19.454
2026-04-25 16:02:54.769,MangaOCRExtractor.extract from ./tmp-new-teste/1024-95-pbt-cpu-only/crops_EvaLady_003_L/EvaLady_003_L_bubble_001.png,51.5,9008.0,37.7,1323.7,15,760.8,11527.2,12288.0,45,19.333
2026-04-25 16:02:55.270,MangaOCRExtractor.extract from ./tmp-new-teste/1024-95-pbt-cpu-only/crops_EvaLady_003_L/EvaLady_003_L_bubble_004.png,51.8,8995.1,37.6,1323.8,0,760.8,11527.2,12288.0,45,19.404
2026-04-25 16:02:55.771,MangaOCRExtractor.extract from ./tmp-new-teste/1024-95-pbt-cpu-only/crops_EvaLady_003_R/EvaLady_003_R_bubble_006.png,51.5,8985.3,37.6,1323.8,15,752.8,11535.2,12288.0,45,19.443
2026-04-25 16:02:56.272,MangaOCRExtractor.extract from ./tmp-new-teste/1024-95-pbt-cpu-only/crops_EvaLady_003_R/EvaLady_003_R_bubble_008.png,51.2,8985.6,37.6,1323.9,8,752.8,11535.2,12288.0,45,19.34
2026-04-25 16:02:56.773,MangaOCRExtractor.extract from ./tmp-new-teste/1024-95-pbt-cpu-only/crops_EvaLady_003_R/EvaLady_003_R_bubble_010.png,55.7,8987.9,37.6,1323.9,15,757.7,11530.3,12288.0,45,19.411
2026-04-25 16:02:57.274,MangaOCRExtractor.extract from ./tmp-new-teste/1024-95-pbt-cpu-only/crops_EvaLady_003_R/EvaLady_003_R_bubble_011.png,55.0,8981.3,37.6,1323.9,45,765.9,11522.1,12288.0,46,20.178
2026-04-25 16:02:57.775,MangaOCRExtractor.extract from ./tmp-new-teste/1024-95-pbt-cpu-only/crops_EvaLady_003_R/EvaLady_003_R_bubble_013.png,53.5,8948.6,37.4,1324.7,7,765.9,11522.1,12288.0,45,20.779
2026-04-25 16:02:58.347,MangaOCRExtractor.extract from ./tmp-new-teste/1024-95-pbt-cpu-only/crops_EvaLady_003_R/EvaLady_003_R_bubble_013.png,41.4,8768.9,36.7,1091.8,0,765.9,11522.1,12288.0,45,20.245
2026-04-25 16:02:58.854,Translating ん？,29.4,8765.5,36.6,1097.2,0,764.8,11523.2,12288.0,45,19.539
2026-04-25 16:02:59.356,Translating これだー！！！,47.2,8769.6,36.7,1097.2,11,767.3,11520.7,12288.0,45,19.589
2026-04-25 16:02:59.856,Translating アタタ,45.2,8752.0,36.6,1097.2,16,767.3,11520.7,12288.0,45,19.697
2026-04-25 16:03:00.357,Translating でもなぁ．．．,52.1,8760.2,36.6,1097.3,0,767.3,11520.7,12288.0,45,19.474
2026-04-25 16:03:00.859,Translating でもなぁ．．．,42.8,8746.2,36.6,1097.3,0,766.1,11521.9,12288.0,45,19.174
2026-04-25 16:03:01.360,Translating 何か違う,46.4,8740.4,36.5,1097.3,15,766.1,11521.9,12288.0,45,19.202
2026-04-25 16:03:01.861,Translating 何か違う,56.8,8730.9,36.5,1097.3,14,765.6,11522.4,12288.0,45,19.207
2026-04-25 16:03:02.363,Translating ご苦労さん数明クン,43.8,8742.1,36.5,1097.3,14,759.8,11528.2,12288.0,45,19.382
2026-04-25 16:03:02.864,Translating ご苦労さん数明クン,55.2,8739.9,36.5,1097.3,0,759.8,11528.2,12288.0,45,19.316
2026-04-25 16:03:03.366,Translating じゃリボートは明日中に,60.0,8754.3,36.6,1097.3,1,773.9,11514.1,12288.0,45,19.072
2026-04-25 16:03:03.867,Translating じゃリボートは明日中に,50.1,8756.5,36.6,1097.3,45,774.7,11513.3,12288.0,45,19.765
2026-04-25 16:03:04.368,Translating じゃリボートは明日中に,65.7,8749.1,36.6,1097.3,40,773.3,11514.7,12288.0,46,20.731
2026-04-25 16:03:04.870,Translating 私の夢はこんなんじゃ．．．,55.3,8751.7,36.6,1097.3,16,770.6,11517.4,12288.0,45,20.75
2026-04-25 16:03:05.371,Translating 私の夢はこんなんじゃ．．．,51.5,8749.1,36.6,1097.3,0,770.6,11517.4,12288.0,45,19.929
2026-04-25 16:03:05.873,Translating フィーバック係数右起動軸から読みます,55.2,8732.4,36.5,1097.3,0,769.9,11518.1,12288.0,45,19.4
2026-04-25 16:03:06.375,Translating フィーバック係数右起動軸から読みます,41.1,8733.5,36.5,1097.3,0,769.9,11518.1,12288.0,45,19.192
2026-04-25 16:03:06.877,Translating フィーバック係数右起動軸から読みます,52.7,8738.9,36.5,1097.3,0,769.7,11518.3,12288.0,45,18.994
2026-04-25 16:03:07.379,Translating フィーバック係数右起動軸から読みます,51.6,8739.4,36.5,1097.3,4,769.7,11518.3,12288.0,45,18.949
2026-04-25 16:03:07.881,Translating 私は主由機器やシーズンがで開発品評価担当員となった,43.2,8719.9,36.5,1097.3,16,769.7,11518.3,12288.0,45,19.127
2026-04-25 16:03:08.382,Translating 私は主由機器やシーズンがで開発品評価担当員となった,51.0,8720.1,36.5,1097.3,0,769.7,11518.3,12288.0,45,19.207
2026-04-25 16:03:08.884,Translating 私は主由機器やシーズンがで開発品評価担当員となった,51.7,8720.2,36.5,1097.3,7,762.8,11525.2,12288.0,45,19.228
2026-04-25 16:03:09.386,Translating 私は主由機器やシーズンがで開発品評価担当員となった,51.2,8717.1,36.4,1097.3,0,761.6,11526.4,12288.0,45,19.168
2026-04-25 16:03:09.889,BubbleTypesetter._process_bubble,50.2,8711.7,36.4,1104.2,0,749.0,11539.0,12288.0,45,19.161
2026-04-25 16:03:10.395,BubbleTypesetter._process_bubble,9.0,8711.7,36.4,1104.2,15,749.0,11539.0,12288.0,45,19.196
2026-04-25 16:03:10.921,BubbleTypesetter._apply_cleaning,8.5,8710.7,36.4,1104.2,0,749.0,11539.0,12288.0,45,19.127
2026-04-25 16:03:11.860,yolo_start,0.0,7976.0,33.3,40.0,14,746.2,11541.8,12288.0,45,19.431
2026-04-25 16:03:12.372,EngineOCRFactory._setup_engine,24.5,8224.6,34.4,522.8,0,756.0,11532.0,12288.0,45,19.697
2026-04-25 16:03:12.902,EngineOCRFactory._setup_engine,9.0,8275.3,34.6,566.1,0,756.0,11532.0,12288.0,45,19.609
2026-04-25 16:03:13.406,EngineOCRFactory._setup_engine,9.2,8337.5,34.9,678.9,0,756.0,11532.0,12288.0,45,19.153
2026-04-25 16:03:13.908,EngineOCRFactory._run,11.6,8442.2,35.3,774.5,7,757.7,11530.3,12288.0,45,19.236
2026-04-25 16:03:14.408,EngineOCRFactory._run,49.2,8681.5,36.3,887.2,0,757.6,11530.4,12288.0,45,19.786
2026-04-25 16:03:14.911,EngineOCRFactory._run,30.6,8730.6,36.5,956.8,4,757.1,11530.9,12288.0,45,20.601
2026-04-25 16:03:15.413,EngineOCRFactory._run,19.1,8957.3,37.4,1188.9,0,757.1,11530.9,12288.0,45,21.063
2026-04-25 16:03:15.914,EngineOCRFactory._run,32.1,9062.0,37.9,1302.3,0,757.1,11530.9,12288.0,45,20.963
2026-04-25 16:03:16.415,MangaOCRExtractor.extract from ./tmp-new-teste/1024-95-pbt-cpu-only/crops_Hamlet_009_L/Hamlet_009_L_bubble_001.png,52.4,9068.9,37.9,1308.5,0,757.1,11530.9,12288.0,45,20.09
2026-04-25 16:03:16.916,MangaOCRExtractor.extract from ./tmp-new-teste/1024-95-pbt-cpu-only/crops_Hamlet_009_L/Hamlet_009_L_bubble_003.png,51.3,9047.6,37.8,1308.6,0,757.1,11530.9,12288.0,45,19.498
2026-04-25 16:03:17.416,MangaOCRExtractor.extract from ./tmp-new-teste/1024-95-pbt-cpu-only/crops_Hamlet_009_L/Hamlet_009_L_bubble_005.png,51.3,9048.1,37.8,1308.6,0,749.0,11539.0,12288.0,45,19.347
2026-04-25 16:03:17.917,MangaOCRExtractor.extract from ./tmp-new-teste/1024-95-pbt-cpu-only/crops_Hamlet_009_L/Hamlet_009_L_bubble_007.png,52.0,9037.2,37.8,1308.6,0,749.0,11539.0,12288.0,45,19.272
2026-04-25 16:03:18.419,MangaOCRExtractor.extract from ./tmp-new-teste/1024-95-pbt-cpu-only/crops_Hamlet_009_L/Hamlet_009_L_bubble_009.png,51.2,9037.7,37.8,1308.7,0,749.0,11539.0,12288.0,45,19.412
2026-04-25 16:03:18.919,MangaOCRExtractor.extract from ./tmp-new-teste/1024-95-pbt-cpu-only/crops_Hamlet_009_L/Hamlet_009_L_bubble_010.png,51.2,8997.7,37.6,1308.7,0,749.0,11539.0,12288.0,45,19.38
2026-04-25 16:03:19.420,MangaOCRExtractor.extract from ./tmp-new-teste/1024-95-pbt-cpu-only/crops_Hamlet_009_L/Hamlet_009_L_bubble_011.png,51.4,8997.7,37.6,1309.4,0,749.0,11539.0,12288.0,45,19.268
2026-04-25 16:03:19.921,MangaOCRExtractor.extract from ./tmp-new-teste/1024-95-pbt-cpu-only/crops_Hamlet_009_L/Hamlet_009_L_bubble_012.png,51.4,8998.4,37.6,1309.5,1,749.0,11539.0,12288.0,45,19.378
2026-04-25 16:03:20.422,MangaOCRExtractor.extract from ./tmp-new-teste/1024-95-pbt-cpu-only/crops_Hamlet_009_L/Hamlet_009_L_bubble_013.png,50.9,8998.7,37.6,1309.5,0,749.0,11539.0,12288.0,45,19.396
2026-04-25 16:03:20.923,MangaOCRExtractor.extract from ./tmp-new-teste/1024-95-pbt-cpu-only/crops_Hamlet_009_R/Hamlet_009_R_bubble_015.png,51.8,8994.9,37.6,1309.5,10,749.0,11539.0,12288.0,45,19.326
2026-04-25 16:03:21.424,MangaOCRExtractor.extract from ./tmp-new-teste/1024-95-pbt-cpu-only/crops_Hamlet_009_R/Hamlet_009_R_bubble_017.png,52.0,8996.5,37.6,1309.5,0,749.0,11539.0,12288.0,45,19.336
2026-04-25 16:03:21.924,MangaOCRExtractor.extract from ./tmp-new-teste/1024-95-pbt-cpu-only/crops_Hamlet_009_R/Hamlet_009_R_bubble_019.png,51.2,8993.1,37.6,1309.5,1,749.0,11539.0,12288.0,45,19.342
2026-04-25 16:03:22.425,MangaOCRExtractor.extract from ./tmp-new-teste/1024-95-pbt-cpu-only/crops_Hamlet_009_R/Hamlet_009_R_bubble_021.png,51.7,8993.1,37.6,1309.6,6,749.0,11539.0,12288.0,45,19.306
2026-04-25 16:03:22.926,MangaOCRExtractor.extract from ./tmp-new-teste/1024-95-pbt-cpu-only/crops_Hamlet_009_R/Hamlet_009_R_bubble_022.png,51.0,8956.1,37.4,1309.6,1,749.0,11539.0,12288.0,45,19.372
2026-04-25 16:03:23.427,MangaOCRExtractor.extract from ./tmp-new-teste/1024-95-pbt-cpu-only/crops_Hamlet_009_R/Hamlet_009_R_bubble_023.png,50.8,8956.1,37.4,1309.6,0,749.0,11539.0,12288.0,45,19.346
2026-04-25 16:03:23.929,MangaOCRExtractor.extract from ./tmp-new-teste/1024-95-pbt-cpu-only/crops_Hamlet_009_R/Hamlet_009_R_bubble_023.png,33.2,8676.9,36.3,1017.5,1,749.0,11539.0,12288.0,45,19.238
2026-04-25 16:03:24.430,Translating やーん,32.9,8697.0,36.4,1019.0,0,749.0,11539.0,12288.0,45,19.355
2026-04-25 16:03:24.932,Translating だれだっ,47.1,8688.2,36.3,1019.0,1,749.0,11539.0,12288.0,45,19.405
2026-04-25 16:03:25.433,Translating だれだっ,48.7,8688.4,36.3,1019.0,0,749.0,11539.0,12288.0,45,19.38
2026-04-25 16:03:25.935,Translating ホレーショですっ,45.6,8670.7,36.3,1019.0,16,749.0,11539.0,12288.0,45,19.545
2026-04-25 16:03:26.435,Translating ホレーショですっ,52.2,8670.8,36.3,1019.0,0,749.0,11539.0,12288.0,45,19.444
2026-04-25 16:03:26.937,Translating またあとでねっ,43.3,8682.0,36.3,1019.0,18,749.0,11539.0,12288.0,45,19.384
2026-04-25 16:03:27.437,Translating またあとでねっ,51.2,8686.0,36.3,1019.0,0,749.0,11539.0,12288.0,45,19.363
2026-04-25 16:03:27.939,Translating お話がありますこちらへ,46.4,8689.1,36.3,1019.0,1,749.0,11539.0,12288.0,45,19.477
2026-04-25 16:03:28.441,Translating お話がありますこちらへ,51.5,8673.5,36.3,1019.0,0,749.0,11539.0,12288.0,45,19.325
2026-04-25 16:03:28.943,Translating お話がありますこちらへ,51.2,8671.7,36.3,1019.0,1,749.0,11539.0,12288.0,45,19.289
2026-04-25 16:03:29.445,Translating お耳をじつは,45.2,8676.2,36.3,1019.0,0,749.0,11539.0,12288.0,45,19.35
2026-04-25 16:03:29.947,Translating お耳をじつは,51.6,8657.4,36.2,1019.0,1,743.0,11545.0,12288.0,45,19.294
2026-04-25 16:03:30.449,Translating 話とはなんだホーレン草,45.8,8643.0,36.1,1019.1,0,743.0,11545.0,12288.0,45,19.244
2026-04-25 16:03:30.949,Translating 話とはなんだホーレン草,49.5,8640.3,36.1,1019.1,0,743.0,11545.0,12288.0,45,19.247
2026-04-25 16:03:31.452,Translating 話とはなんだホーレン草,52.0,8642.3,36.1,1019.1,0,743.0,11545.0,12288.0,45,19.121
2026-04-25 16:03:31.953,Translating 人のなにをただ見しとるやつは,46.7,8662.6,36.2,1019.1,0,743.0,11545.0,12288.0,45,19.084
2026-04-25 16:03:32.454,Translating 人のなにをただ見しとるやつは,51.2,8666.8,36.2,1019.1,0,743.0,11545.0,12288.0,45,19.064
2026-04-25 16:03:32.956,Translating 人のなにをただ見しとるやつは,50.9,8668.0,36.2,1019.1,0,743.0,11545.0,12288.0,45,18.998
2026-04-25 16:03:33.458,Translating このマンガやたらと人物がでてややこしいなァ．．．,46.2,8665.7,36.2,1019.1,0,743.0,11545.0,12288.0,45,18.978
2026-04-25 16:03:33.958,Translating このマンガやたらと人物がでてややこしいなァ．．．,50.6,8666.4,36.2,1019.1,0,743.0,11545.0,12288.0,45,19.01
2026-04-25 16:03:34.460,Translating このマンガやたらと人物がでてややこしいなァ．．．,51.2,8669.6,36.2,1019.1,0,743.0,11545.0,12288.0,45,18.993
2026-04-25 16:03:34.962,Translating このマンガやたらと人物がでてややこしいなァ．．．,51.7,8670.6,36.3,1019.1,6,743.0,11545.0,12288.0,45,18.98
2026-04-25 16:03:35.465,Translating オフェリアさんはポロニアスさんの子どもでレアチーズの妹なのです,48.7,8651.5,36.2,1019.1,0,743.0,11545.0,12288.0,45,19.013
2026-04-25 16:03:35.965,Translating オフェリアさんはポロニアスさんの子どもでレアチーズの妹なのです,48.4,8650.7,36.2,1019.1,0,743.0,11545.0,12288.0,45,19.198
2026-04-25 16:03:36.467,Translating オフェリアさんはポロニアスさんの子どもでレアチーズの妹なのです,52.3,8656.2,36.2,1019.1,7,743.0,11545.0,12288.0,45,19.255
2026-04-25 16:03:36.969,Translating オフェリアさんはポロニアスさんの子どもでレアチーズの妹なのです,50.9,8656.9,36.2,1019.1,0,743.0,11545.0,12288.0,45,19.106
2026-04-25 16:03:37.471,Translating オフェリアさんはポロニアスさんの子どもでレアチーズの妹なのです,50.8,8658.1,36.2,1019.1,0,743.0,11545.0,12288.0,45,19.098
2026-04-25 16:03:37.973,Translating あなたの伝記をしたためておるホレーショですっ,45.5,8668.8,36.2,1019.1,17,743.0,11545.0,12288.0,45,19.213
2026-04-25 16:03:38.474,Translating あなたの伝記をしたためておるホレーショですっ,50.8,8669.2,36.2,1019.1,0,743.0,11545.0,12288.0,45,19.112
2026-04-25 16:03:38.976,Translating あなたの伝記をしたためておるホレーショですっ,51.1,8659.4,36.2,1019.1,0,743.0,11545.0,12288.0,45,19.0
2026-04-25 16:03:39.478,Translating あなたの伝記をしたためておるホレーショですっ,51.7,8659.5,36.2,1019.1,0,743.0,11545.0,12288.0,45,18.86
2026-04-25 16:03:39.980,Translating これが恋人としてのハムレットの最後とはオフェリアは知るはずもなかった,44.2,8655.3,36.2,1019.1,0,743.0,11545.0,12288.0,45,18.941
2026-04-25 16:03:40.481,Translating これが恋人としてのハムレットの最後とはオフェリアは知るはずもなかった,50.8,8659.5,36.2,1019.1,0,743.0,11545.0,12288.0,45,18.971
2026-04-25 16:03:40.983,Translating これが恋人としてのハムレットの最後とはオフェリアは知るはずもなかった,51.8,8653.1,36.2,1019.1,0,743.0,11545.0,12288.0,45,18.832
2026-04-25 16:03:41.484,Translating これが恋人としてのハムレットの最後とはオフェリアは知るはずもなかった,52.4,8655.4,36.2,1019.1,0,743.0,11545.0,12288.0,45,18.831
2026-04-25 16:03:41.986,Translating これが恋人としてのハムレットの最後とはオフェリアは知るはずもなかった,50.9,8653.2,36.2,1019.1,0,743.0,11545.0,12288.0,45,18.906
2026-04-25 16:03:42.487,Translating 大事でございますって！！,42.2,8656.0,36.2,1019.1,17,743.0,11545.0,12288.0,45,19.119
2026-04-25 16:03:42.988,Translating 大事でございますって！！,51.8,8653.8,36.2,1019.1,0,743.0,11545.0,12288.0,45,19.21
2026-04-25 16:03:43.489,Translating あっ,42.1,8642.4,36.1,1019.1,2,743.0,11545.0,12288.0,45,19.058
2026-04-25 16:03:43.990,Translating たーれだ,47.5,8647.3,36.2,1019.1,0,743.0,11545.0,12288.0,45,19.043
2026-04-25 16:03:44.491,Translating アホかしら,52.1,8652.1,36.2,1019.1,0,743.0,11545.0,12288.0,45,19.224
2026-04-25 16:03:44.992,Translating アホかしら,41.9,8667.1,36.2,1019.1,0,743.0,11545.0,12288.0,45,19.219
2026-04-25 16:03:45.495,Translating ハムレットさま！！,46.0,8658.1,36.2,1019.1,0,743.0,11545.0,12288.0,45,18.96
2026-04-25 16:03:45.995,Translating ハムレットさま,50.3,8664.4,36.2,1019.1,0,743.0,11545.0,12288.0,45,18.946
2026-04-25 16:03:46.496,Translating うんロペのお洋服きれいでしょ,42.3,8669.6,36.2,1019.1,0,743.0,11545.0,12288.0,45,19.108
2026-04-25 16:03:46.997,Translating うんロペのお洋服きれいでしょ,51.4,8674.3,36.3,1019.1,0,743.0,11545.0,12288.0,45,19.135
2026-04-25 16:03:47.498,Translating うんロペのお洋服きれいでしょ,51.2,8678.3,36.3,1019.1,0,743.0,11545.0,12288.0,45,19.115
2026-04-25 16:03:48.000,Translating うんロペのお洋服きれいでしょ,51.0,8674.2,36.3,1019.1,0,743.0,11545.0,12288.0,45,19.023
2026-04-25 16:03:48.501,Translating あらすてきなかっこうしてるのね,59.4,8674.1,36.3,1019.1,0,743.0,11545.0,12288.0,45,18.975
2026-04-25 16:03:49.006,Translating あらすてきなかっこうしてるのね,45.5,8650.5,36.2,1019.1,0,743.0,11545.0,12288.0,45,19.153
2026-04-25 16:03:49.508,Translating あらすてきなかっこうしてるのね,50.8,8654.7,36.2,1019.1,0,743.0,11545.0,12288.0,45,19.182
2026-04-25 16:03:50.009,Translating わーわかっちゃったわかつちゃつたひー,43.9,8640.8,36.1,1019.2,15,743.0,11545.0,12288.0,45,19.111
2026-04-25 16:03:50.510,Translating わーわかっちゃったわかつちゃつたひー,51.2,8632.6,36.1,1019.2,0,743.0,11545.0,12288.0,45,19.083
2026-04-25 16:03:51.012,Translating といいながらハムレットの手はあらぬところへ．．．,53.7,8641.4,36.1,1019.2,0,743.0,11545.0,12288.0,45,19.036
2026-04-25 16:03:51.514,Translating といいながらハムレットの手はあらぬところへ．．．,42.9,8647.4,36.2,1019.2,0,743.0,11545.0,12288.0,45,19.0
2026-04-25 16:03:52.016,Translating といいながらハムレットの手はあらぬところへ．．．,51.2,8647.9,36.2,1019.2,0,743.0,11545.0,12288.0,45,19.081
2026-04-25 16:03:52.519,Translating といいながらハムレットの手はあらぬところへ．．．,51.4,8638.8,36.1,1019.2,0,743.0,11545.0,12288.0,45,19.079
2026-04-25 16:03:53.020,Translating オフェリアボクは悩める少年だキミだけが心のすくいなのだョ,43.4,8652.9,36.2,1019.2,0,743.0,11545.0,12288.0,45,19.086
2026-04-25 16:03:53.521,Translating オフェリアボクは悩める少年だキミだけが心のすくいなのだョ,50.5,8652.9,36.2,1019.2,0,743.0,11545.0,12288.0,45,19.163
2026-04-25 16:03:54.023,Translating オフェリアボクは悩める少年だキミだけが心のすくいなのだョ,51.1,8657.1,36.2,1019.2,0,743.0,11545.0,12288.0,45,19.158
2026-04-25 16:03:54.525,Translating オフェリアボクは悩める少年だキミだけが心のすくいなのだョ,50.7,8661.8,36.2,1019.2,0,743.0,11545.0,12288.0,45,19.063
2026-04-25 16:03:55.027,Translating オフェリアボクは悩める少年だキミだけが心のすくいなのだョ,52.0,8662.3,36.2,1019.2,9,743.0,11545.0,12288.0,45,19.117
2026-04-25 16:03:55.534,BubbleTypesetter._apply_cleaning,25.6,8654.8,36.2,1026.1,17,743.0,11545.0,12288.0,45,19.208
2026-04-25 16:03:56.072,BubbleTypesetter._wrap_text_pixel_width,9.0,8655.0,36.2,1026.1,0,743.0,11545.0,12288.0,45,19.19
2026-04-25 16:03:56.622,BubbleTypesetter._apply_cleaning,9.5,8656.7,36.2,1026.1,7,743.0,11545.0,12288.0,45,19.142
2026-04-25 16:03:57.123,BubbleTypesetter._apply_cleaning,8.5,8657.0,36.2,1026.1,0,743.0,11545.0,12288.0,45,19.085
2026-04-25 16:03:57.623,BubbleTypesetter._apply_cleaning,9.2,8657.0,36.2,1026.1,0,743.0,11545.0,12288.0,45,19.129
2026-04-25 16:03:58.812,yolo_start,0.0,7999.0,33.4,40.1,0,740.2,11547.8,12288.0,45,19.242
2026-04-25 16:03:59.320,EngineOCRFactory._setup_engine,22.5,8248.4,34.5,524.0,7,740.2,11547.8,12288.0,45,19.408
2026-04-25 16:03:59.840,EngineOCRFactory._setup_engine,8.7,8291.8,34.7,566.3,0,740.2,11547.8,12288.0,45,19.408
2026-04-25 16:04:00.347,EngineOCRFactory._setup_engine,8.6,8353.6,34.9,678.6,0,740.2,11547.8,12288.0,45,19.193
2026-04-25 16:04:00.849,EngineOCRFactory._run,11.1,8453.9,35.3,776.2,15,743.0,11545.0,12288.0,45,19.2
2026-04-25 16:04:01.350,EngineOCRFactory._run,49.3,8698.0,36.4,888.5,0,743.0,11545.0,12288.0,45,19.43
2026-04-25 16:04:01.851,EngineOCRFactory._run,30.0,8695.0,36.4,903.7,16,743.0,11545.0,12288.0,45,19.564
2026-04-25 16:04:02.353,EngineOCRFactory._run,18.8,8961.0,37.5,1180.1,14,743.0,11545.0,12288.0,45,19.419
2026-04-25 16:04:02.853,EngineOCRFactory._run,32.7,9068.2,37.9,1293.5,0,743.0,11545.0,12288.0,45,19.325
2026-04-25 16:04:03.354,MangaOCRExtractor.extract from ./tmp-new-teste/1024-95-pbt-cpu-only/crops_Hamlet_010_L/Hamlet_010_L_bubble_001.png,51.0,9072.2,37.9,1299.7,0,743.0,11545.0,12288.0,45,19.262
2026-04-25 16:04:03.855,MangaOCRExtractor.extract from ./tmp-new-teste/1024-95-pbt-cpu-only/crops_Hamlet_010_L/Hamlet_010_L_bubble_004.png,52.0,9042.0,37.8,1299.8,15,743.0,11545.0,12288.0,45,19.424
2026-04-25 16:04:04.356,MangaOCRExtractor.extract from ./tmp-new-teste/1024-95-pbt-cpu-only/crops_Hamlet_010_L/Hamlet_010_L_bubble_005.png,51.1,9038.8,37.8,1299.8,8,743.0,11545.0,12288.0,45,19.475
2026-04-25 16:04:04.857,MangaOCRExtractor.extract from ./tmp-new-teste/1024-95-pbt-cpu-only/crops_Hamlet_010_L/Hamlet_010_L_bubble_006.png,50.9,9039.0,37.8,1299.9,16,743.0,11545.0,12288.0,45,19.346
2026-04-25 16:04:05.359,MangaOCRExtractor.extract from ./tmp-new-teste/1024-95-pbt-cpu-only/crops_Hamlet_010_R/Hamlet_010_R_bubble_008.png,52.2,9038.7,37.8,1299.9,8,743.0,11545.0,12288.0,45,19.304
2026-04-25 16:04:05.860,MangaOCRExtractor.extract from ./tmp-new-teste/1024-95-pbt-cpu-only/crops_Hamlet_010_R/Hamlet_010_R_bubble_010.png,51.2,9018.5,37.7,1299.9,14,743.0,11545.0,12288.0,45,19.314
2026-04-25 16:04:06.361,Translating ん！,15.8,8672.3,36.3,954.0,0,743.0,11545.0,12288.0,45,19.356
2026-04-25 16:04:06.862,Translating はいな,54.4,8665.3,36.2,954.0,0,743.0,11545.0,12288.0,45,19.17
2026-04-25 16:04:07.362,Translating もう三時か！,44.9,8667.7,36.2,954.0,7,743.0,11545.0,12288.0,45,19.161
2026-04-25 16:04:07.864,Translating もう三時か！,44.6,8667.5,36.2,954.0,7,743.0,11545.0,12288.0,45,19.244
2026-04-25 16:04:08.365,Translating もう三時か！,52.2,8676.0,36.3,954.0,7,743.0,11545.0,12288.0,45,19.134
2026-04-25 16:04:08.867,Translating そろそろ時間でございますな．．,46.2,8610.1,36.0,954.0,16,743.0,11545.0,12288.0,45,19.171
2026-04-25 16:04:09.367,Translating そろそろ時間でございますな．．,48.2,8608.9,36.0,954.0,7,743.0,11545.0,12288.0,45,19.258
2026-04-25 16:04:09.869,Translating 亡き王さまそっくりにヨロイカブトでこうやって．．．,55.1,8617.0,36.0,954.0,7,743.0,11545.0,12288.0,45,19.218
2026-04-25 16:04:10.370,Translating 亡き王さまそっくりにヨロイカブトでこうやって．．．,41.8,8617.5,36.0,954.0,7,743.0,11545.0,12288.0,45,19.105
2026-04-25 16:04:10.872,Translating 亡き王さまそっくりにヨロイカブトでこうやって．．．,51.2,8620.0,36.0,954.0,7,743.0,11545.0,12288.0,45,19.021
2026-04-25 16:04:11.374,Translating 亡き王さまそっくりにヨロイカブトでこうやって．．．,51.7,8607.9,36.0,954.0,7,743.0,11545.0,12288.0,45,18.878
2026-04-25 16:04:11.876,Translating 亡き王さまそっくりにヨロイカブトでこうやって．．．,52.7,8607.1,36.0,954.0,7,743.0,11545.0,12288.0,45,18.937
2026-04-25 16:04:12.378,Translating ほほほぼほんとうに亡霊が出たのかね,45.3,8604.5,36.0,954.0,7,743.0,11545.0,12288.0,45,19.042
2026-04-25 16:04:12.878,Translating ほほほぼほんとうに亡霊が出たのかね,51.1,8608.7,36.0,954.0,7,743.0,11545.0,12288.0,45,19.038
2026-04-25 16:04:13.380,Translating ほほほぼほんとうに亡霊が出たのかね,52.0,8609.2,36.0,954.0,7,743.0,11545.0,12288.0,45,18.994
2026-04-25 16:04:13.882,Translating ぜー〜,45.5,8616.5,36.0,954.0,7,743.0,11545.0,12288.0,45,19.034
2026-04-25 16:04:14.384,Translating 幽霊きらいっーん,48.4,8626.7,36.1,954.0,16,743.0,11545.0,12288.0,45,19.056
2026-04-25 16:04:14.885,Translating 幽霊きらいっーん,45.8,8625.5,36.1,954.0,7,743.0,11545.0,12288.0,45,19.149
2026-04-25 16:04:15.386,Translating 幽霊きらいっーん,51.2,8626.1,36.1,954.0,7,743.0,11545.0,12288.0,45,19.261
2026-04-25 16:04:15.888,Translating なにっ幽霊！,44.7,8620.9,36.0,954.0,7,743.0,11545.0,12288.0,45,19.22
2026-04-25 16:04:16.389,Translating なにっ幽霊！,52.0,8623.4,36.1,954.0,7,743.0,11545.0,12288.0,45,19.223
2026-04-25 16:04:16.891,Translating じつは国王陛下の幽霊が出たのです,46.1,8625.7,36.1,954.0,7,743.0,11545.0,12288.0,45,19.198
2026-04-25 16:04:17.391,Translating じつは国王陛下の幽霊が出たのです,51.1,8630.6,36.1,954.0,7,743.0,11545.0,12288.0,45,19.125
2026-04-25 16:04:17.894,BubbleTypesetter._apply_cleaning,52.3,8625.1,36.1,954.1,7,743.0,11545.0,12288.0,45,19.091
2026-04-25 16:04:18.395,BubbleTypesetter._apply_cleaning,18.6,8625.4,36.1,960.9,7,743.0,11545.0,12288.0,45,19.184
2026-04-25 16:04:18.896,BubbleTypesetter._apply_cleaning,8.8,8625.4,36.1,960.9,7,743.0,11545.0,12288.0,45,19.086
2026-04-25 16:04:19.894,yolo_start,0.0,8026.8,33.6,40.0,7,740.2,11547.8,12288.0,45,19.11
2026-04-25 16:04:20.407,EngineOCRFactory._setup_engine,21.2,8267.9,34.6,524.8,7,740.2,11547.8,12288.0,45,19.179
2026-04-25 16:04:20.911,EngineOCRFactory._setup_engine,9.2,8308.3,34.7,566.2,7,740.2,11547.8,12288.0,45,19.21
2026-04-25 16:04:21.418,EngineOCRFactory._setup_engine,8.9,8369.8,35.0,680.0,7,740.2,11547.8,12288.0,45,19.017
2026-04-25 16:04:21.920,EngineOCRFactory._run,11.1,8474.6,35.4,776.0,7,743.0,11545.0,12288.0,45,18.985
2026-04-25 16:04:22.421,EngineOCRFactory._run,49.5,8607.0,36.0,922.5,4,743.0,11545.0,12288.0,45,19.884
2026-04-25 16:04:22.921,EngineOCRFactory._run,21.8,8635.7,36.1,957.6,3,743.0,11545.0,12288.0,45,20.864
2026-04-25 16:04:23.422,EngineOCRFactory._run,25.7,8867.6,37.1,1186.5,3,743.0,11545.0,12288.0,45,20.979
2026-04-25 16:04:23.923,EngineOCRFactory._run,33.8,8980.2,37.5,1306.0,7,743.0,11545.0,12288.0,45,20.756
2026-04-25 16:04:24.424,MangaOCRExtractor.extract from ./tmp-new-teste/1024-95-pbt-cpu-only/crops_Hamlet_011_L/Hamlet_011_L_bubble_002.png,51.2,8980.5,37.5,1306.8,22,743.0,11545.0,12288.0,45,20.078
2026-04-25 16:04:24.924,MangaOCRExtractor.extract from ./tmp-new-teste/1024-95-pbt-cpu-only/crops_Hamlet_011_L/Hamlet_011_L_bubble_004.png,51.2,8981.8,37.6,1306.8,13,743.0,11545.0,12288.0,45,19.345
2026-04-25 16:04:25.425,MangaOCRExtractor.extract from ./tmp-new-teste/1024-95-pbt-cpu-only/crops_Hamlet_011_L/Hamlet_011_L_bubble_006.png,51.6,8981.8,37.6,1306.8,21,743.0,11545.0,12288.0,45,19.438
2026-04-25 16:04:25.926,MangaOCRExtractor.extract from ./tmp-new-teste/1024-95-pbt-cpu-only/crops_Hamlet_011_R/Hamlet_011_R_bubble_007.png,50.9,8981.8,37.6,1306.9,7,743.0,11545.0,12288.0,45,19.345
2026-04-25 16:04:26.427,MangaOCRExtractor.extract from ./tmp-new-teste/1024-95-pbt-cpu-only/crops_Hamlet_011_R/Hamlet_011_R_bubble_009.png,52.1,8982.3,37.6,1306.9,7,743.0,11545.0,12288.0,45,19.318
2026-04-25 16:04:26.928,MangaOCRExtractor.extract from ./tmp-new-teste/1024-95-pbt-cpu-only/crops_Hamlet_011_R/Hamlet_011_R_bubble_011.png,52.1,8981.0,37.5,1306.9,14,743.0,11545.0,12288.0,45,19.308
2026-04-25 16:04:27.429,MangaOCRExtractor.extract from ./tmp-new-teste/1024-95-pbt-cpu-only/crops_Hamlet_011_R/Hamlet_011_R_bubble_012.png,51.2,8981.4,37.6,1307.6,22,743.0,11545.0,12288.0,45,19.289
2026-04-25 16:04:27.930,MangaOCRExtractor.extract from ./tmp-new-teste/1024-95-pbt-cpu-only/crops_Hamlet_011_R/Hamlet_011_R_bubble_014.png,51.2,8980.5,37.5,1307.7,7,743.0,11545.0,12288.0,45,19.234
2026-04-25 16:04:28.430,MangaOCRExtractor.extract from ./tmp-new-teste/1024-95-pbt-cpu-only/crops_Hamlet_011_R/Hamlet_011_R_bubble_015.png,51.3,8921.2,37.3,1254.9,22,743.0,11545.0,12288.0,45,19.299
2026-04-25 16:04:28.936,Translating 秘密！！,16.9,8923.2,37.3,1261.9,7,743.0,11545.0,12288.0,45,19.233
2026-04-25 16:04:29.436,Translating その通り～～,52.5,8927.9,37.3,1261.9,8,743.0,11545.0,12288.0,45,19.15
2026-04-25 16:04:29.937,Translating 聞けい息子よ．．．,46.3,8927.4,37.3,1262.0,22,743.0,11545.0,12288.0,45,19.144
2026-04-25 16:04:30.439,Translating 聞けい息子よ．．．,43.0,8931.6,37.3,1262.0,8,743.0,11545.0,12288.0,45,19.26
2026-04-25 16:04:30.941,Translating 聞けい息子よ．．．,51.3,8931.7,37.3,1262.0,7,743.0,11545.0,12288.0,45,19.181
2026-04-25 16:04:31.443,Translating 余の死の～秘密を～～,47.0,8944.5,37.4,1262.0,18,743.0,11545.0,12288.0,45,19.193
2026-04-25 16:04:31.945,Translating 余の死の～秘密を～～,51.2,8942.6,37.4,1262.0,7,743.0,11545.0,12288.0,45,19.28
2026-04-25 16:04:32.448,Translating 知ってるかい？,44.7,8923.3,37.3,1262.0,8,743.0,11545.0,12288.0,45,19.299
2026-04-25 16:04:32.948,Translating 余の死には恐ろしくものろわしき秘密があるのじゃ,53.1,8908.1,37.2,1262.0,7,743.0,11545.0,12288.0,45,19.227
2026-04-25 16:04:33.450,Translating 余の死には恐ろしくものろわしき秘密があるのじゃ,40.4,8928.1,37.3,1262.0,8,743.0,11545.0,12288.0,45,19.29
2026-04-25 16:04:33.951,Translating 余の死には恐ろしくものろわしき秘密があるのじゃ,50.6,8927.7,37.3,1262.0,7,743.0,11545.0,12288.0,45,19.299
2026-04-25 16:04:34.453,Translating 余の死には恐ろしくものろわしき秘密があるのじゃ,52.1,8928.4,37.3,1262.0,8,743.0,11545.0,12288.0,45,19.216
2026-04-25 16:04:34.954,Translating うん！,45.9,8924.5,37.3,1262.0,8,743.0,11545.0,12288.0,45,19.19
2026-04-25 16:04:35.455,Translating おれって演技力あるなァ,51.6,8925.7,37.3,1262.0,8,743.0,11545.0,12288.0,45,19.178
2026-04-25 16:04:35.956,Translating おれって演技力あるなァ,42.4,8925.9,37.3,1262.0,7,743.0,11545.0,12288.0,45,19.164
2026-04-25 16:04:36.458,Translating おれって演技力あるなァ,52.6,8933.8,37.4,1262.0,8,743.0,11545.0,12288.0,45,19.093
2026-04-25 16:04:36.960,Translating おれって演技力あるなァ,51.0,8930.7,37.3,1262.0,6,743.0,11545.0,12288.0,45,18.979
2026-04-25 16:04:37.461,Translating とっても強そうですねっ,46.1,8926.2,37.3,1262.0,8,743.0,11545.0,12288.0,45,18.979
2026-04-25 16:04:37.963,Translating とっても強そうですねっ,51.0,8932.0,37.3,1262.0,5,743.0,11545.0,12288.0,45,19.006
2026-04-25 16:04:38.466,Translating ハハハきぜつしちゃった,43.4,8916.5,37.3,1262.0,23,743.0,11545.0,12288.0,45,19.038
2026-04-25 16:04:38.966,Translating ハハハきぜつしちゃった,51.7,8918.8,37.3,1262.0,5,743.0,11545.0,12288.0,45,19.057
2026-04-25 16:04:39.468,Translating ハハハきぜつしちゃった,50.9,8919.5,37.3,1262.0,8,743.0,11545.0,12288.0,45,19.158
2026-04-25 16:04:39.970,Translating 戦闘機なんかやっつけちゃう！,44.4,8907.7,37.2,1262.0,8,743.0,11545.0,12288.0,45,19.122
2026-04-25 16:04:40.471,Translating 戦闘機なんかやっつけちゃう！,51.6,8907.8,37.2,1262.0,5,743.0,11545.0,12288.0,45,19.052
2026-04-25 16:04:40.973,Translating 戦闘機なんかやっつけちゃう！,51.2,8894.0,37.2,1262.0,5,743.0,11545.0,12288.0,45,19.076
2026-04-25 16:04:41.475,Translating あの名古屋弁はまさしく父上！！,44.7,8901.5,37.2,1262.0,7,743.0,11545.0,12288.0,45,19.164
2026-04-25 16:04:41.976,Translating あの名古屋弁はまさしく父上！！,51.6,8910.4,37.3,1262.0,7,743.0,11545.0,12288.0,45,19.12
2026-04-25 16:04:42.478,Translating あの名古屋弁はまさしく父上！！,52.0,8905.7,37.2,1262.0,5,743.0,11545.0,12288.0,45,19.066
2026-04-25 16:04:42.980,Translating ほくはグレートマジンガーより強いのだ！,42.7,8910.9,37.3,1262.0,7,743.0,11545.0,12288.0,45,19.211
2026-04-25 16:04:43.481,Translating ほくはグレートマジンガーより強いのだ！,51.4,8909.2,37.2,1262.0,4,743.0,11545.0,12288.0,45,19.132
2026-04-25 16:04:43.983,Translating ほくはグレートマジンガーより強いのだ！,51.7,8909.2,37.2,1262.0,4,743.0,11545.0,12288.0,45,19.082
2026-04-25 16:04:44.485,Translating わーっ,46.3,8903.4,37.2,1262.0,7,743.0,11545.0,12288.0,45,19.126
2026-04-25 16:04:44.987,Translating われこそはデンマーク王の亡霊だがや～,45.3,8863.2,37.1,1262.0,7,743.0,11545.0,12288.0,45,19.159
2026-04-25 16:04:45.488,Translating われこそはデンマーク王の亡霊だがや～,52.0,8868.2,37.1,1262.0,4,743.0,11545.0,12288.0,45,19.153
2026-04-25 16:04:45.990,Translating われこそはデンマーク王の亡霊だがや～,50.9,8867.3,37.1,1262.0,3,743.0,11545.0,12288.0,45,19.122
2026-04-25 16:04:46.492,Translating われこそはデンマーク王の亡霊だがや～,51.9,8866.4,37.1,1262.0,3,743.0,11545.0,12288.0,45,19.064
2026-04-25 16:04:46.993,BubbleTypesetter._apply_cleaning,28.4,8864.9,37.1,1268.9,20,743.0,11545.0,12288.0,45,19.151
2026-04-25 16:04:47.498,BubbleTypesetter._wrap_text_pixel_width,8.8,8865.0,37.1,1269.0,7,743.0,11545.0,12288.0,45,19.208
2026-04-25 16:04:48.070,BubbleTypesetter._apply_cleaning,8.5,8863.6,37.1,1269.0,7,743.0,11545.0,12288.0,45,19.166
2026-04-25 16:04:49.350,yolo_start,0.0,7970.8,33.3,40.0,7,740.2,11547.8,12288.0,45,19.253
2026-04-25 16:04:49.862,EngineOCRFactory._setup_engine,22.6,8211.4,34.3,524.8,14,740.2,11547.8,12288.0,45,19.264
2026-04-25 16:04:50.378,EngineOCRFactory._setup_engine,8.7,8248.2,34.5,566.2,7,740.2,11547.8,12288.0,45,19.25
2026-04-25 16:04:50.885,EngineOCRFactory._setup_engine,8.9,8310.7,34.7,679.8,7,740.2,11547.8,12288.0,45,19.136
2026-04-25 16:04:51.386,EngineOCRFactory._run,10.5,8407.2,35.1,767.5,18,743.0,11545.0,12288.0,45,19.173
2026-04-25 16:04:51.887,EngineOCRFactory._run,49.6,8687.7,36.3,943.5,9,743.0,11545.0,12288.0,45,19.406
2026-04-25 16:04:52.389,EngineOCRFactory._run,22.0,8705.8,36.4,964.0,7,743.0,11545.0,12288.0,45,19.692
2026-04-25 16:04:52.889,EngineOCRFactory._run,26.4,8908.8,37.2,1162.7,7,743.0,11545.0,12288.0,45,19.504
2026-04-25 16:04:53.390,EngineOCRFactory._run,33.4,9029.3,37.8,1285.2,9,743.0,11545.0,12288.0,45,19.317
2026-04-25 16:04:53.891,MangaOCRExtractor.extract from ./tmp-new-teste/1024-95-pbt-cpu-only/crops_MemorySeijin_015_L/MemorySeijin_015_L_bubble_001.png,50.9,9030.2,37.8,1285.6,15,743.0,11545.0,12288.0,45,19.287
2026-04-25 16:04:54.393,MangaOCRExtractor.extract from ./tmp-new-teste/1024-95-pbt-cpu-only/crops_MemorySeijin_015_R/MemorySeijin_015_R_bubble_003.png,51.7,9030.6,37.8,1285.7,9,743.0,11545.0,12288.0,45,19.237
2026-04-25 16:04:54.894,MangaOCRExtractor.extract from ./tmp-new-teste/1024-95-pbt-cpu-only/crops_MemorySeijin_015_R/MemorySeijin_015_R_bubble_005.png,51.2,9023.9,37.7,1285.7,15,743.0,11545.0,12288.0,45,19.324
2026-04-25 16:04:55.394,Translating 思い出って何．．．？,20.8,8977.5,37.5,1233.6,7,743.0,11545.0,12288.0,45,19.381
2026-04-25 16:04:55.895,Translating 思い出って何．．．？,51.3,8967.5,37.5,1233.6,7,743.0,11545.0,12288.0,45,19.225
2026-04-25 16:04:56.397,Translating 記憶って一体．．．！？,43.3,8966.7,37.5,1233.6,7,743.0,11545.0,12288.0,45,19.271
2026-04-25 16:04:56.898,Translating 記憶って一体．．．！？,51.2,8945.1,37.4,1234.4,1,743.0,11545.0,12288.0,45,19.256
2026-04-25 16:04:57.399,Translating 価値感？,42.8,8944.0,37.4,1234.4,7,743.0,11545.0,12288.0,45,19.183
2026-04-25 16:04:57.900,Translating 憶えてる．．．？,48.3,8959.1,37.5,1234.4,9,743.0,11545.0,12288.0,45,19.178
2026-04-25 16:04:58.401,Translating 憶えてる．．．？,45.8,8945.4,37.4,1234.4,1,743.0,11545.0,12288.0,45,19.106
2026-04-25 16:04:58.903,Translating 忘れない．．．？,45.3,8875.6,37.1,1234.4,13,743.0,11545.0,12288.0,45,19.167
2026-04-25 16:04:59.404,Translating 忘れない．．．？,51.3,8875.6,37.1,1234.4,1,743.0,11545.0,12288.0,45,19.24
2026-04-25 16:04:59.905,BubbleTypesetter._apply_cleaning,45.1,8869.0,37.1,1241.4,18,743.0,11545.0,12288.0,45,19.293
2026-04-25 16:05:01.166,yolo_start,0.0,7986.1,33.4,40.1,7,740.2,11547.8,12288.0,45,19.357
2026-04-25 16:05:01.678,EngineOCRFactory._setup_engine,22.3,8216.0,34.4,524.5,21,740.2,11547.8,12288.0,45,19.446
2026-04-25 16:05:02.190,EngineOCRFactory._setup_engine,9.1,8259.1,34.5,566.3,7,740.2,11547.8,12288.0,45,19.352
2026-04-25 16:05:02.698,EngineOCRFactory._setup_engine,8.9,8320.8,34.8,680.6,7,740.2,11547.8,12288.0,45,19.287
2026-04-25 16:05:03.200,EngineOCRFactory._run,13.6,8429.1,35.2,782.9,7,743.0,11545.0,12288.0,45,19.175
2026-04-25 16:05:03.701,EngineOCRFactory._run,51.4,8685.7,36.3,917.1,38,743.0,11545.0,12288.0,45,19.387
2026-04-25 16:05:04.202,EngineOCRFactory._run,21.7,8652.8,36.2,897.7,7,743.0,11545.0,12288.0,45,19.565
2026-04-25 16:05:04.703,EngineOCRFactory._run,26.5,8907.2,37.2,1161.3,7,743.0,11545.0,12288.0,45,19.561
2026-04-25 16:05:05.204,EngineOCRFactory._run,34.1,9027.7,37.7,1283.8,7,743.0,11545.0,12288.0,45,19.189
2026-04-25 16:05:05.765,MangaOCRExtractor.extract from ./tmp-new-teste/1024-95-pbt-cpu-only/crops_MemorySeijin_016_L/MemorySeijin_016_L_bubble_001.png,41.5,8782.3,36.7,1013.6,7,743.0,11545.0,12288.0,45,19.172
2026-04-25 16:05:06.674,yolo_start,0.0,8106.1,33.9,40.0,7,740.2,11547.8,12288.0,45,19.532
2026-04-25 16:05:07.187,EngineOCRFactory._setup_engine,24.1,8357.9,34.9,523.8,28,752.0,11536.0,12288.0,45,19.669
2026-04-25 16:05:07.705,EngineOCRFactory._setup_engine,9.3,8401.7,35.1,566.2,7,752.0,11536.0,12288.0,45,19.582
2026-04-25 16:05:08.213,EngineOCRFactory._setup_engine,8.9,8471.3,35.4,680.0,7,752.0,11536.0,12288.0,45,19.468
2026-04-25 16:05:08.716,EngineOCRFactory._run,14.6,8619.7,36.0,841.3,7,753.6,11534.4,12288.0,45,19.236
2026-04-25 16:05:09.219,EngineOCRFactory._run,49.4,8726.9,36.5,951.1,35,753.6,11534.4,12288.0,45,19.433
2026-04-25 16:05:09.720,EngineOCRFactory._run,21.9,8717.7,36.4,956.1,7,753.1,11534.9,12288.0,45,19.556
2026-04-25 16:05:10.221,EngineOCRFactory._run,26.1,8946.8,37.4,1184.3,21,753.1,11534.9,12288.0,45,19.655
2026-04-25 16:05:10.721,EngineOCRFactory._run,33.7,9061.8,37.9,1303.8,7,753.1,11534.9,12288.0,45,19.331
2026-04-25 16:05:11.222,MangaOCRExtractor.extract from ./tmp-new-teste/1024-95-pbt-cpu-only/crops_MemorySeijin_017_L/MemorySeijin_017_L_bubble_002.png,51.7,9062.2,37.9,1304.0,7,753.1,11534.9,12288.0,45,19.242
2026-04-25 16:05:11.723,MangaOCRExtractor.extract from ./tmp-new-teste/1024-95-pbt-cpu-only/crops_MemorySeijin_017_L/MemorySeijin_017_L_bubble_004.png,52.1,9064.8,37.9,1304.1,21,753.1,11534.9,12288.0,45,19.37
2026-04-25 16:05:12.224,MangaOCRExtractor.extract from ./tmp-new-teste/1024-95-pbt-cpu-only/crops_MemorySeijin_017_R/MemorySeijin_017_R_bubble_006.png,51.0,9064.8,37.9,1304.1,7,745.0,11543.0,12288.0,45,19.342
2026-04-25 16:05:12.725,MangaOCRExtractor.extract from ./tmp-new-teste/1024-95-pbt-cpu-only/crops_MemorySeijin_017_R/MemorySeijin_017_R_bubble_008.png,52.2,9050.3,37.8,1304.1,15,745.0,11543.0,12288.0,45,19.278
2026-04-25 16:05:13.323,MangaOCRExtractor.extract from ./tmp-new-teste/1024-95-pbt-cpu-only/crops_MemorySeijin_017_R/MemorySeijin_017_R_bubble_009.png,40.3,8728.9,36.5,963.5,30,745.0,11543.0,12288.0,45,19.444
2026-04-25 16:05:13.828,Translating ん？,28.5,8678.7,36.3,969.2,7,745.0,11543.0,12288.0,45,19.296
2026-04-25 16:05:14.330,Translating 消えちゃったぁ．．．．．．,43.3,8677.3,36.3,969.5,7,745.0,11543.0,12288.0,45,19.367
2026-04-25 16:05:14.830,Translating 消えちゃったぁ．．．．．．,51.1,8685.4,36.3,969.5,1,745.0,11543.0,12288.0,45,19.242
2026-04-25 16:05:15.332,Translating ねえねえいまのみてた！？,42.6,8692.6,36.3,969.5,7,745.0,11543.0,12288.0,45,19.263
2026-04-25 16:05:15.833,Translating ねえねえいまのみてた！？,51.6,8692.9,36.3,969.5,1,745.0,11543.0,12288.0,45,19.379
2026-04-25 16:05:16.335,Translating ねえねえいまのみてた！？,50.9,8693.9,36.3,969.5,1,745.0,11543.0,12288.0,45,19.279
2026-04-25 16:05:16.837,Translating あれ？,44.9,8695.7,36.4,969.5,7,745.0,11543.0,12288.0,45,19.341
2026-04-25 16:05:17.339,Translating あ．．．．．！,43.4,8696.0,36.4,969.5,21,745.0,11543.0,12288.0,45,19.445
2026-04-25 16:05:17.840,Translating あ．．．．．！,50.9,8700.2,36.4,969.5,1,745.0,11543.0,12288.0,45,19.365
2026-04-25 16:05:18.342,Translating すごいすごぉい！,43.2,8685.6,36.3,969.5,7,745.0,11543.0,12288.0,45,19.395
2026-04-25 16:05:18.843,Translating わあそらとぶえんばん！！,45.9,8673.1,36.3,969.5,14,745.0,11543.0,12288.0,45,19.419
2026-04-25 16:05:19.344,Translating わあそらとぶえんばん！！,50.3,8673.8,36.3,969.5,7,745.0,11543.0,12288.0,45,19.299
2026-04-25 16:05:19.846,BubbleTypesetter._typeset,51.4,8630.1,36.1,969.5,1,745.0,11543.0,12288.0,45,19.168
2026-04-25 16:05:20.348,BubbleTypesetter._apply_cleaning,20.2,8630.3,36.1,976.4,15,745.0,11543.0,12288.0,45,19.346
